shop_id,nama_toko,username_shopee,followers,jumlah_produk,rating,rating_baik,rating_normal,rating_buruk,lokasi,official,verified,preferred_plus,response_rate,response_time_detik,cancellation_rate,deskripsi,estimasi_total_orders,estimasi_monthly_orders,estimasi_monthly_revenue_idr
94309880,"Madame Gie Official Shop","madamegieofficial",8516441,279,4.80096,12218347,357803,91871,"KOTA JAKARTA BARAT","Ya","Tidak","Tidak",100,35,0,"Welcome To Madame Gie Official Shop. Everything you need is here, go grab yours! #CantikEkonomis",101344168,2815116,225209280000
62582411,"Maybelline Indonesia Official Store","maybellineindonesia",7569639,182,4.895376,9765930,112329,29474,"KOTA JAKARTA UTARA","Ya","Tidak","Tidak",100,18,0,"Maybelline Indonesia Official Store adalah akun resmi Maybelline New York di Shopee. Maybelline New York adalah merek make-up nomor satu di dunia yang tersedia di lebih dari 100 negara. Maybelline New",79261864,2201718,176137440000
59763733,"Wardah Official Shop","wardahofficial",7314191,601,4.900293,12164888,114619,24823,"KOTA JAKARTA SELATAN","Ya","Tidak","Tidak",100,44,0,"Wardah adalah sebuah brand kecantikan yang peduli dan mengerti keinginan setiap perempuan untuk selalu memiliki perasaan tenang dan nyaman dengan penampilannya. Wardah sebagai pelopor dalam menciptaka",98434640,2734296,218743680000
744873,"TnT Beauty Shop","tntbeautyshop",6847349,6815,4.886723,26826990,331218,93524,"KOTA JAKARTA BARAT","Tidak","Ya","Ya",100,61,1,"OPEN, AUTHENTIC ONLY! ORIGINAL 100%!
☀
Reseller Ok, Dropship Aman (HARUS isi di kolom Dropship)
CHAT di balas 1-1 ->Jam 09.00-18.00
Proses H+1-2 dari transfer
☀
Varian bisa di klik = READY",218013856,6055940,484475200000
48382819,"Belia Cosmetic","beliacosmetic",6182064,4431,4.892506,25181639,268349,59701,"KOTA SURABAYA","Tidak","Ya","Ya",100,534,0,"Shopee Super FMCG Seller Super Award 2021
 Shopee Super FMCG Seller Super Award 2020
 Shopee Top FMCG Seller Super Award 2020
 Shopee Best Customer Experien",204077512,5668820,453505600000
195455930,"SOMETHINC Official Shop","somethinc",5957508,107,4.923625,4926005,34816,6549,"KOTA TANGERANG","Ya","Tidak","Tidak",100,6,0,"Akun ini adalah Official Store SOMETHINC di platform Shopee.
BPOM & HALAL Certified
We created SOMETHINC, because we believe that there is always Somethinc for everyone!
Our promise is to provide the",39738960,1103860,88308800000
255365082,"Scarlett Whitening Official Shop","scarlettofficialshop",5912466,176,4.908117,5970678,54084,12072,"KOTA JAKARTA UTARA","Ya","Tidak","Tidak",100,19,0,"Scarlett Whitening Official Shop adalah akun resmi dari Scarlett Whitening di platform Shopee.

Pengiriman :
- Senin-Sabtu (JNE, JNT & GO-SEND max jam 2 sore)
- Minggu / Tgl Merah (GO-SEND max jam 12",48294672,1341519,107321520000
809769142,"Glad2Glow Official Store","glad2glow.indo",5481373,247,4.878273,7892081,92451,19302,"KAB. TANGERANG","Ya","Tidak","Tidak",100,28,0,"Glad2Glow Official Shop adalah akun resmi brand Glad2Glow di platform shopee. Toko yang menjual semua kebutuhan kulit anda. Mulai dari perawatan kulit berjerawat hingga pelembab, dari pencuci muka hin",64030672,1778630,142290400000
710619388,"The Originote Official Shop","theoriginoteofficial",5317758,53,4.877026,7067130,81809,13987,"KOTA JAKARTA TIMUR","Ya","Tidak","Tidak",100,19,0,"",57303408,1591761,127340880000
72375863,"YOU Beauty Official Store","youbeautyofficial",5146028,77,4.881126,3487202,41912,7999,"KOTA JAKARTA UTARA","Ya","Tidak","Tidak",100,21,0,"Hi BeYOUtygirl!

Y.O.U Beauty Official Store adalah akun resmi milik Y.O.U di platform Shopee. Kami menjamin keaslian seluruh produk yang dijual dan secara resmi sudah memiliki sertifikasi BPOM. 

Pro",28296904,786025,62882000000
380266264,"SKINTIFIC Official Store","skintific_id",4883037,260,4.912847,6591023,47005,12447,"KOTA JAKARTA TIMUR","Ya","Tidak","Tidak",100,16,0,"SKINTIFIC Official Store adalah akun resmi dari SKINTIFIC di platform Shopee. Operational Hours Senin-Minggu 08.00 - 24:00 WIB",53203800,1477883,118230640000
14318452,"Unilever Indonesia Official Shop","unileverindonesia",4380591,9534,4.902123,27907959,319648,108175,"KOTA BEKASI","Ya","Tidak","Tidak",100,13,0,"Unilever Indonesia Official Shop merupakan akun resmi Unilever Indonesia di Shopee. Unilever Indonesia membantu memenuhi kebutuhan konsumen dengan menghadirkan produk berkualitas seperti Pond’s, Dove,",226686256,6296840,503747200000
62583853,"Garnier Indonesia Official Shop","garnierindonesia",4202636,277,4.894202,5475275,66391,20966,"KOTA JAKARTA UTARA","Ya","Tidak","Tidak",100,13,0,"Garnier Indonesia Official Shop
Garnier menjunjung tinggi “GreenScience"" dan “GreenThinking"" sebagai filosofi dasarnya dan alam selalu menjadi sumber inspirasi dan inovasi. Bagi Garnier, kecantikan da",44501056,1236140,98891200000
63984475,"Make Over Official Shop","makeoverofficial",4159059,264,4.913254,3292825,28431,7900,"KOTA JAKARTA SELATAN","Ya","Tidak","Tidak",100,55,0,"Make Over Official Shop 

Make Over is a professional leading cosmetics brand founded in 2010. Make Over always commit and offers you a high quality, in order to fullfil customer expectation. With a w",26633248,739812,59184960000
313054595,"Pinkflash Indonesia Official Shop   ","pinkflashofficialshop",3721059,171,4.858089,4854078,87180,8359,"KAB. TANGERANG","Ya","Tidak","Tidak",100,7238,0,"Selamat datang di Pinkflash Indonesia Official Shop!
Pinkflash Indonesia Official Shop adalah akun resmi dari Pinkflash di platform shopee.

Semua produk Pinkflash ditoko kami adalah produk resmi dan",39596936,1099915,87993200000
63983008,"Emina Official Shop","eminaofficial",3669817,241,4.896176,4001042,43386,7319,"KOTA JAKARTA SELATAN","Ya","Tidak","Tidak",100,60,0,"Emina Official Shop merupakan akun resmi Emina di platform Shopee

Emina, everyday is a chance to play, try new things, shared laughter and happiness. Emina understand that pretty are simple and fun.",32413976,900388,72031040000
129681299,"Hanasui Official Shop","hanasui_official",3513449,158,4.870974,5542364,75598,21999,"KAB. TANGERANG","Ya","Tidak","Tidak",98,2704,0,"HANASUI Official Shop adalah Akun resmi dari HANASUI di Platform Shopee

HANASUI merupakan Brand kosmetik Lokal serta telah memiliki serttifikasi BPOM dan Halal",45119688,1253325,100266000000
62579622,"L'Oreal Paris Indonesia Official Shop","lorealindonesia",3340550,279,4.900366,4658933,54628,18603,"KOTA JAKARTA UTARA","Ya","Tidak","Tidak",100,13,0,"L'oreal Paris Indonesia Official Shop adalah akun resmi dari L'oreal Paris Indonesia di platform Shopee. Hadir di lebih dari 120 negara, L’Oréal Paris tumbuh dari sebuah filosofi: berinovasi dan menaw",37857312,1051592,84127360000
297682305,"BIOAQUA Indonesia Official Shop","bioaquaofficialshop",3238107,121,4.848624,4717525,85558,19264,"KAB. TANGERANG","Ya","Tidak","Tidak",100,91,0,"BIOAQUA Official Shop adalah akun resmi BIOAQUA di Shopee
❤ 100% Original product
❤ Best Price & Good Service
❤ Cash on delivery（COD is available）
❤ HARI KERJA :
Senin - Jumat : 09.00-22.00WIB
Weekend",38578776,1071633,85730640000
80036545,"Azarine Cosmetic Official Shop","azarinecosmetic",3140167,260,4.87806,3486080,41730,8204,"KAB. SIDOARJO","Ya","Tidak","Tidak",100,47,0,"Azarine Cosmetic Official Shop merupakan akun resmi Azarine di Shopee.

Azarine adalah Brand Produk Kecantikan Lokal yang di Produksi Oleh PT. Wahana Kosmetika Indonesia. 

Produk - produk Azarine ter",28288112,785781,62862480000
481522314,"barenbliss Official Shop","barenbliss",2669389,60,4.904792,1788895,18745,4319,"KAB. TANGERANG","Ya","Tidak","Tidak",100,14,0,"barenbliss Official Shop adalah akun resmi barenbliss di Shopee.
""B+N+B"" Philosophy: Bare essentials, Nature Inspired, and Bliss moments.

Visit our Social Media: @barenbliss_id

Chat Operational: 
Se",14495672,402658,32212640000
26177891,"HERMANCOLLECTION","hermancollection",2659972,2312,4.738259,9359162,392015,130411,"KAB. TANGERANG","Tidak","Ya","Ya",100,6961,0,"⭐Herman Collection Official Shop⭐

Herman Collection Official Shop Adalah Suplier dan Distributor Resmi Di Platform Shopee

✔Pelayanan Cepat Dan Fast Respon
✔Barang Hot Item Dan Up To Date
✔Pr",79052704,2195908,175672640000
115276607,"Npure Official Shop","npureofficialshop",2574188,178,4.911616,2793200,20908,3734,"KOTA JAKARTA UTARA","Ya","Tidak","Tidak",100,14,0,"NPURE Official Shop adalah akun resmi NPURE di Plaform Shopee

Follow Shopee NPURE & get 10% off 
Tutorial & review check IG @Npureofficial

Jam Operasional :
Senin - Jumat         = 08:00 - 17:00
Sab",22542736,626187,50094960000
6080165,"distributor.cream.ori","distributor.creamrd.ori",2491704,4205,4.843413,7319946,143998,37228,"KOTA JAKARTA UTARA","Tidak","Ya","Ya",99,3069,0,"PRODUK 100% ORIGINAL
Pengiriman senin - minggu
Pengemasan dlm hari yg sama max order jam 15.00, kecuali overload h+1/h+2
DROPSHIP AMAN
 Komplain sertakan video unboxing, foto produk + label",60009376,1666927,133354160000
186214521,"Guardian Official Shop","guardianofficial",2479717,8866,4.901559,6108157,62270,18941,"KAB. BEKASI","Ya","Tidak","Tidak",100,453,0,"Guardian Official Shop merupakan akun resmi Guardian di Shopee dan merupakan jaringan ritel kesehatan & kecantikan no.1 di Indonesia. Menghadirkan inspirasi untuk kesehatan & kecantikan perempuan Indo",49514944,1375415,110033200000
64474495,"Wings Official Shop","wingsofficialshop",2457714,4579,4.893293,24069817,303093,89503,"KOTA BEKASI","Ya","Tidak","Tidak",100,27,0,"Wings Official Shop adalah akun resmi Wings Indonesia di plattform Shopee.
Kami menyediakan berbagai macam kebutuhan rumah tangga anda  seperti produk kencantikan, makanan, hingga produk pembersih pak",195699304,5436092,434887360000
149205613,"GM Bear Official Shop","gm_bear",2434184,470,4.704207,2887948,149405,41365,"KAB. TANGERANG","Ya","Tidak","Tidak",100,21,0,"GM Bear Official Shop Merupakan Akun Resmi GM Bear di Platform Shopee 

Jam Buka toko:
Senin-Jumat 09.00-18.00
Sabtu 09.00-14.00
Minggu Tutup

Pembayaran Pesanan Sebelum Pukul 14.00 akan dikirimkan di",24629744,684160,54732800000
30736001,"Watsons Indonesia Official","watsonsid",2411144,16523,4.918594,8698342,70667,21484,"KAB. TANGERANG","Ya","Tidak","Tidak",87,4972,0,"Watsons Official merupakan akun resmi milik Watsons Indonesia di platform Shopee.
Watsons Indonesia melayani penjualan produk Kesehatan, Kecantikan, dan Perawatan Tubuh.

Pengaduan pelanggan:
Silakan",70323944,1953443,156275440000
17566419,"MS Glow Indonesia Official Shop","msglowofficialshop",2250208,51,4.890066,2635290,27989,6598,"KOTA JAKARTA SELATAN","Ya","Tidak","Tidak",98,5683,0,"MS Glow Indonesia Official Shop adalah satu-satunya akun resmi MS Glow di Platform Shopee.
Shopee Live on Senin sd Sabtu 11AM to 11.30PM. 
Bisa konsul gratis
Office hour:
Pesanan regular di proses",21359016,593306,47464480000
272426058,"O.TWO.O Official Shop","officialotwoo",2247969,244,4.844559,2069953,41426,9473,"KOTA JAKARTA UTARA","Ya","Tidak","Tidak",100,4099,0,"O.TWO.O adalah brand kecantikan yang berasal dari Cina dan terkenal hingga ke Eropa dan Amerika. O.TWO.O hadir untuk menyediakan produk riasan wajah berkualitas, dengan kemasan yang terlihat elegan ya",16966816,471300,37704000000
39283823,"NIVEA Official Store","nivea.official.store",2226481,897,4.881788,6522551,94105,29905,"KOTA BEKASI","Ya","Tidak","Tidak",100,28,0,"NIVEA Official adalah akun resmi NIVEA Official Indonesia di platform Shopee. Bermula dari NIVEA Creme hingga kini sudah meliputi Perawatan Personal seperti NIVEA Deo, NIVEA Sun, NIVEA Lipcare, NIVEA",53172488,1477014,118161120000
9664631,"StoryofMU","storyofmu",2105757,2756,4.885438,5962056,71291,17926,"KOTA JAKARTA BARAT","Tidak","Ya","Ya",100,49,0,"Welcome to Story of Make-Up shop
One Stop Shopping: MakeUp, SkinCare & Daily Needs 

Semua Produk yang dijual adalah ORIGINAL dan sudah terdaftar BPOM. Beli produk yang sudah ber-BPOM yuk siss :) lebi",48410184,1344727,107578160000
695661253,"DAZZLE ME Official Shop","dazzlemeofficial",2097114,57,4.864784,1968507,31570,4584,"KAB. BEKASI","Ya","Tidak","Tidak",100,13,0,"✨DAZZLE ME Official Shop adalah akun resmi dari DAZZLE ME di platform Shopee.

 Waktu Operasional : Senin - Jum'at || 08.30 - 17.00 WIB",16037288,445480,35638400000
10339663,"Noera By Reisha Official Shop","noerabeautycare",1993328,247,4.87895,1217097,16104,2592,"KAB. BANDUNG","Ya","Tidak","Tidak",98,6525,0,"Noera By Reisha Official Shop merupakan akun resmi di Platform Shopee yang dikelola oleh pusat

READY STOCK

✨Waktu Operasional : 
Senin - Sabtu : 07.00 - 22.00 WIB

✨Hari Libur Nasional tidak ada pen",9886344,274621,21969680000
265593587,"OneFamilyMall","onefamilymall",1949072,2535,4.727282,4106100,184542,67340,"KAB. TANGERANG","Tidak","Ya","Ya",100,222,0,"Selamat Datang ditoko "" One Family Mall "" ‍‍‍
BARANG 99% READY STOCK!
Informasi Toko:
*  Jam Kerja: Senin-Sabtu 09.00 – 18.00 ⏰
*  Resi Di input 1 hari setelah pengiriman.
*  Hari Minggu & Tan",34863856,968440,77475200000
195450779,"Camille Beauty Official Shop","camillebeauty",1908246,32,4.908381,2296865,22051,2548,"KOTA JAKARTA TIMUR","Tidak","Ya","Ya",100,9839,0,"Akun ini adalah Official Store CAMILLE BEAUTY by Nadshavv di platform Shopee

Face and Body Care for all skin types, make it yours now, you’ll be addicted babes!✨

Working Hour:
Monday - Saturday (0",18571712,515881,41270480000
201071840,"Whitelab Official Shop","whitelab",1883287,56,4.895957,3309598,30050,7249,"KOTA JAKARTA UTARA","Ya","Tidak","Tidak",100,21,0,"Selamat Berbelanja di Whitelab Official Shop. Whitelab merupakan rangkaian perawatan kulit dengan kandungan utama terbaik untuk kebutuhan kulitmu!

Seluruh produk pada toko ini 100% asli serta bersert",26775176,743755,59500400000
684531921,"Facetology Official Shop","facetologyofficial",1830158,107,4.898382,2376634,21330,3785,"KOTA TANGERANG","Ya","Tidak","Tidak",58,15148,0,"""Facetology Official Shop"" adalah akun resmi dari Facetology di Platform Shopee.

Jam Oprasional :  Senin - sabtu 10:00-17.00 WIB",19213992,533722,42697760000
177266177,"HAN RIVER Official Shop","han_river_official",1741873,183,4.794897,2120376,66192,16078,"KOTA TANGERANG","Ya","Tidak","Tidak",100,4,1,"HAN RIVER Official Shop adalah akun resmi dari Shopee Indonesia dan paket akan dikirim dalam 1-2 hari, akan memakan waktu sekitar 5-6 hari untuk mencapai lokasi Anda.
Catatan: Dapatkan kupon toko kami",17621168,489477,39158160000
35017261,"Pompurin Store","pompurinstore",1689401,1883,4.809096,5351754,142578,29731,"KOTA SURABAYA","Tidak","Ya","Ya",100,2542,0,"Shopee Top Lifestyle Awards 2021
 Shopee Top Lifestyle Awards 2020
 J&T Express 3rd Seller Top Achievement 2020
 Implora 10 Best Sellers in 2024
 Shopee Top Video Creator Seller - FMCG 2024",44192504,1227570,98205600000
60328369,"Esqa Cosmetics Official Shop","esqacosmetics",1636451,56,4.913445,1544209,15024,5070,"KOTA TANGERANG","Ya","Tidak","Tidak",100,28,0,"ESQA Cosmetics Official Shop adalah akun resmi ESQA Cosmetics di platform Shopee.
ESQA Cosmetics adalah bagian dari program Dikelola Shopee (DS). 
Layanan ini disediakan untuk membantu penjual mempros",12514424,347623,27809840000
241623354,"Cilubaa Grosir","cilubaa.grosir",1588723,1616,4.846349,5705723,109423,23532,"KOTA SURABAYA","Tidak","Ya","Ya",100,3926,0,"❤️ Cilubaa Grosir ❤️

 All Products ORIGINAL 100%
 Resellers, Dropshippers are welcome 
 Chat 09.00 - 21.00
 Pengiriman H+1/H+2 (max H+4 event/overload) 
⚠️ No Extra Bubble No Komplain
 Komp",46709424,1297484,103798720000
555954448,"SKIN1004 Indonesia Official","skin1004officialstore",1578259,134,4.939166,2104828,10610,2826,"KOTA JAKARTA UTARA","Ya","Tidak","Tidak",100,3937,0,"Selamat datang di Official store SKIN1004 Indonesia
✨Delivering you the untouched nature✨

Dikirim langsung dari kantor pusat SKIN1004,di Indonesia.

⛧Merek PERAWATAN KULIT No.1 Korea
⛧100% Asli
⛧Sert",16946112,470725,37658000000
65323877,"Shopee Supermarket","shopeesupermarket",1509587,61950,4.89655,17714999,223074,79029,"KOTA BEKASI","Ya","Tidak","Tidak",100,26,0,"Shopee Supermarket adalah akun resmi dari Shopee Indonesia dan merupakan bagian dari program Service By Shopee (SBS). Layanan ini disediakan oleh Shopee untuk membantu penjual Shopee dalam pemrosesan",144136816,4003800,320304000000
542670804,"Grace and Glow Official Shop","graceandglow.id",1450239,53,4.897672,1685478,17490,3362,"KOTA JAKARTA TIMUR","Ya","Tidak","Tidak",100,15,0,"Grace and Glow Official Shop adalah akun resmi dari Grace and Glow di platform Shopee

Operational Toko Senin - Minggu 10.00 - 23.00
Pengiriman Senin - Sabtu 
Minggu dan Tanggal Merah tidak ada pengir",13650640,379184,30334720000
255024673,"Viva Cosmetics Authorized Store Surabaya","vivacosmetics.surabaya",1409437,289,4.892564,2755623,30411,4456,"KOTA SURABAYA","Ya","Tidak","Tidak",100,3233,0,"Kami adalah akun resmi dari Viva Cosmetics & Red-A di Shopee, sudah bersertifikasi BPOM & Halal.

⏰Jam Buka(WIB):
Senin s/d Jum'at: 8.00-16.00 
Sabtu: 8.00-12.00
(Kecuali hari Minggu/besar/ketentuan t",22323920,620109,49608720000
595003600,"Sea Makeup Official Shop","seamakeup.id",1388170,57,4.910071,1382380,12474,2105,"KOTA JAKARTA BARAT","Ya","Tidak","Tidak",100,11,0,"",11175672,310435,24834800000
600719961,"ELFORMULA Official Shop","elformula.id",1310262,45,4.908578,1095254,7472,1239,"KOTA JAKARTA TIMUR","Ya","Tidak","Tidak",100,6,0,"Elformula Official Shop adalah akun resmi dari Elformula di platform Shopee
Operational Toko Senin - Minggu 10.00 - 23.00
Pengiriman Senin - Sabtu 
Minggu dan Tanggal Merah tidak ada pengiriman.",8831720,245326,19626080000
28053737,"The Body Shop Official","thebodyshopofficial",1259707,409,4.909177,1041376,12879,3874,"KOTA TANGERANG SELATAN","Ya","Tidak","Tidak",100,4227,0,"The Body Shop® Official Store dijalankan oleh PT. Monica Hijau Lestari, selaku satu-satunya Distributor resmi The Body Shop® di Indonesia.

✔️ 100% Original
✔️ Vegetarian & Vegan Products
✔️ Cruelty F",8465032,235140,18811200000
8077122,"Beauty Corner","beautycornerbogor",1246978,5063,4.871401,3199513,47534,11836,"KAB. BOGOR","Tidak","Tidak","Tidak",97,4720,0,"☀ Produk 100% Original dan ada Izin BPOM
☀ OPEN: Senin - Minggu 09.00-17.00
☀ Komplain HARUS Menyertakan video buka paket(Unboxing)
☀ Tidak melayani request ganti variant produk, alamat  pada catatan",26071064,724196,57935680000
932470899,"Unilever Beauty Shop","unileverbeautyshop",1190607,2950,4.862045,4800260,82714,23224,"KOTA BEKASI","Ya","Tidak","Tidak",100,15,0,"Unilever Beauty Shop merupakan toko resmi Unilever Indonesia yang menyediakan produk Unilever di kategori beauty. Berkerjasama dengan mitra penjualan kami, Unilever memastikan originalitas dan kualita",39249584,1090266,87221280000
11487927,"P&G Official Store","pgofficialstore",1184520,2343,4.906894,3103398,35273,13202,"KOTA BEKASI","Ya","Tidak","Tidak",100,9,0,"P&G Official Shop merupakan akun resmi Procter & Gamble Indonesia yang dikelola secara ekslusif oleh Shopee. P&G, perusahaan yang telah membantu jutaan orang di seluruh dunia untuk memiliki hari yang",25214984,700416,56033280000
920406,"TheBeautyHouse","thebeautyhouse",1168533,3948,4.891414,3017147,33372,12062,"KOTA JAKARTA BARAT","Tidak","Ya","Ya",100,4652,1,"JAKARTA, ID
SINCE 2012

YOUR ONLINE BEAUTY DESTINATION 

Kosmetik & skincare (100% ORIGINAL)
❌TIDAK MENJUAL KOSMETIK & SKINCARE PALSU/KW/OPLOSAN❌ 

* Customer harap memberikan penilaian secara bijak,",24500648,680574,54445920000
168693892,"Pixy Official Store","pixyindonesia",1154094,573,4.878291,1214375,16331,5792,"KOTA BEKASI","Ya","Tidak","Tidak",100,27,0,"PIXY Official Shop merupakan akun yang dikelola oleh PT. Shopee Indonesia untuk mendistribusikan Produk PIXY khususnya di platform Shopee. Seluruh produk PIXY dibuat dengan standarisasi kualitas dan t",9891984,274777,21982160000
494896079,"Satu Keluarga Official Shop","satukeluarga.official",1149615,2563,4.717124,2793507,135329,50039,"KAB. TANGERANG","Ya","Tidak","Tidak",100,227,0,"Selamat Datang di Satukeluarga

Satu Keluarga Official Shop adalah akun resmi dari Satu Keluarga di platform Shopee.
Pengiriman akan diproses dari Senin sampai Sabtu. 
Jam operasional : Senin-Sabtu",23831000,661972,52957760000
18102367,"Makarizo Official Shop","makarizo",1111031,287,4.892637,3517020,40934,11133,"KOTA JAKARTA TIMUR","Ya","Tidak","Tidak",100,552,0,"Halo Teman Makarizo! Selamat datang di Makarizo Official Shop! Kami adalah akun resmi dari Makarizo Indonesia di Shopee.

Kami adalah pakarnya rambut yang sudah hadir selama lebih dari 40 tahun di Ind",28552696,793130,63450400000
1112776376,"Scora Official Store","scoraofficial",1090335,92,4.865447,1878786,28293,4079,"KOTA TANGERANG","Ya","Tidak","Tidak",37,15713,0,"Scora Official Shop adalah akun resmi dari SCORA di platform shopee. Waktu operasional : 10.00 - 17.00 WIB",15289264,424702,33976160000
44016624,"JeanShop","jeanbeautyshop",1089046,1708,4.794105,2857143,79637,20040,"KOTA BANDAR LAMPUNG","Tidak","Ya","Ya",97,4087,0,"Langsung di cekout aja ya bestie",23654560,657071,52565680000
65901744,"Unicharm Official Shop","unicharm.id",1080345,1596,4.923859,2173951,15242,5845,"KAB. TANGERANG","Ya","Tidak","Tidak",100,9401,0,"Toko resmi langsung dari Unicharm yang menjual produk MamyPoko, Charm, Lifree, dan Silcot.

Hari dan Jam Operasional: Senin-Sabtu jam 08.30 - 17.30 WIB
Pembayaran sebelum 15:00 WIB diproses dihari yan",17560304,487786,39022880000
402110126,"Pamelo Beauty Shop","pameloofficial",1056062,1078,4.842735,1905071,36726,10882,"KOTA JAKARTA UTARA","Tidak","Ya","Ya",100,6,0,"Welcome to PAMELO OFFICIAL SHOP! ❤️✨
Tempatnya belanja produk beauty 100% ORIGINAL & TERPERCAYA 

 Authorized Reseller & Distributor Resmi
✅ Produk Dijamin Asli
✅ GARANSI UANG KEMBALI kalau terb",15621432,433929,34714320000
267621044,"SAFF & Co. Official Shop","saffnco",988065,59,4.938308,626549,3366,745,"KOTA TANGERANG","Ya","Tidak","Tidak",100,15,0,"SAFF & Co. Official Shop adalah akun resmi dari SAFF & Co. di Platform Shopee.



Jam operasional:
Senin - Jumat 09:00 - 17:00",5045280,140147,11211760000
433144176,"La Roche Posay Official Shop","larocheposayid",983036,434,4.918629,675642,6950,2761,"KOTA BEKASI","Ya","Tidak","Tidak",100,150,0,"La Roche Posay Official Shop adalah akun resmi dari La Roche Posay di platform Shopee. La Roche Posay merupakan merek perawatan kulit dermatological no.1 di dunia, yang di rekomendasikan oleh 90,000 s",5482824,152301,12184080000
7828926,"Money Tree","money_tree",966576,364,4.817135,2331528,65722,11327,"KOTA JAKARTA BARAT","Tidak","Ya","Ya",100,29,0,"",19268616,535239,42819120000
180488924,"Marshwillow Official Shop","marshwillow.official",948451,160,4.851862,657647,12841,1992,"KOTA JAKARTA BARAT","Ya","Tidak","Tidak",71,8740,0,"Marshwillow Cosmetic

Hi Marshee,
Selamat Datang di Marshwillow Official Store!

Happy Shoping and Have A Nice Day!
Xoxo,
Minlove",5379840,149440,11955200000
5139506,"Boss Kosmetik Medan","bosskosmetikmedan",935060,2969,4.727731,5973611,227407,115083,"KOTA MEDAN","Tidak","Ya","Ya",83,8313,1,"Selamat datang di Bosskosmetikmedan
 Akun satu-satu nya yg menjual kosmetik terlengkap di medan guys. 
 Semua tersedia!
 COD tersedia / dibayar di situs!
 Semua pesanan akan dikirim 1-2 har",50528808,1403578,112286240000
3343006,"Clodistore Official Shop","clodistore",872248,2394,4.882219,5941520,74735,19553,"KOTA DEPOK","Tidak","Ya","Ya",99,4849,0,"SEBAGIAN KEUNTUNGAN UNTUK WAKAF PENDIDIKAN
✅PERUSAHAAN PRODUSEN CLODI&KEBUTUHAN BAYI
✅PRODUK SELEKTIF,GOGREEN,ORGANIK,HALAL,IJIN BPOM/PIRT,SNI
✅PACKAGING GRATIS&STANDART KEMAS TINGGI
✅BUKA SETIAP HA",48286464,1341291,107303280000
52917348,"Laneige Official Shop","laneigeofficialshop",858036,354,4.923936,445655,4171,2153,"KOTA BEKASI","Ya","Tidak","Tidak",100,12,0,"Welcome to Laneige Official Shop.
Laneige Official Shop merupakan akun resmi milik Laneige Indonesia di platform Shopee. Seluruh produk yang dijual merupakan produk yang sudah teregistrasi, diimpor la",3615832,100440,8035200000
63823668,"Safi Official Shop","safiofficialstore",842374,212,4.890196,1473345,17755,3827,"KOTA JAKARTA BARAT","Ya","Tidak","Tidak",100,25,0,"Safiofficialstore adalah akun resmi dari Safi Indonesia

Selamat berbelanja di toko kami!",11959416,332206,26576480000
138850166,"Senka by FineToday Official","senkaid",827847,53,4.889406,648026,7962,4287,"KOTA TANGERANG","Ya","Tidak","Tidak",100,10,0,"Senka Official Shop adalah akun resmi SENKA INDONESIA di platform Shopee.
Senka adalah Brand pembersih wajah asal Jepang dengan bahan berkualitas untuk kulit cantik alami.
Senka hadir dengan menawarka",5282200,146728,11738240000
438891817,"Philips Official Shop","philipsofficialshop",813051,212,4.914338,717975,5961,1818,"KOTA JAKARTA UTARA","Ya","Tidak","Tidak",100,24,0,"Philips Official Shop adalah akun resmi dari Philips di Platform Shopee.
inovasi dan teknologi yang membantu Anda hidup lebih sehat, bahagia dan bermakna. 

Jam Operasional : Senin - Jumat ( 09:00 - 1",5806032,161279,12902320000
899001669,"Baisisi Official Store","baisisiofficial",813023,70,4.853597,572071,12330,2023,"KOTA JAKARTA UTARA","Ya","Tidak","Tidak",100,85,0,"Halo
Selamat datang di toko BAISISI official, kami menjanjikan pengembalian uang 100% untuk semua masalah produk, jangan khwatir untuk berbelanja!",4691392,130316,10425280000
45687268,"The Salon Shop_Salon Supplier","thesalonshop",799394,3919,4.831557,2562097,51843,17438,"KOTA SURABAYA","Tidak","Ya","Ya",100,3166,0,"THESALONSHOPSURABAYA,
(Sejak 2011), Dipengampon Surabaya

Toko alat dan kebutuhan kecantikan ujung rambut sampai ujung kaki , meliputi skin care, makeup, sabun, lotion, shampo untuk Professional salon",21051024,584751,46780080000
304569394,"gogoland.id","gogoland.id",795434,2214,4.695548,2406392,120225,48127,"KAB. TANGERANG","Tidak","Ya","Ya",100,977,0,"SELAMAT DATANG DI GOGOLAND 

OPENING NEW SELLER PENAWARAN TERBAIK BISA DAPATKAN DI TOKO KAMI 
❤ Kami adalah supplier/Distributor Fashion Pria & Wanita Kulitas Import
❤ Nikmati dan klaim vocher y",20597952,572165,45773200000
856580029,"Finally Found You Official Store","finallyfoundyou.id",777740,250,4.926767,629748,3997,649,"KOTA TANGERANG","Ya","Tidak","Tidak",98,5875,0,"Finally Found You Official Store adalah akun resmi dari Finally Found You di platform Shopee. Operational Hour : Senin- Minggu (jam 09.00 - jam 17.00) WIB",5075152,140976,11278080000
156582062,"Precious Skin Official Shop","preciouswhite_id",735739,121,4.839747,592403,11011,1830,"KOTA JAKARTA TIMUR","Ya","Tidak","Tidak",89,6849,0,"Precious Skin Thailand

Precious Skin Official Shop adalah akun resmi dari Precious Skin Thailand di platform Shopee. 
Merupakan Best no.1 Skin Solution

#brightyourpreciousskin
>>Ikuti Official Store",4841952,134499,10759920000
404429429,"COSRX Indonesia Official Shop","cosrxindonesia",721253,160,4.940845,834630,3933,834,"KAB. TANGERANG","Ya","Tidak","Tidak",100,27,0,"Selamat datang di akun resmi COSRX Indonesia Official Shop di platform Shopee!
COSRX adalah brand skincare favorit dari Korea Selatan yang menyediakan rangkaian produk untuk mengatasi berbagai masalah",6715176,186533,14922640000
73266191,"Godrej Indonesia Official Shop","godrejindonesia",705907,1322,4.874484,2842755,46312,15934,"KOTA BEKASI","Ya","Tidak","Tidak",100,27,0,"Godrejindonesia adalah akun resmi dari Godrej Indonesia dan merupakan bagian dari program Service By Shopee (SBS). Layanan ini dikelola oleh Shopee untuk membantu penjual Shopee dalam pemrosesan pesan",23240008,645556,51644480000
310417610,"Trueve Official Shop ","trueve.id",705704,78,4.906363,681610,5268,1147,"KOTA JAKARTA UTARA","Ya","Tidak","Tidak",100,18,0,"Selamat datang di Trueve Official Shop.

Seluruh produk pada toko ini 100% asli serta bersertifikasi BPOM & Dermatologically Tested.

Selamat berbelanja di toko kami!
Operational hours: Senin-Jumat ja",5504200,152894,12231520000
12803922,"Biotalk Official Shop","biotalk.id",681942,141,4.892009,1138636,12791,2115,"KOTA JAKARTA BARAT","Ya","Tidak","Tidak",100,1965,2,"Biotalk Official Shop adalah akun resmi dari Biotalk di platform Shopee. Biotalk menyediakan produk personal care berbahan natural tanpa SLS/SLES yang aman bagi kulit Eksim, Psoriasis, dan Sensitif",9228336,256343,20507440000
107395930,"Pretty Mart","tmall1688.id",680998,63,4.77491,1451971,51910,12409,"KOTA JAKARTA BARAT","Tidak","Ya","Ya",100,42,0,"?",12130320,336953,26956240000
33221984,"Eileen Grace Official Shop","eileengrace.id",658310,13,4.903209,243649,2303,499,"KOTA BEKASI","Ya","Tidak","Tidak",99,979,0,"Eileen Grace Official Shop adalah akun resmi dari Eileen Grace di platform Shopee. 
Operational Hours : Senin – Jumat (09.00-17.00)
Eileen Grace merupakan merk perawatan kulit terbaik dan terlaris di",1971608,54767,4381360000
324706771,"BREYLEE Indonesia Official Shop","breyleeindonesia",652841,129,4.866387,808247,11561,2052,"KOTA JAKARTA BARAT","Ya","Tidak","Tidak",100,101,0,"Breylee Indonesia Official Shop merupakan akun resmi dari BREYLEE di platform shopee dan menyediakan produk skincare wajah dengan BPOM.
Jam Operational Toko :  Senin - Sabtu 09.00 - 18.00 (Khusus Sabt",6574880,182636,14610880000
50708029,"Kenvue Official Shop","kenvueid",638492,543,4.91262,1757344,17794,5632,"KOTA BEKASI","Ya","Tidak","Tidak",100,9,0,"Johnson & Johnson Official Shop adalah akun resmi Johnson & Johnson Indonesia di platform Shopee. 
Johnson & Johnson Indonesia berdiri sejak tahun 1973 dan bergerak di empat sektor bisnis yang  berbed",14246160,395727,31658160000
108371280,"Morris Parfume Official Shop","morrisparfume",636008,242,4.840008,989960,21829,5111,"KAB. TANGERANG","Ya","Tidak","Tidak",100,28,0,"Selamat datang di Morris Parfume Official Shop 
Akun resmi Morris Parfume di Shopee 

 Jam Operasional:
Senin–Jumat 08.00–17.00 | Sabtu–Minggu 09.00–12.00
(Tanggal merah ❌ tidak ada pengiriman)",8135200,225978,18078240000
570849887,"ISWHITE Official Shop","iswhite.official",629393,98,4.869955,366715,5008,738,"KOTA JAKARTA TIMUR","Ya","Tidak","Tidak",100,4039,0,"ISWHITE Official Shop adalah akun resmi dari ISWHITE di platform Shopee
Operational Hours: 08.00 - 01.00

Pengiriman :
Senin - Sabtu 
Hari Minggu / tanggal merah tidak ada pengiriman",2979688,82769,6621520000
742861408,"PW PERFECT WHITE Official Store","perfectwhiteofficial",614103,81,4.826662,697050,14324,1964,"KAB. SLEMAN","Ya","Tidak","Tidak",100,270,0,"PW Perfect White Official Store adalah akun resmi dari Perfect White di platform Shopee.
BPOM Certified, Formulated by Dermatologyst.
Local Brand Indonesia",5706704,158520,12681600000
129461339,"Natur-E Official Shop","natureofficial",604331,207,4.893337,579986,6227,1327,"KOTA TANGERANG","Ya","Tidak","Tidak",100,20,0,"Natur-e Official Shop adalah akun resmi dari Natur-e di platform Shopee",4700320,130564,10445120000
78838801,"NATURE REPUBLIC OFFICIAL","naturerepublicofficialstore",603163,92,4.9371,641994,3450,419,"KOTA JAKARTA PUSAT","Ya","Tidak","Tidak",98,2941,0,"Nature Republic Official Store adalah akun resmi Nature Republic di platform Shopee
Jam Operasional : 09.00 s/d 17.00 
Pengiriman Senin - Jumat
Sabtu-Minggu dan Hari Libur Tidak ada pengiriman tetapi",5166904,143525,11482000000
230677444,"Cressindo Official Shop","cressindoofficial",603107,87,4.824154,791625,17260,3539,"KOTA JAKARTA UTARA","Ya","Tidak","Tidak",100,761,0,"Welcome to Our Store ❤  (  BPOM & HALAL Certified )
 Cressindo Official Shop adalah akun resmi dari Cressindo di platform Shopee. 
Pengiriman  
-Senin - sabtu ( minggu tidak ada pengiriman )

RESI UPD",6499392,180539,14443120000
11245823,"Mustika Ratu Official Shop","ptmustikaratu",594201,224,4.897801,709927,7455,1798,"KOTA JAKARTA BARAT","Ya","Tidak","Tidak",100,25,0,"Mustika Ratu Official Shop merupakan akun resmi dari PT Mustika Ratu Indonesia. Seluruh produk yang dijual merupakan produk halal dan 100% ORIGINAL. Kualitas produk dari Mustika Ratu telah sesuai deng",5753440,159818,12785440000
61751874,"Rosé All Day Cosmetics Official Shop","roseallday.co",576099,93,4.935577,532725,3733,896,"KOTA DEPOK","Ya","Tidak","Tidak",100,3339,0,"Hi, we are official store of Rosé All Day Cosmetics in Shopee! 
✨Semua barang ready.
 Chat dibalas Senin - Jumat pada jam 09:00 - 17:00.
 Order akan di proses Senin - Jumat.",4298832,119412,9552960000
431031985,"Azzura Official Shop","azzuraofficialshop",575443,197,4.845921,1128651,21234,3845,"KOTA BEKASI","Ya","Tidak","Tidak",100,34,0,"Azzura Official Shop adalah akun resmi Azzura di Shopee Indonesia dan merupakan bagian dari program Service By Shopee (SBS). Layanan ini disediakan oleh Shopee untuk membantu penjual Shopee dalam pemr",9229840,256384,20510720000
224957239,"Edit by Sociolla","editbysociolla",572182,2154,4.935794,551562,3327,673,"KAB. TANGERANG","Ya","Tidak","Tidak",100,47,0,"Edit by Sociolla adalah akun resmi dari Outlet by Sociolla di platform Shopee.

Menawarkan produk kecantikan dengan jaminan: 100% Authentic | 100% BPOM | Specially Curated

Waktu operasional: 09.00 -",4444496,123458,9876640000
600850936,"Acnaway Official Shop","acnaway.id",569236,39,4.880455,1063767,13224,1628,"KOTA JAKARTA TIMUR","Ya","Tidak","Tidak",100,28,0,"ACNAWAY Official Shop adalah akun resmi dari ACNAWAY di platform Shopee
Operational Toko Senin - Minggu 10.00 - 23.00
Pengiriman Senin - Sabtu 
Minggu dan Tanggal Merah tidak ada pengiriman.",8628952,239693,19175440000
539721608,"MAANGE Official Store","maangeauthorisedstore",563771,181,4.872487,1113704,18942,3529,"KAB. TANGERANG","Ya","Tidak","Tidak",100,7288,0,"MAANGE Indonesia Shop adalah akun resmi MAANGE ID Shopee. Didirikan pada tahun 2008, Guangzhou MAANGE Cosmetics Co, Ltd mengkhususkan diri dalam pembuatan kuas makeup dan alat rias spons dll.

1. Jam",9089400,252483,20198640000
127651884,"BLP Official Store","blpbeauty",555483,130,4.940188,391462,2550,366,"KAB. BOGOR","Ya","Tidak","Tidak",100,3723,0,"● Akun resmi dari BLP Beauty di platform Shopee

● Ketentuan Jadwal Pengiriman:
i) Pengiriman Reguler dilakukan setiap hari Senin-Jumat. Proses pengemasan 1-2 hari kerja
ii) Pengiriman Instant & Same",3155024,87640,7011200000
313431312,"OHSOME Beauty Official Store","ohsomebeauty",552497,500,4.905977,533213,5509,1011,"KAB. TANGERANG","Ya","Tidak","Tidak",100,222,0,"",4317864,119941,9595280000
1425254995,"TimePhoria Official Store","timephoria_id",537119,50,4.910354,606096,7197,1430,"KAB. TANGERANG","Ya","Tidak","Tidak",100,28,0,"TimePhoria is a modern and avant-garde beauty brand. The brand takes high-quality products as its core, adding the most popular fashion elements and a sense of the future.
Operational Hours Senin-Ming",4917784,136605,10928400000
181776360,"ecentio Store Surabaya","ecentio.store.surabaya",534442,14,4.806246,483876,14118,3440,"KAB. BEKASI","Ya","Tidak","Tidak",100,3,0,"Selamat datang di Toko ecentio Authorized Store Surabaya，ecentio didirikan oleh ecentio Official Shop di shopee.  

 Kami adalah toko resmi ecentio platform Surabaya. 

Follow toko kami dan dapatkan d",4011472,111430,8914400000
78713320,"ROHTO Official Shop","rohtoofficialshop",525814,428,4.908455,770531,7000,1438,"KAB. TANGERANG","Ya","Tidak","Tidak",100,5903,0,"ROHTO OFFICIAL SHOP adalah akun resmi dari Rohto di platform Shopee.
Rohto Laboratories Indonesia merupakan perusahaan yang berpusat di Osaka Jepang yang menciptakan produk kesehatan & perawatan denga",6231752,173104,13848320000
344023672,"Truetoskin Official Shop","truetoskin",503769,51,4.894853,385950,4530,850,"KOTA TANGERANG","Ya","Tidak","Tidak",97,6552,0,"True to Skin Official Shop adalah akun resmi True to Skin di platform Shopee 

True to Skin is a clean and minimalist local skincare brand. 
Our concept is based on single active ingredient boosted wi",3130640,86962,6956960000
382220233,"SELLERTERMURAHTERPECAYA","sellertermurahterpecaya",503535,2536,4.741193,1523684,63601,20728,"KAB. TANGERANG","Tidak","Tidak","Tidak",100,7122,0,"SELLER TERMURAH TERPECAYA

Kami menjual berbagai macam barang dan dijamin dengan harga termurah.

 Pengiriman tercepat kurang dari 24 jam
 Resi di input 1 x 24 jam dari pengiriman
 Chat di b",12864104,357336,28586880000
33566449,"Studio Tropik Official Shop","studio.tropik",499512,39,4.937999,348252,1760,213,"KAB. BOGOR","Ya","Tidak","Tidak",100,7880,0,"Studio Tropik Official Shop adalah akun resmi Studio Tropik di Shopee.

Proses Pengiriman di hari Senin-Jum'at (tidak termasuk tanggal merah) Konfirmasi sebelum Pkl 12.00 WIB dikirim di hari yg sama.",2801800,77828,6226240000
114789399,"Avecca Official Shop","aveccaofficialshop",494472,4369,4.870306,583537,8821,1724,"KOTA TANGERANG","Ya","Tidak","Tidak",53,4048,3,"Avecca Official Shop adalah akun resmi dari Avecca di platform Shopee.
- Setiap Komplain harus menyertakan VIDEO unboxing, tanpa Video Unboxing komplain tidak akan diterima !!!
- Produk Dijamin 100% O",4752656,132018,10561440000
6936785,"Dettol, Veet, Vanish & Harpic Store","dettolvanishharpic",489710,1145,4.907362,1169298,13927,4558,"KOTA BEKASI","Ya","Tidak","Tidak",100,13,0,"dettolvanishharpic adalah akun resmi dari Dettol dan merupakan bagian dari program Service By Shopee (SBS). Layanan ini dikelola oleh Shopee untuk membantu penjual Shopee dalam pemrosesan pesanan sert",9502264,263952,21116160000
44277832,"Remington Indonesia Official Shop","remingtonofficial",485811,57,4.899346,192258,2279,761,"KOTA BEKASI","Ya","Tidak","Tidak",100,5942,0,"Remington Indonesia Official Shop adalah akun resmi dari REMINGTON INDONESIA di platform Shopee

Waktu Operasional Toko
Senin - Jumat, 8.30 Sampai 17.00
Sabtu, 8.30 - 13.00
MINGGU & TANGGAL MERAH TIDA",1562384,43400,3472000000
3948077,"mnccosmetic","mnccosmetic",485207,3801,4.778737,4501202,133084,50750,"KOTA MEDAN","Tidak","Ya","Ya",89,6309,0,"Toko mnccosmetic hanya official berjualan di shopee.
Tidak tersedia di platform lain. 
Hati2 dengan toko yg mengatasnamakan toko kami di platform lain.

Pengiriman di usahakan 1x24 jam. 
JIKA ADA PERT",37480288,1041119,83289520000
260166994,"CARESO Official Shop","careso",480037,234,4.90033,507263,5888,1393,"KOTA JAKARTA PUSAT","Ya","Tidak","Tidak",83,8831,0,"CARESO Official Shop adalah akun resmi CARESO di platform Shopee. 

Semua produk kami di jamin Halal, Cruelty Free dan di registerasi di bawah BPOM/KEMENKES.

IG : @careso.official

Operational Hours",4116352,114343,9147440000
168925122,"Brasov Official Shop","brasovofficial",478080,258,4.846275,732968,14500,3013,"KOTA JAKARTA BARAT","Ya","Tidak","Tidak",99,95,0,"BRASOV Official Shop adalah akun resmi dari BRASOV di platform Shopee.
Jam Operasional Toko:
Setiap Hari : 08.00 - 17.00",6003848,166774,13341920000
152265541,"Marina Official Shop","marina_official_store",476458,150,4.90228,682549,7069,2104,"KOTA JAKARTA TIMUR","Ya","Tidak","Tidak",93,2588,0,"Marina Official Shop merupakan toko resmi dari produk Marina. Marina adalah sahabat perempuan Indonesia dalam berbagai kategori produk dengan formulasi yang teruji klinis dan mengandung bahan natural.",5533776,153716,12297280000
83981123,"agapecollection","agapecollection",453724,1106,4.853042,2381419,43140,18716,"KOTA BANDUNG","Tidak","Ya","Tidak",84,4682,1,"PRODUK KAMI ADALAH 100 % ASLI ORIGINAL. KAMI ADALAH DISTRIBUTOR ATK BANDUNG , YANG KAMI JUAL DI MARKETPLACE HANYA YANG DAPAT KAMI JUAL ECERAN. UNTUK KEBUTUHAN KARTON / GROSIR / RESELLER, DAPAT MENGHUB",19546200,542950,43436000000
226760579,"Oh My Skin Official Shop","ohmyskin.official",432256,44,4.868928,236918,3576,404,"KAB. PATI","Ya","Tidak","Tidak",99,5886,0,"Oh My Skin Official Shop merupakan akun resmi dari Oh My Skin! di platform Shopee.

Waktu operasional: Senin-Sabtu Pkl 08.00-16.00 WIB

Stock produk yang tertera ready stock yaa. Happy Shopping, Besti",1927184,53533,4282640000
124549994,"Mineral Botanica Official Shop","mineralbotanicaofficialshop",431254,137,4.862995,479740,7719,1457,"KOTA JAKARTA UTARA","Ya","Tidak","Tidak",100,163,0,"Mineral Botanica Official Shop adalah akun resmi dari Mineral Botanica di Platform Shopee.
Order di sabtu-minggu dan hari libur akan diproses di Senin/ hari kerja.

Mineral Botanica is an Indonesian B",3911328,108648,8691840000
697623782,"MGG SKIN","mggskin",414871,17,4.861747,247927,3814,495,"KAB. SIDOARJO","Tidak","Ya","Tidak",99,4404,0,"MGGSKIN Official Account's

BPOM APPROVED✅

IG : @mggskin",2017888,56052,4484160000
41005244,"Raecca Beauty Care Official ","raeccaofficial",411477,261,4.884167,322963,4371,655,"KOTA BANDUNG","Ya","Tidak","Tidak",72,10175,0,"Raecca Beauty Care Official adalah akun resmi dari Raecca Beauty Care di platform Shopee.",2623912,72886,5830880000
1192945801,"Judydoll Official Store","judydoll.indonesia",397972,81,4.915173,298885,3398,794,"KOTA JAKARTA UTARA","Ya","Tidak","Tidak",100,1610,0,"Judydoll Official Store adalah akun resmi dari Judydoll di platform Shopee. 

Global Sensation Make Up inspired from the Vibrant Shanghai.

Daily make up made easy and youthful.
 100% BPOM
 100% O",2424616,67350,5388000000
1606188,"Pratista Official Shop","pratista_id",392127,63,4.881408,337441,3804,505,"KOTA DEPOK","Ya","Tidak","Tidak",100,1269,0,"Pratista Official Shop adalah akun resmi dari Pratista di platfrom shopee.

** Senin - Jum'at : 08.00 - 16.00
** Sabtu : 08.00 - 15.00
** Minggu/ tgl merah kami libur pengiriman.
** Masa Pengemasan 1-",2734000,75944,6075520000
131426439," Just Miss Official Shop","justmiss.id",389501,112,4.878208,410256,5991,1196,"KAB. TANGERANG","Ya","Tidak","Tidak",100,39,0,"Just Miss Official Shop adalah akun resmi dari Just Miss di platform Shopee

✅ Semua produk kami READY Stok
 Bisa Bayar di Tempat (COD) 
⏰ Jadwal buka toko: Senin-Minggu jam 8-5 
 Lama Pengiriman:",3339544,92765,7421200000
39323272,"fleuri","fleuribeaute",388420,216,4.785,1217229,37565,8184,"KOTA SURABAYA","Tidak","Ya","Ya",90,4705,0,"Ready, Set, BEAUTY!
Follow  @fleuribeaute
100% ORIGINAL PRODUCT
READY STOCK
Fast Respons + Fast Delivery
We accept DROPSHIP (please leave a message in the note)

Admin working hours = 
Mon",10103824,280662,22452960000
150222332,"SYB Official Shop","sybofficial",382408,324,4.821133,494404,12450,2361,"KOTA SURABAYA","Ya","Tidak","Tidak",99,8768,0,"SYB Official Shop adalah akun resmi dari SYB Official di Platform Shopee.
SYB adalah brand produk personal care/skin care, cocok bagi insan yang peduli terhadap kecantikannya, SYB aman dan nyaman kare",4073720,113159,9052720000
87869551,"Roro Mendut Skin Official Shop","pabrikroromendut",361878,151,4.860932,320158,4697,780,"KOTA YOGYAKARTA","Ya","Tidak","Tidak",98,6660,0,"Roro Mendut Skin Official Shop adalah akun resmi Roro Mendut Skincare di platform Shopee. Roro Mendut Skincare adalah brand skincare lokal dengan bahan-bahan asli pertanian Indonesia dan juga memiliki",2605080,72363,5789040000
255757415,"Miniso Beauty Official Shop","minisobeauty",361612,391,4.883994,94316,1331,279,"KOTA JAKARTA UTARA","Ya","Tidak","Tidak",100,1270,0,"MINISO is a lifestyle product retailer, offering high quality household goods, cosmetics and food at affordable prices. 

Founder and CEO Ye Guofu gained inspiration for MINISO while on vacation wit",767408,21317,1705360000
127156054,"Bio Beauty Lab Official Shop","biobeautylab",354084,119,4.949582,346283,1510,285,"KOTA JAKARTA UTARA","Ya","Tidak","Tidak",98,3719,1,"Bio Beauty Lab Official Shop adalah akun resmi dari biobeautylab di platform shopee.

pengiriman : 
- senin - sabtu ( JNT & GO-SEND ) 
- minggu & tanggal merah ( open GO-SEND max jam 12 siang ) 

happ",2784624,77351,6188080000
56759379,"Brunbrun Paris Official Shop","brunbrun.paris",354044,17,4.872263,98016,1636,395,"KOTA TANGERANG","Ya","Tidak","Tidak",97,838,0,"Brunbrun Paris Official Shop adalah akun resmi dari Brunbrun Paris di Platform Shopee dan merupakan bagian dari program Service By Shopee (SBS). Layanan ini dikelola oleh Shopee untuk membantu penjual",800376,22233,1778640000
26738823,"RINNA DIAZELLA Official Shop","grosir_cream_rd",345492,163,4.812887,891154,19915,6975,"KOTA SURABAYA","Tidak","Ya","Tidak",100,4427,0,"RINNA DIAZELLA Official shop merupakan akun resmi RINNA DIAZELLA di platform Shopee.
Waktu Operasional : 
Senin sd Minggu, 09.00 - 17.00 
Pengiriman dilakukan setiap Senin sd Minggu pukul 16.00.
Open",7344352,204010,16320800000
38631574,"Natur Official Store","backtonatur",342158,134,4.869966,446100,7176,1575,"KOTA JAKARTA TIMUR","Ya","Tidak","Tidak",98,181,0,"NATUR Official Store merupakan akun resmi PT. Gondowangi Tradisional Kosmetika di Shopee. Kami menyediakan berbagai macam produk perawatan rambut dengan mengusung konsep ""Back to Nature, Alami Lebih B",3638808,101078,8086240000
1102758398,"Mlen Diary Official Store","mlendiary.official.id",328911,72,4.905807,349651,4232,1030,"KAB. TANGERANG","Ya","Tidak","Tidak",100,17,0,"Mlen Diary Official Store adalah Akun Resmi Dari Mlen Diary di Platform Shopee 
Mlen Diary adalah merek bulu mata global Visi kami adalah menyediakan solusi kecantikan bulu mata yang dipersonalisa",2839304,78870,6309600000
1350243576,"3CE Official Store","3ceindonesia",323056,59,4.920358,106135,1139,372,"KOTA JAKARTA UTARA","Ya","Tidak","Tidak",100,29,0,"3CE Official Store adalah akun resmi 3CE di Shopee.
Anda bisa berbelanja kapan saja karena toko kami beroperasi 24 jam.",861168,23921,1913680000
311304946,"Miranda Official Shop","mirandahaircare",317600,129,4.886724,369284,5288,1138,"KOTA JAKARTA BARAT","Ya","Tidak","Tidak",100,24,0,"Miranda Official Shop adalah akun resmi dari MIRANDA Hair Care di platform Shopee, menyediakan berbagai produk perawatan & kecantikan rambut Miranda® dan For Him by Miranda®.
#BeautifulHairEveryday

W",3005680,83491,6679280000
35456928,"HargaOkay","hargaokay",315045,1463,4.750454,1080551,45267,13287,"KAB. TANGERANG","Tidak","Ya","Ya",100,7618,0,"*SEBELUM KOMENT JELEK DAN RATING BINTANG 1 TOLONG KOMPLAIN TERLEBIH DAHULU SUPAYA BISA PROSES GANTI RUGI DAN SERTAKAN VIDEO UNBOXING TERIMA KASIH 

⭐HARGAOKAY Official Shop⭐
HARGAOKAY Official S",9112840,253134,20250720000
51673645,"BEAUTIFUL SHOP 2","beautifulshop2",312758,610,4.723665,1413207,65473,16155,"KOTA DEPOK","Tidak","Ya","Ya",94,3739,0,"TERIMA KASIH TELAH BERKUNJUNG DAN BERBELANJA DI TOKO BEAUTIFUL SHOP

HAPPY SHOPPING !!!",11958680,332186,26574880000
240712269,"Fast Beauty Official Shop","fastbeautyid",293534,381,4.911639,221358,2139,566,"KOTA JAKARTA UTARA","Ya","Tidak","Tidak",99,12997,0,"Fast Beauty Official Shop
Welcome to Fast Beauty Official Shop. Fast Beauty Official Shop merupakan akun resmi milik Fast Beauty Indonesia di platform Shopee. Seluruh produk yang dijual merupakan prod",1792504,49792,3983360000
1021981712,"gouté Official Store","goute.id",284807,32,4.889475,376572,4785,781,"KOTA JAKARTA UTARA","Ya","Tidak","Tidak",100,16,0,"Be bold. Be expressive. Be confident.
#GouWithIt",3057104,84920,6793600000
667816486,"KÉRASTASE Official Shop","kerastaseofficialshop",283152,101,4.922234,100325,969,613,"KAB. BEKASI","Ya","Tidak","Tidak",100,2037,0,"Kérastase Official Shop adalah akun resmi dari Kérastase di platform Shopee.
Kérastase adalah brand perawatan rambut professional luxury terkemuka di dunia. 
Dapatkan produk perawatan rambut & kulit k",815256,22646,1811680000
78892667,"Enesis Official Shop","enesisofficialshop",271809,590,4.925584,868146,7220,2340,"KOTA BEKASI","Ya","Tidak","Tidak",100,27,0,"Enesis Official adalah akun resmi Enesis Group dan merupakan bagian dari program Service By Shopee (SBS). Layanan ini dikelola oleh Shopee untuk membantu penjual Shopee dalam pemrosesan pesanan serta",7021648,195046,15603680000
536763597,"Pyary Herbal Shop","pyaryherbal.official",271616,35,4.888674,297368,3160,468,"KAB. TEMANGGUNG","Ya","Tidak","Tidak",99,4505,0,"Pyary Herbal Shop merupakan Distributor resmi PYARY dari 
PT Sanobar , yang berlokasi di Temanggung Jawa Tengah Indonesia yang sudah tersertifikasi resmi BPOM dengan No. NA17190500010 dengan varian pr",2407968,66888,5351040000
134089202,"Bioderma Official Shop","biodermaofficialstore",269536,82,4.940619,133222,758,341,"KOTA JAKARTA BARAT","Ya","Tidak","Tidak",100,18,1,"Bioderma Official adalah akun resmi Bioderma Indonesia di platform Shopee. 
Bioderma merupakan dermo-kosmetik asal Perancis yang telah memiliki pengalaman lebih dari 35 tahun mendampingi dokter kulit",1074568,29849,2387920000
550142820,"GENTLY Official Store","gentlyindonesia",259054,65,4.907118,549671,3978,657,"KAB. BEKASI","Ya","Tidak","Tidak",100,1602,0,"GENTLY Official Store adalah akun resmi dari GENTLY di platform Shopee. Waktu operasional: Senin - Jumat (08.00 - 17.00) dan Sabtu  (08.00 - 12.00)",4434448,123179,9854320000
228896111,"Lae Sa Luay Official Shop","laesaluayindonesia",256470,57,4.856848,232261,4034,543,"KOTA JAKARTA TIMUR","Ya","Tidak","Tidak",85,7299,0,"Lae Sa Luay No.1 Your Hair Care Solution
Lae Sa Luay Official Shop adalah akun resmi dari Lae Sa Luay di platform Shopee. 
Merupakan Best no.1 Hair Treatment

#startyourjourneywithlsl

>>Ikuti Officia",1894704,52631,4210480000
138164542,"Sariayu Martha Tilaar Official Shop","sariayu_marthatilaar",252193,284,4.899324,256447,2694,614,"KOTA JAKARTA TIMUR","Ya","Tidak","Tidak",100,5879,0,"Sariayu Martha Tilaar Official Shop adalah akun resmi dari Sariayu Martha Tilaar di Platform Shopee. 
Jam operational Toko : Senin s/d Jumat, Jam 8.00 - 16.30 WIB. Hari Sabtu, Minggu, Tanggal Merah :",2078040,57723,4617840000
5981492,"CKK OFFICIAL","ckkofficial",251580,477,4.798806,806274,25277,7633,"KAB. TANGERANG","Tidak","Ya","Ya",98,6932,0,"WELCOME TO CKK OFFICIAL 

Semua Barang Ready stok ya , jadi silahkan diorder ya kaka

PERHATIAN !!!
       Kami adalah supplier / distributor dari Jakarta.
       Jika barang yang diterima",6713472,186485,14918800000
18163317,"FAVO.id Official Store","favo.official",246159,3025,4.893915,1181769,13791,3495,"KOTA JAKARTA SELATAN","Ya","Tidak","Tidak",100,5092,0,"Apapun kebutuhan esensial Anda, kami siap mempersembahkan yang terbaik. Nikmati manfaat dari produk-produk andalan kami, mulai dari suplemen kesehatan, produk pasutri, serta perawatan tubuh, wajah, da",9592440,266457,21316560000
491338237,"Tian & Yi","tianyistore",246147,2182,4.771402,1450914,54832,18407,"KAB. TANGERANG","Tidak","Ya","Ya",100,6010,0,"⚜️  WELCOME TO TIAN & YI   ⚜️
Akun Resmi Suplier dan Distributor Termurah Di Platform Shopee
Alasan Mengapa Harus Belanja Di Toko Kami:
Packing aman dan rapi 
Toko buka setiap hari full time",12193224,338701,27096080000
67964061,"alatsulam.inc","alatsulam.inc",244452,286,4.880854,802109,12228,3332,"KOTA TANGERANG","Tidak","Ya","Ya",100,780,0,"Supplier eyelash extension dan alat sulam termurah

Semua barang kita 100% original ya sis 
 
 Jam operasional kami dari 08.00-17.00 (Senin-Jumat).

 Sabtu dan Minggu chat akan tetap dibalas.",6541352,181704,14536320000
9280772,"chusnulcotimah","chusnulcotimah",237323,389,4.857446,1417572,25961,7637,"KOTA SURABAYA","Tidak","Ya","Ya",87,10212,0,"ketik di map SAS TOSERBA
w@ ini ya
081.2.30.2.0.90.42.",11609360,322482,25798560000
164273511,"Secret Clean Official Shop","secretclean",232478,92,4.854943,321277,5670,1099,"KOTA JAKARTA BARAT","Ya","Tidak","Tidak",100,51,0,"Secret Clean Official Shop adalah akun resmi Secret Clean di platform Shopee. Menjual rangkaian produk kesehatan.

**Sebelum membuka paket yang telah diterima diharapkan merekam terlebih dahulu demi k",2624368,72899,5831920000
86681009,"luckymall.id","luckymall.id",229177,1466,4.820744,535400,12737,4255,"KOTA JAKARTA BARAT","Tidak","Ya","Ya",92,6566,0,"menyediakan berbagai produk kebutuhan anda
semua barang ready stock 
siap kirim seluruh Indonesia 
melayani ecer dan grosir 
reseller and dropshipper 

#Tas #Drone #mainan #mainananak #cctv #s",4419136,122754,9820320000
63954764,"Makarizo Professional Official Shop","makarizo.professional",228489,228,4.904244,419443,4442,1206,"KOTA JAKARTA TIMUR","Ya","Tidak","Tidak",100,562,0,"Makarizo Professional Official Shop adalah Seller Resmi Makarizo Professional di Platform Shopee. Makarizo Professional merupakan Brand Rambut Terpercaya yang telah memproduksi dan mengembangkan produ",3400728,94465,7557200000
5610674,"Medan Beauty Care","medanbeautycare",223565,2209,4.82622,2160666,44234,18747,"KOTA MEDAN","Tidak","Ya","Ya",92,4764,0,"TOKO MEDAN BEAUTY CARE AKTIF DI GRATIS ONGKIR EXTRA NIKMATI GRATIS ONGKIR HINGGA 50RB SESUAI DENGAN KETENTUAN YANG BERLAKU.
Anda mencari produk grosiran kosmetik murah??disini tempatnya sista..barang",17789176,494144,39531520000
40121814,"Natasha Skincare Official","natashaskin",222770,355,4.899291,310132,3105,1023,"KOTA JAKARTA BARAT","Ya","Tidak","Tidak",100,32,0,"Natasha Skincare Official merupakan akun resmi milik Natasha Skin Clinic Center di platform Shopee.

Di Natasha ada 3 Kategori Kemasan
1. Teen's Series untuk usia dibawah 20 tahun 
2. Woman Series
3.",2514080,69836,5586880000
1108744801,"CeraVe Official Store","ceraveindonesia",221464,243,4.912641,187243,2039,797,"KOTA BEKASI","Ya","Tidak","Tidak",100,15,0,"Cerave Official Store adalah akun resmi dari CeraVe  di platform Shopee. CeraVe merupakan merek perawatan kulit no. 1 yang direkomendasikan oleh Dermatolog di Amerika Serikat. Operational Hour : Senin",1520632,42240,3379200000
108420030,"Skin Game Official Shop","skingameofficial",220598,58,4.936132,193629,1138,152,"KOTA TANGERANG","Ya","Tidak","Tidak",100,3145,0,"Skin Game Official Shop adalah akun resmi dari Skin Game di platform Shopee.
-
✨ Operasional: Senin-Sabtu (09:00 - 16:00).
✨ Pengiriman H+1 order diterima (Minggu, tgl merah tidak ada pengiriman).
✨ P",1559352,43315,3465200000
39277435,"SILKYGIRL Official Shop","silkygirlofficial",216888,88,4.845495,131812,2822,581,"KOTA JAKARTA TIMUR","Ya","Tidak","Tidak",100,18,0,"SILKYGIRL Official Shop merupakan akun resmi milik PT. Alliance Cosmetics Indonesia dikelola oleh Aloshop by Shipper Indonesia di Shopee.

Waktu operasional 
Senin-Jumat 09.00-21.00 
Sabtu dan Tanggal",1081720,30048,2403840000
80079301,"Rollover Reaction ","rolloverreaction",208372,23,4.941481,93059,721,79,"KOTA DEPOK","Ya","Tidak","Tidak",100,3411,2,"Selamat datang di Official Store Rollover !

- Proses Order & Pengiriman
1. Jam Operasional: Senin-Jumat (09.00 - 17.00)
2. Pesanan di proses setiap hari Senin s/d Jumat (tidak termasuk Sabtu, Minggu",750872,20858,1668640000
37421755,"BHUMI Official Shop","bhumiofficial",199433,79,4.930244,134184,864,135,"KOTA JAKARTA TIMUR","Ya","Tidak","Tidak",89,10500,0,"Bhumi adalah rangkaian skincare dengan kandungan natural yang dikembangkan dengan bahan-bahan terbaik dari alam. Produk-produk Bhumi diformulasikan dengan teknologi terkini agar aman untuk kulit canti",1081464,30041,2403280000
12057760,"Fanbo Cosmetics Official Store","fanbocosmetics",198827,126,4.885208,156430,2292,362,"KOTA JAKARTA BARAT","Ya","Tidak","Tidak",100,276,0,"Fanbo Cosmetics Official Shop adalah akun resmi untuk produk-produk Fanbo di platform Shopee.
Effortless Beauty,
Fanbo untuk wanita aktif yang menyukai kecantikan natural,  sehingga cantik terasa lebi",1272672,35352,2828160000
24655866,"La Paris Parfum Official Shop","laparisofficial",196649,214,4.846558,220007,5057,763,"KOTA JAKARTA TIMUR","Ya","Tidak","Tidak",100,4792,1,"La Paris Official Shop merupakan akun resmi La Paris di Shopee.

Produk-produk La Paris diformulasikan dengan kualitas konsentrat parfum terbaik dari Eropa. Terinspirasi dari aroma-aroma parfum kelas",1806616,50184,4014720000
10912447,"Eloi Coco Official Shop","eloicoco",196122,58,4.880574,245947,4353,763,"KOTA JAKARTA TIMUR","Ya","Tidak","Tidak",100,537,0,"Perfumery with Mission, For Every Generation. Kami menjamin keaslian dan keamanan produk sudah terdafrtar dan tersertifikasi BPOM. Pengiriman Senin - Sabtu (09.00 - 12.00).",2008504,55792,4463360000
312989195,"Mandom Official Shop","mandomindonesia",194473,639,4.870444,604113,10474,2308,"KOTA BEKASI","Ya","Tidak","Tidak",100,27,0,"MANDOM Official Shop merupakan akun yang dikelola oleh PT. Shopee Indonesia untuk mendistribusikan produk MANDOM Indonesia khususnya di platform Shopee. Seluruh prduk dibuat dengan standardisasi kuali",4935160,137088,10967040000
1250772463,"Tirtir Official Store","tirtirindonesia",188603,42,4.952053,132775,702,132,"KOTA TANGERANG","Ya","Tidak","Tidak",79,13383,0,"Tirtir Official Shop adalah akun resmi dari Tirtir di platform Shopee.
Operational Hour : Senin - Jumat (09.00-18.00)",1068872,29691,2375280000
968679677,"Loluna Official Store","lolunaofficial",184778,53,4.91013,346683,2655,490,"KOTA JAKARTA SELATAN","Ya","Tidak","Tidak",100,5108,0,"Loluna Official Store adalah akun resmi dari Loluna di platform Shopee. Waktu Operasional: Senin - Sabtu jam 08.00 - 17.00. Loluna adalah brand baby skincare pertama dengan 5X Ceramide di Indonesia. D",2798624,77740,6219200000
258445295,"Kojie San Indonesia Official Shop","kojiesan.indonesia",183776,41,4.912465,282878,2276,426,"KAB. TANGERANG","Ya","Tidak","Tidak",92,10511,0,"SKINCARE KOJIC ACID PERTAMA di INDONESIA
Dapatkan Rangkaian Kojie San untuk kulit cerah merata, bebas kusam

Kojie San Indonesia Official Shop merupakan official shop resmi dari Kojie San diplatform S",2284640,63462,5076960000
998472598,"UNITARY Official Store","unitarybeauty",181332,81,4.870977,377688,5026,849,"KOTA TANGERANG","Ya","Tidak","Tidak",100,59,0,"Unitary Official Store adalah akun resmi dari Unitary di platform Shopee. 
Waktu Operasional: Senin - Jumat (08.00 - 17.00). 
In Unitary, We’re committed to providing you with safe, efficient,and envi",3068504,85236,6818880000
884855345,"Buttered Official Shop","butteredofficial",180397,35,4.924977,201897,1500,203,"KOTA JAKARTA BARAT","Ya","Tidak","Tidak",100,4664,0,"Buttered Official Shop adalah akun resmi dari Buttered di platform Shopee.

Jam operasional:
Senin - Jumat 9.00-18.00",1628800,45244,3619520000
131418876,"LT Pro Official Shop","ltproofficial",179233,106,4.918372,106821,802,189,"KOTA JAKARTA UTARA","Ya","Tidak","Tidak",100,30,0,"Ltproofficial adalah akun resmi dari LT Pro dan merupakan bagian dari program Service By Shopee (SBS). Layanan ini dikelola oleh Shopee untuk membantu penjual Shopee dalam pemrosesan pesanan serta pen",862496,23958,1916640000
4653641,"Poupeepou Official Shop","poupeepouofficial",175869,111,4.832179,195545,4287,813,"KAB. KARAWANG","Ya","Tidak","Tidak",100,3605,0,"Poupeepou Official Shop adalah akun resmi dari Poupeepou di platform Shopee.

 Pastikan membaca deskripsi produk sebelum membeli ya
 Sabtu, Minggu & tgl merah libur, tidak ada pengiriman ya soba",1605160,44588,3567040000
88079439,"L'Occitane Official Shop","loccitaneofficialshop",171824,238,4.93991,36213,268,178,"KOTA JAKARTA PUSAT","Ya","Tidak","Tidak",100,4059,0,"L'Occitane Official Shop adalah akun resmi L'Occitane en Provence di platform Shopee, yang menyediakan produk perawatan tubuh, perawatan wajah dan wewangian ke berbagai penjuru dunia. 

L'Occitane did",293272,8146,651680000
225446986,"Pinkberry Official Store","pinkberryofficial",170374,55,4.896202,111451,1263,261,"KOTA JAKARTA BARAT","Ya","Tidak","Tidak",100,22,0,"PinkBerry Official Store adalah akun resmi dari PinkBerry di Platform Shopee.
Telah hadir di Indonesia, Pinkberry dengan kualitas terbaik dan harga yang terjangkau ingin agar semua perempuan khususnya",903800,25106,2008480000
200766350,"Everpure Official Shop","everpure",168115,27,4.857127,279394,4731,704,"KOTA JAKARTA UTARA","Ya","Tidak","Tidak",100,15,0,"Everpure Official Shop merupakan Akun Resmi dari Everpure di Platfrom Shopee. 

Jam Operasional :
Senin-Jumat 8AM - 8PM.
Sabtu Minggu Slow Respon.
Estimasi pengiriman paling cepat H+1 setelah transfer",2278632,63295,5063600000
317011437,"Dyson Official Shop","dysonofficialstore",165342,52,4.946263,6525,45,36,"KAB. BEKASI","Ya","Tidak","Tidak",100,4566,0,"",52848,1468,117440000
872180088,"RtopR Indonesia Official Shop","rtopr.indonesia",164349,42,4.811501,144684,3822,599,"KAB. TANGERANG","Ya","Tidak","Tidak",100,26,0,"✨RtopR Indonesia Official Shop adalah akun resmi dari RtopR di platformShopee
Real Is Top Rarity 
Merek tanaman yang lembut dan nyaman, berkomitmen untuk menciptakan konsep perawatan kulit yang murn",1192840,33134,2650720000
147307215,"Varesse Official Shop","varesse",161841,52,4.89365,42766,428,39,"KOTA BEKASI","Ya","Tidak","Tidak",96,3429,0,"Varesse is a premium quality anti aging hair care to #RenewAgingHair and #SimplifyYourHairRoutine

Varesse Official Shop adalah akun resmi dari Varesse di platform Shopee.

Mohon untuk membaca deskrip",345864,9607,768560000
610201703,"Olay Official Shop","olayindonesiaofficial",159012,186,4.901999,300776,2951,829,"KOTA BEKASI","Ya","Tidak","Tidak",100,9,0,"Olay Official Shop adalah akun resmi dari Olay di platform Shopee.
Operasional Toko: 
Senin - Jumat || 08.00 - 17.00 WIB
Selamat berbelanja di toko kami!",2436448,67679,5414320000
99513899,"FSS For Skin's Sake Official","forskinssake",157574,40,4.939178,135758,742,167,"KOTA JAKARTA BARAT","Ya","Tidak","Tidak",100,4888,0,"For Skin's Sake Official Store adalah akun resmi dari For Skin's Sake di platform Shopee.

For Skin's Sake (FSS) is an Indonesian brand that holds its products to a higher standard by being committed",1093336,30370,2429600000
42019505,"INGLOT OFFICIAL STORE","inglotofficialstore",157505,383,4.925419,38232,405,97,"KOTA JAKARTA PUSAT","Ya","Tidak","Tidak",90,5235,3,"Selamat datang di INGLOT Official Store, toko resmi INGLOT di Shopee.

Semua produk INGLOT telah tersertifikasi HALAL oleh Majelis Ulama Polandia.

Sejak 1983 di Polandia, Eropa, INGLOT telah menjadi",309872,8608,688640000
12735630,"Hanami Aura","hanami.hana",153726,70,4.837811,333042,8268,1110,"KOTA JAKARTA UTARA","Tidak","Ya","Ya",85,5434,0,"✅BATAS PROSES ORDER (VIA EKSPEDISI)

SENIN-SABTU JAM 14.00 WIB 

LEWAT DARI ITU DI PROSES DI HARI KERJA BERIKUTNYA
 
✅TIDAK MENERIMA REQUEST WARNA/MODEL MELALUI CHAT/ KETERANGAN. SILAKAN ORDER SESUAI",2739360,76093,6087440000
37557990,"Missha Indonesia Official Shop","misshaid",152306,27,4.927981,161532,1142,190,"KOTA TANGERANG","Ya","Tidak","Tidak",80,6974,1,"Missha Indonesia Official Shop #1st and The Only Authorized Seller on Shopee
Operation Time : 09.00-18.00 WIB",1302912,36192,2895360000
93108519,"Mukka Official Shop","mukka_kosmetik",147159,26,4.816402,216921,6027,1105,"KOTA JAKARTA BARAT","Ya","Tidak","Tidak",100,1387,0,"Mukka Official Shop adalah akun resmi dari Mukka Kosmetik di Platform Shopee
★OFFICIAL ACCOUNT OF MUKKA OFFICIAL SHOP IN SHOPEE★ 
Mukka merupakan kosmetik import dan sudah dipasarkan sejak tahun 2004,",1792424,49790,3983200000
453953370,"YUK SHOPPING MALL","yuk.shopping.mall",146724,2381,4.749721,415873,16894,5420,"KAB. TANGERANG","Tidak","Ya","Ya",100,7023,0,"*SEBELUM KOMENT JELEK DAN RATING BINTANG 1 TOLONG KOMPLAIN TERLEBIH DAHULU SUPAYA BISA PROSES GANTI RUGI DAN SERTAKAN VIDEO UNBOXING TERIMA KASIH 

⭐YUK SHOPPING MALL⭐
 YUK SHOPPING MALL Adalah",3505496,97375,7790000000
376910750,"Pendora Scents Official Store","pendorascentsofficialstore",145245,2,4.889503,30158,544,84,"KOTA JAKARTA UTARA","Ya","Tidak","Tidak",88,6198,0,"Pendora Scents Official Shop adalah akun resmi dari Pendora Scents Indonesia di platform Shopee. Pendora Scents adalah Parfum Dubai yang diformulasikan dari bahan-bahan alami dan vegan, dan telah lulu",246288,6841,547280000
60030905,"Essential Oil - Aroma Ruangan","wwen_shop",143618,264,4.745994,388261,17972,4106,"KOTA JAKARTA BARAT","Tidak","Ya","Ya",99,2514,0,"selamat datang di wwen_shop..
kami adalah importir berbagai macam perlengkapan rumah, mainan anak, kosmetik, Tas Fashion dari Pabrik Besar sehingga Harga Kami Pasti MURAH

= welcome reseller and welco",3282712,91186,7294880000
1217428486,"SK-II Official Store","skiiofficialstore",137855,61,4.969565,25628,68,48,"KOTA JAKARTA UTARA","Ya","Tidak","Tidak",100,4101,1,"SK-II Indonesia Official Store adalah akun resmi dari SK-II di platform Shopee.

Chat dibalas pada: Senin-Jumat 09:00 - 18:00
Proses order dan pengiriman: Senin-Jumat (di luar hari libur)",205952,5721,457680000
59078646,"Kleveru Official Shop","kleveru",136856,20,4.931524,133355,669,51,"KOTA JAKARTA BARAT","Ya","Tidak","Tidak",78,11344,0,"Kleveru Official Shop adalah akun resmi dari Kleveru di Platform Shopee. 
a kleveru way to pamper yourself! 
Nature-Based Innovative Ingredients
1st local skin barrier-friendly skincare
✨Certified Org",1072600,29794,2383520000
251619247,"Tone Official Shop","toneofficial",136352,132,4.880576,230196,3870,601,"KOTA BANDUNG","Ya","Tidak","Tidak",88,5381,0,"Tone Official Shop adalah akun resmi dari Tone di platform Shopee.
Tone adalah sebuah brand kecantikan dan kesehatan yang mengutamakan kualitas dengan harga terjangkau. Tone, Embellish The Future.

Ja",1877336,52148,4171840000
58821479,"SA Naturel Official Shop","sanaturelbyshandyaulia",134946,27,4.858893,78816,1305,144,"KOTA JAKARTA SELATAN","Ya","Tidak","Tidak",95,5013,0,"SA Naturel Official Shop adalah akun resmi dari SA Naturel by Shandy Aulia di platform Shopee.
Jam Operasional: Senin-Minggu, 09.00 - 22.00 WIB.
Pengiriman: Senin - Jumat.

SA Naturel by Shandy Aulia",642120,17837,1426960000
233715346,"Viva Cosmetics Store Bandung","indocostique.bdg",134727,222,4.885304,450492,5200,1177,"KOTA BANDUNG","Ya","Tidak","Tidak",95,4350,0,"Viva Cosmetics Authorized Store Bandung adalah akun resmi dari Viva Cosmetics di Platform Shopee

Kami melayani tanya jawab sesuai jam kerja di bawah ini :
Senin s/d Jumat  Jam 08.00 - 16.00 
Sabtu ,",3654952,101526,8122080000
275920301,"Masami Official Shop","masamiofficial",134576,150,4.92636,140621,1448,351,"KOTA JAKARTA BARAT","Ya","Tidak","Tidak",100,233,0,"Masami Shouko Official Shop adalah akun resmi dari Masami di Platform Shopee

#ExperienceMakeup

Resi akan diinput H+1 setelah pengiriman
Orderan yang dikonfirmasi sebelum jam 14.00 akan dikirim di",1139360,31649,2531920000
93933822,"Artisan Pro Official Shop","artisanproofficial",129721,81,4.954172,166836,693,109,"KOTA TANGERANG","Ya","Tidak","Tidak",88,4959,0,"Operasional Senin-Jumat Pukul 10.00-17.00 WIB
Artisan Pro Official Shop adalah akun resmi dari Artisan Professionnel di platform Shopee.
Artisan Professionnel memiliki standar terbaik dalam setiap pen",1341104,37253,2980240000
889248565,"stockami","stockami",129704,2646,4.751461,876666,36024,13184,"KAB. TANGERANG","Tidak","Ya","Tidak",100,170,0,"Stockami",7406992,205750,16460000000
1086668461,"From This Island Official Store","fromthisisland",129166,62,4.948882,112210,631,73,"KOTA JAKARTA TIMUR","Ya","Tidak","Tidak",99,6676,0,"From This Island Flagship Store adalah akun resmi dari brand From This Island di platform shopee. Waktu Operasional : Senin sampai Jumat pukul 09.00 - 17.00",903312,25092,2007360000
64639547,"SASC Official Shop","sasc.official",127329,50,4.917992,52490,574,127,"KOTA JAKARTA UTARA","Ya","Tidak","Tidak",100,2,0,"SASC is the Official Store in Shopee. 
SASC - Socially Aware Sexy Cosmetics is the leading Social Enterprise that aims to empower women through beauty. Welcome to #BeautyWithACause. 

Our products is",425528,11820,945600000
222854973,"Xi XiU Official Shop","xixiuofficial",124880,96,4.85783,153649,2932,458,"KAB. TANGERANG","Ya","Tidak","Tidak",100,5279,0,"Xi XiU Official Shop adalah akun resmi dari Xi XiU Cosmetic di Platform Shopee.
Xi XiU Cosmetic merupakan produk kecantikan yang menyediakan beragam produk kosmetik terbaik untuk semua kalangan.
Visi",1256312,34898,2791840000
76793963,"Moko Moko Official Shop","mokomokoofficial",120371,42,4.856998,48491,966,164,"KOTA JAKARTA PUSAT","Ya","Tidak","Tidak",67,5082,0,"Moko Moko Official Shop adalah akun resmi dari Moko Moko di platform Shopee.",396968,11027,882160000
897794453,"FAV Beauty Official Store","fav_beauty",119650,56,4.845975,175452,3507,568,"KOTA JAKARTA UTARA","Ya","Tidak","Tidak",100,19,0,"FAV Beauty, Brand yang diciptakan untuk merawat kulit tanpa bahan yang berbahaya, tanpa alkohol, dan halal. FAV Beauty selalu memberikan produk terbaik dari bahan alami. Kami percaya bahwa setiap oran",1436216,39895,3191600000
8463767,"Vienna Beauty Official","viennabeauty",115721,276,4.821121,121040,2897,708,"KAB. TANGERANG","Ya","Tidak","Tidak",100,12672,0,"Vienna Beauty Official Shop adalah akun resmi atau official shop dari PT Cakra Daya Makmur di platform Shopee. Kami menawarkan beragam produk berkualitas dan berstandar tinggi dengan mengikuti standa",997160,27699,2215920000
40861383,"Jarte Beauty Official Shop","jartebeauty",115062,38,4.910756,49102,536,69,"KOTA JAKARTA BARAT","Ya","Tidak","Tidak",97,5442,0,"Hi, Welcome to Jarte Beauty!

Harap dibaca terlebih dahulu.

Jarte Beauty Official Shop merupakan akun resmi milik PT Ricco Karta Sejahtera di platform Shopee.

Produk Jarte beauty: BPOM, Paraben-free",397656,11046,883680000
131133483,"La Tulipe Official Shop","latulipeofficial",114963,137,4.888837,90474,1091,256,"KOTA BEKASI","Ya","Tidak","Tidak",100,21,0,"Latulipeofficial adalah akun resmi dari La Tulipe dan merupakan bagian dari program Service By Shopee (SBS). Layanan ini dikelola oleh Shopee untuk membantu penjual Shopee dalam pemrosesan pesanan ser",734568,20405,1632400000
593789,"NUTRISHE Official Shop","nutrisheofficialshop",114314,31,4.89354,108885,1199,184,"KAB. SLEMAN","Ya","Tidak","Tidak",100,8784,0,"Nutrishe Official Shop adalah  Akun resmi dari Nutrishe di platform Shopee.

Nutrishe adalah adalah sebuah brand lokal yang berfokus pada produk berkualitas untuk mengatasi setiap permasalahan penampi",882144,24504,1960320000
78668069,"Bulu mata Ertika","ertikaeyelash",113643,204,4.806551,272778,8092,2034,"KAB. PURBALINGGA","Tidak","Ya","Ya",58,9615,0,"Menjual Bulumata palsu dengan kualitas premium, dengan harga termurah! 
* Bulu mata tempel, bulu mata tanam & Lem bulu mata
* % Real Pic dan % Handmade
*Cocok untuk aktivitas sehari-hari, wedding",2263232,62868,5029440000
3299033,"Bless Cosmetics Official Store","blesscosmetics",112520,42,4.906928,135219,1344,250,"KOTA JAKARTA PUSAT","Ya","Tidak","Tidak",82,3808,0,"Bless Cosmetics Official Store adalah akun resmi Bless Cosmetics di platform Shopee. Sejak awal berdirinya pada tahun 1992, Bless Cosmetics selalu menghadirkan produk-produk kosmetik perawatan yang sa",1094504,30403,2432240000
23942834,"Medstuff","medstuff",112425,1899,4.867778,1712541,26265,12267,"KOTA JAKARTA BARAT","Tidak","Ya","Ya",87,4395,0,"Selamat datang di Medstuff
Medical Equipment Supplier

Produk yang ada di etalase READY dan SIAP dikirim 

Order setelah jam 12.00 akan dikirim hari kerja berikutnya 
Minggu & Hari Raya : Tidak Ada Pe",14008584,389127,31130160000
733471323,"Lumecolors Official Shop","lumecolors.official",110438,87,4.888866,104348,1471,214,"KOTA TANGERANG","Ya","Tidak","Tidak",100,1115,0,"Lumecolors Official Shop adalah akun resmi dari Lumecolors di platform Shopee. Hadir di lebih dari ratusan kota di Indonesia. Lumecolors tumbuh menjadi brand kosmetik yang berusaha mengerti kebutuhan",848264,23563,1885040000
122156323,"Adara Cosmetics Official Shop","adaracosmetics",109656,55,4.869245,123544,1734,362,"KOTA JAKARTA TIMUR","Ya","Tidak","Tidak",94,6701,0,"ADARA Cosmetics Official Shop adalah toko resmi dari ADARA di platform Shopee.

No More Bad Skin Days. ✨

- BPOM
- Halal Certified
- Dermatologically Tested

Jam Operasional :
- Senin - Jumat: 09:00",1005120,27920,2233600000
205815785,"SISTER ANN Official Shop","sisterann.id",109285,8,4.907737,94599,1170,238,"KOTA JAKARTA SELATAN","Ya","Tidak","Tidak",98,9260,7,"OFFICAIL STORE SISTER ANN

⭕️Sister Ann Official Shop adalah akun resmi dari Sister Ann di platform Shopee
⭕️Dikirim langsung dari JKT office SISTER ANN 

 [ Waktu Operasional ]
Senin - Jumat 08",768056,21335,1706800000
1053627436,"MamyPoko Official Store","mamypoko.id",109281,389,4.919968,290248,2167,890,"KOTA BEKASI","Ya","Tidak","Tidak",100,6,0,"MamyPoko Official Store adalah akun resmi dari MamyPoko di Platform Shopee. 
Jam Operasional : Setiap hari 24 jam.",2346440,65179,5214320000
729679437,"PRISA Official Shop","beauty.prisa",108914,14,4.847626,43073,805,163,"KAB. SLEMAN","Ya","Tidak","Tidak",45,11310,0,"PRISA Official Shop adalah akun resmi dari PRISA di Platform Shopee.

Jam Operational:
Monday - Sunday: 09:00 s/d 17:00

Your Bust Your Asset

With Nano Molecul Technology (PERTAMA DI INDONESIA)
Insta",352328,9787,782960000
221165466,"Seger Snow Official Shop","segersuryaofficial",108690,246,4.882227,182834,2222,307,"KOTA BANDUNG","Ya","Tidak","Tidak",100,7034,0,"Seger Snow merupakan merek skincare legendaris asal Indonesia yang telah hadir sejak tahun 1954. Selama lebih dari enam dekade, kami terus mempertahankan kualitas sekaligus berinovasi untuk menghadirk",1482904,41192,3295360000
593638616,"Etude Official Shop","etudeofficial",106745,44,4.937875,48997,377,107,"KOTA TANGERANG","Ya","Tidak","Tidak",100,24,0,"Etude Official Shop adalah akun resmi dari Etude Official di platform Shopee.
Operational Hours: 10 AM-8 PM Regular Order: 4 PM Same Day Order (Instant Courier): 2 PM",395848,10996,879680000
1137846099,"Smart Organik Official Store","smart.organik",106663,84,4.845464,208101,4574,852,"KAB. TANGERANG","Ya","Tidak","Tidak",91,4993,0,"Smart Organik Official Store adalah akun resmi dari Smart Organik di platform Shopee.

Hello, Selamat datang di Smart Organik^.^
Jam Kerja:
Senin - Sabtu 09.00 - 17.00
Hari Besar Libur

.
Be Natural W",1708216,47450,3796000000
187117294,"AEON Official Shop","aeonofficialshop",105405,6611,4.915157,347767,3055,1126,"KOTA JAKARTA TIMUR","Ya","Tidak","Tidak",82,10931,1,"Aeon Official Shop adalah akun resmi milik AEON Indonesia di platform Shopee. 
Temukan berbagai produk Kosmetik, Kesehatan ORIGINAL & Barang-barang lainnya yang dengan Harga Super Fantastis tanpa taku",2815584,78211,6256880000
799217838,"Buttonscarves Beauty Official","buttonscarvesbeauty",103747,89,4.911062,84036,1044,417,"KOTA JAKARTA TIMUR","Ya","Tidak","Tidak",100,25,0,"Buttonscarves Beauty Official adalah akun resmi dari Buttonscarves Beauty di platform Shopee. 

Jam operasional: 
- Senin s.d Jumat: 08:00 - 22:00 WIB
- Sabtu s.d Minggu: 09:00 - 18:00 WIB",683976,18999,1519920000
26944218,"Haple Official Shop","haple.id",102774,21,4.915568,99715,776,88,"KOTA JAKARTA BARAT","Ya","Tidak","Tidak",56,8816,0,"Haple Official Shop adalah akun resmi Haple di platform Shopee.
BPOM Registered and Vegan! 
The First Face Oil brand in Indonesia!
Be Beautiful With Kindness 
あなたの幸せを祈っています!
PT. Haple Kosmetika Indo",804632,22351,1788080000
276953550,"Unilever Homecare Official Shop","unileverhomecareid",99571,920,4.931224,526124,3867,1052,"KOTA BEKASI","Ya","Tidak","Tidak",100,7,0,"Selamat datang di Unilever Professional Official Shop!
Unilever Professional Official Shop adalah akun resmi dari Unilever Professional di Shopee dan merupakan bagian dari program Service By Shopee (S",4248344,118010,9440800000
10565822,"Jessbeautysupply1","jessbeautysupply1",96977,217,4.900195,234542,2758,1041,"KAB. TANGERANG","Tidak","Ya","Ya",94,4740,0,"EYELASH EXTENSION TOOLS  
HANYA MENJUAL PRODUK ORIGINAL 100%!!

BARANG READY SESUAI ETALASE YA :)",1906728,52965,4237200000
24803305,"Leivy Official Shop","leivyofficial",96042,206,4.889909,133480,1918,645,"KOTA TANGERANG","Ya","Tidak","Tidak",100,7065,0,"Leivy Indonesia Official Shop merupakan akun resmi dari PT. Citra Usaha Lamindo di platform Shopee. Kami adalah distributor resmi dari berberapa brand personal care International diantaranya Leivy, Yo",1088344,30232,2418560000
274949344,"Sulwhasoo Official Shop","sulwhasooofficialshop",95644,42,4.934471,45950,385,277,"KOTA TANGERANG","Ya","Tidak","Tidak",100,13,0,"Annyeonghaseyo!
Selamat datang di channel resmi Sulwhasoo Indonesia.
Sulwhasoo merupakan rangkaian perawatan kulit yang lahir dari warisan kecantikan tradisional wanita Korea.
Seluruh produk yang ters",372896,10358,828640000
6640029,"JACO TV Shopping Official Shop","jacotvs",90799,271,4.833069,51219,1161,313,"KOTA JAKARTA UTARA","Ya","Tidak","Tidak",99,4327,1,"JACO TV Shopping Official Shop adalah akun resmi dari JACO TV Shopping di platform shopee. 

JAM OPERASIONAL PENGIRIMAN :
Gojek/Go-Send/Grab/Ninja Express
- Senin - Sabtu, klik pick up jam 13.00 WIB ,",421544,11710,936800000
893470675,"AMOREPACIFIC Hair&Beauty Shop","amorepacificdailybeauty",89672,110,4.93072,103909,873,382,"KOTA TANGERANG","Ya","Tidak","Tidak",100,19,0,"AMOREPACIFIC Hair&Beauty Shop adalah akun resmi dari mise en scène & illiyoon di Platform Shopee. 

Warehouse Operational (Monday - Friday)
Operational Hours: 10 AM - 8 PM
Cut-Off Regular Order: 4 PM",841312,23370,1869600000
983998123,"Naisday Perfume Official Store","naisday",88576,55,4.901179,57993,736,138,"KOTA JAKARTA TIMUR","Ya","Tidak","Tidak",100,3582,0,"Naisday Perfume Official Store

Jadwal pengiriman
Reguler: Senin-Minggu jam 20.00 WIB
Instan: Senin-Minggu jam 15.00 WIB",470936,13082,1046560000
69409544,"Daeng Gi Meo Ri Official Shop","missmrkbeauty",88027,78,4.916833,83612,696,97,"KOTA JAKARTA BARAT","Ya","Tidak","Tidak",91,6945,1,"Selamat datang di toko resmi Daeng Gi Meo Ri 
Tersedia berbagai pilihan shampoo, conditioner, dan hair tonic yang diimport langsung dari Korea

• Semua barang ready stock, silakan dipesan
• Pesanan",675240,18757,1500560000
180415888,"Benton Official Shop","bentonindonesia",84334,49,4.92672,95801,673,141,"KOTA TANGERANG","Ya","Tidak","Tidak",76,8874,0,"Welcome to Benton Official Shop!
--
Benton Official Shop merupakan akun resmi di platform Shopee. Seluruh produk yang dijual merupakan produk yang sudah teregistrasi, diimpor langsung dari Korea dan m",772920,21470,1717600000
65924030,"Armando Caruso Official Shop.","armandocaruso",83399,214,4.905899,71733,964,227,"KOTA JAKARTA UTARA","Ya","Tidak","Tidak",66,3908,1,"Armando Caruso Official Shop adalah akun resmi Armando Caruso di platform Shopee.

!! WARNING !!
Dear customer, kami ingin mengingatkan untuk baca detail terlebih dahulu sebelum melakukan pembelian. S",583392,16205,1296400000
397344509,"Mine Perfumery Official Store","mineperfumeryofficial",81982,120,4.900776,35490,560,121,"KAB. TANGERANG","Ya","Tidak","Tidak",100,1498,0,"Mine Perfumery Official Store adalah akun resmi dari Mine Perfumery di platform Shopee. 
Waktu Operasional: setiap hari Senin - Jumat di jam 9.00 - 22.00, Sabtu - Minggu di jam 09.00 - 17.00.",289368,8038,643040000
16079132,"byvazo","byvazo",81980,28,4.876196,83447,1189,199,"KOTA JAKARTA SELATAN","Tidak","Tidak","Tidak",60,3197,0,"INI ADALAH AKUN RESMI MASKER BERAS ALAMI BYVAZO

SALAM KULIT SEHAT GLOWING
SEMUA PRODUK BYVAZO SUDAH  ✅ BPOM

- PENGIRIMAN SETIAP HARI  (Senin - Minggu)
- PEMBAYARAN SEBELUM 14.00 DIKIRM DI HARI YANG",678680,18852,1508160000
206370735,"nipponshop","nipponshop",81932,223,4.711878,434989,21848,6106,"KAB. TANGERANG","Tidak","Ya","Tidak",84,11426,0,"MOHON DIBACA SEBELUM BELI:
PEMBELI WAJIB mencantumkan pilihan warna/motif/model di KETERANGAN PEMBELIAN bukan melalui CHAT/PM Message.
Jika pembeli tidak mencantumkan pilihan maka kirim RANDOM. NO COM",3703544,102876,8230080000
260681089,"Dermies Official Store","dermiesofficial",81816,149,4.900894,150082,1729,412,"KOTA JAKARTA BARAT","Ya","Tidak","Tidak",100,26,0,"AS.U.WSH Official Store adalah toko resmi dari ASUWSH, sister brand dari ERHA, yang menghadirkan produk Dermies, Naturally Speaking, dan Hairoic. Kami menawarkan solusi perawatan kulit dan rambut yang",1217784,33827,2706160000
85250400,"supplier eyelash","lashsupplier",79786,247,4.863603,278084,5278,1378,"KOTA TANGERANG","Tidak","Ya","Ya",100,426,0,"Supplier eyelash extension termurah <3

Pesanan akan dikirim di hari yang sama jika order dibawah:
- Jam 16.00 (Senin-Jumat)
- Jam 12.00 (Sabtu-Minggu)

HAPPY SHOPPING! :)",2277920,63276,5062080000
57616006,"Clay Botanicals Official Shop","claybotanicals",79384,25,4.80223,32394,884,160,"KOTA SURAKARTA (SOLO)","Ya","Tidak","Tidak",75,4,0,"Clay Botanicals Official Shop merupakan akun resmi Clay Botanicals di Platform Shopee

✔️Aesthetically organic & natural skincare
✔️BPOM Approved
✔️Sensitive Skin Friendly

Noted :
- Komplain / Return",267504,7431,594480000
45242775,"THAI Official Shop","thaicosmetic",79141,125,4.862443,159133,2769,499,"KAB. TANGERANG","Ya","Tidak","Tidak",100,244,0,"THAI Official Shop adalah akun resmi dari THAI di platform Shopee.
Produk Kecantikan bersertifikasi  BPOM & Bersertifikat Halal dari MUI mulai dari Sabun Batang dan Cair, Hand body lotion Lulur dan Ha",1299208,36089,2887120000
16978962,"Babyliss Paris Official","babylissparis.id",78639,73,4.892402,28555,442,139,"KOTA JAKARTA UTARA","Ya","Tidak","Tidak",100,2477,0,"BaByliss ID Official Store adalah akun resmi PT Autoaccindo Jaya, sole distributor BaByliss dan BaByliss Pro di Indonesia.

Waktu Operasional:
Senin – Jumat 09:00 – 16:00
Sabtu, Minggu, dan Tanggal me",233088,6475,518000000
724605317,"ALCHEMIST Official Store","alchemist.fragrance",77103,11,4.941286,36998,302,38,"KOTA JAKARTA PUSAT","Ya","Tidak","Tidak",100,3664,0,"ALCHEMIST Official Store adalah akun resmi dari ALCHEMIST di platform Shopee
Waktu Operasional: Senin – Jumat, Jam 09.00 - 17.00",298704,8297,663760000
225434480,"Purnama Beauty Official Shop","purnamabeautyofficial",76957,34,4.893266,49395,648,89,"KOTA JAKARTA UTARA","Ya","Tidak","Tidak",83,6088,0,"Purnama Beauty Official Shop

Purnama Beaut Official Shop merupakan toko resmi dari Purnama Beauty By Lesty Kejora di Platform Shopee. Produk Purnama Beauty dijamin Halal & BPOM Certified Indonesia.",401056,11140,891200000
466935959,"Ovrbody Official Shop","ovrbodyofficial",76756,284,4.841395,69265,1377,523,"KOTA SURABAYA","Ya","Tidak","Tidak",84,1829,0,"OVRBODY Indonesia Official Store

✨Operational Hours
Monday - Friday (09:00 - 16:00)
Saturday (09:00 - 14:00)
Sunday (Closed)

 Same Day Delivery Max. @14:00 WIB
☎️ Call Us on shorturl.at/fyP04

Hav",569320,15814,1265120000
266902345,"Solcare Official Shop","solcare.id",75618,62,4.856781,60167,1102,120,"KOTA BANDUNG","Ya","Tidak","Tidak",98,7969,0,"Hi Solovers!
Solcare hadir sebagai solusi untuk beragam permasalahan kulitmu.

Jangan lupa memberikan ulasan positif dan 5 bintang untuk produk yang kamu beli. Apabila ada kendala mohon chat Minsol se",491112,13642,1091360000
9154240,"Fox and Bunny Official Shop","foxandbunnyofficial",74615,92,4.946462,25682,160,28,"KAB. SLEMAN","Ya","Tidak","Tidak",90,10435,0,"Hi, Fobbies...

Selamat datang di Fox and Bunny Official Shop akun resmi Fox and Bunny di Shopee. 
Kami menyediakan mainan edukasi anak dengan berbagai macam aktivitas untuk memaksimalkan proses tumbu",206960,5749,459920000
27374039,"icy_eyelash","icy_eyelash",73857,354,4.885404,468716,6914,1845,"KOTA SURABAYA","Tidak","Ya","Tidak",88,6175,0,"▪Produk kami Original , slalu tanyakan stok sebelum checkout , karna kami tidak hanya jual via shopee saja
▪Komplain dan tukar barang maks 2 × 24jm setelah barang diterima, WAJIB KIRIM VIDEO UNBOXING!",3819800,106106,8488480000
70687187,"Yves Rocher Official Shop","yvesrocherid",73332,186,4.942361,97831,646,145,"KOTA JAKARTA UTARA","Ya","Tidak","Tidak",86,4479,0,"Yves Rocher Official Shop merupakan akun resmi Yves Rocher Indonesia di platform Shopee. 

Jam Operasional CS:
Senin - Jumat : 09.00 - 17.00
Sabtu - Minggu & Hari Besar : Slow respon.

Senin-Minggu ad",788976,21916,1753280000
18281326,"molaland.co","molaland.co",70938,88,4.865571,233674,4459,1192,"KAB. BOGOR","Tidak","Ya","Ya",83,7564,0,"Halo! 

Kami menjual berbagai macam keperluan BULUMATA eyelash extension. 

Mohon baca INFO di banner toko sebelum membeli. 

Bisa chat langsung untuk tanya2. Terima kasih!",1914600,53183,4254640000
163333973,"Tutti Frutti Official Shop","tuttifruttiofficialstore",69877,12,4.648364,22429,1569,414,"KOTA BANDUNG","Ya","Tidak","Tidak",100,1,0,"Tutti Frutti Official Shop merupakan akun resmi Tutti Frutti di platform Shopee. Original product dari Polandia. Terdapat berbagai produk perawatan tubuh dengan kandungan bahan-bahan alami ekstrak bua",195296,5425,434000000
368803267,"Rosegold_","raja_grosirshop",67130,708,4.703312,290297,14602,5805,"KAB. TANGERANG","Tidak","Ya","Ya",100,1836,0,"•Rosegold adalah  supplier/Distributor tangan pertama.
•Operasional admin:senin-sabtu, 10.00-18.00 WIB.Tanggal merah dan minggu: libur.
•Untuk Resi di input H+1 pengiriman.
•Bisa COD/bayar ditempat
•P",2485632,69045,5523600000
331978631,"Jaya Mandiri Cosmetic","jaya.mandiri.id",66163,78,4.817312,196379,4523,1065,"KOTA SURABAYA","Tidak","Ya","Tidak",85,3632,0,"Hallo Ladies and Gentlemen 
Kalian cari produk kosmetik viral dan murah?? Bisa langsung kunjungi dan cek di shopee Jaya Mandiri 
Dijamin produk original 100% & terpercaya",1615736,44882,3590560000
277362018,"Darlie Official Shop","darlieofficial",65380,165,4.919412,138000,1222,399,"KOTA BEKASI","Ya","Tidak","Tidak",97,7499,2,"Darlie Official Shop adalah toko official Darlie di platform Shopee
Dalam perjalanan hidup, terkadang ragu menghampiri kita. Jangan biarkan rasa bimbang mengalahkan tekadmu. Tersenyumlah dan yakinlah",1116968,31027,2482160000
3990192,"Fabil Natural Official","fabilofficialstore",65327,209,4.902292,45134,515,154,"KOTA BOGOR","Ya","Tidak","Tidak",100,1226,0,"Fabil Natural dimulai sejak Oktober 2018 sebagai Local Skincare yang
mengusung konsep Natural, Herbal dan Sunnah. Kami mengusung konsep Green
Science yaitu mengkombinasikan antara bahan alami dan seha",366424,10178,814240000
1046243692,"FineToday Japan Official Store","finetodayjapanesebeautyid",65226,155,4.928411,43721,397,215,"KOTA TANGERANG","Ya","Tidak","Tidak",100,20,0,"FineToday Japan Official Store adalah akun resmi dari FineToday di platform Shopee.

Jam Operasional: 
Senin - Jumat | 08:00 - 18:00 WIB Sabtu - Minggu | 08:00 - 11:00 WIB",354664,9852,788160000
3169647,"Holly Official Shop","hollyofficial",64670,119,4.840387,157059,3516,697,"KAB. SIDOARJO","Ya","Tidak","Tidak",98,433,0,"Holly Official Shop punya semua yang kamu butuhkan! ️Dapatkan produk perawatan rambut, wajah dan tubuh dari brand-brand PT Sekawan Kosmetik Wasantara.  Cocok banget buat kamu yang mau tampil fresh dan",1290176,35838,2867040000
29220029,"Good Virtues Co. Official Shop","goodvirtuescoofficial",64591,123,4.92915,67552,429,97,"KOTA BANDUNG","Ya","Tidak","Tidak",100,3534,1,"Good Virtues Co. Indonesia adalah akun resmi dan bagian dari Good Virtues Co.

Good Virtues Co. adalah personal care bersertifikat halal tanpa animal testing, SLES, ALES, Parabens, Synthetic Colorants",544624,15128,1210240000
1107110989,"Lancôme Official Store","lancomeindonesia",62623,56,4.85502,9414,181,160,"KAB. BEKASI","Ya","Tidak","Tidak",100,1555,0,"Lancome Indonesia Official Shop adalah akun resmi dari Lancome di platform shopee. 
Jam Operasional: 
Senin - Jumat : 08.00 - 22.00 WIB 
Sabtu -Minggu: 08.00 - 12.00 WIB dan 19.00 - 22.00",78040,2168,173440000
318720131,"Hayejin Indonesia Official Shop","hayejinindonesia",61474,19,4.940347,61862,339,87,"KOTA JAKARTA UTARA","Ya","Tidak","Tidak",100,5366,0,"Hayejin Official Store adalah akun resmi dari Hayejin Indonesia di Platform Shopee. 

Jam Operasional : 
Senin - Jumat (09.00 - 17.00 WIB)
Sabtu (before 14.00)",498304,13842,1107360000
38439119,"s1d1 online","s1d1_online",61011,201,4.835398,182394,3847,558,"KOTA JAKARTA TIMUR","Tidak","Ya","Ya",99,2243,0,"Selamat Datang di s1d1 online. 
s1d1 online adalah akun resmi s1d1 di platform shopee.

Jam Operasional kami adalah :
Senin - Sabtu : 09.00 - 16.00 (terkahir resi dicetak)
Minggu tidak ada pengiriman",1494392,41511,3320880000
42030172,"Teddy Clubs Official Shop","teddyclub",60584,175,4.864134,51872,1012,210,"KAB. TANGERANG","Ya","Tidak","Tidak",83,11798,0,"Teddie Clubs Official Shop adalah akun resmi dari Teddy Clubs diplatform Shopee. 

Dengan bangga semua produk skincare kami dibuat di Indonesia. Menjaga kualitas dan membantu menyembuhkan masalah kuli",424752,11799,943920000
30140264,"Daily Solutions Store","dailysolutionsstore",58520,221,4.845636,426482,8530,1278,"KOTA JAKARTA SELATAN","Tidak","Ya","Ya",82,11731,0,"",3490320,96953,7756240000
133341001,"Priskila Official Shop","priskila_official",58151,265,4.882547,187690,2726,853,"KOTA TANGERANG","Ya","Tidak","Tidak",100,930,0,"Priskila Official Shop adalah akun resmi dari Casablanca di Platform Shopee. Produk Casablanca, Bellagio, Regazza, Camellia dan Marie Jose merupakan Brand yang di kelola dan di miliki oleh PT. Priskil",1530152,42504,3400320000
298959895,"LUNICA Official Shop","lunicaid",57901,20,4.926751,63250,402,70,"KAB. TANGERANG","Ya","Tidak","Tidak",93,3879,0,"Skincare & Clinic Spesialis Flek Melasma & Hiperpigmentasi
Bantu Menangani Flek Melasma Sejak 2020. Seluruh produk LUNICA dibuat dengan bahan aktif premium import dari Korea, USA, Eropa, dan Jepang
te",509776,14160,1132800000
580703149,"belikaka_99","belikaka_99",57796,1087,4.819259,191671,5098,1093,"KOTA CIMAHI","Tidak","Ya","Ya",96,7068,1,"Selamat Datang di Toko Belikaka_99
✨Follow Kami Untuk Selalu Update Barang Terbaru
✨Dapatkan Promo Menarik dan Diskon Terbaik

CATATAN TOKO:
Sebelum Checkout Harap Periksa Kembali Barang yg Dipesan",1582896,43969,3517520000
849460986,"VIBRANT GLAMOUR Official Store","vibrantglamour.indonesia",57260,69,4.868062,121303,1958,336,"KOTA JAKARTA BARAT","Ya","Tidak","Tidak",99,5851,0,"VIBRANT GLAMOUR Official Shop adalah akun resmi darI VIBRANT GLAMOUR di platform Shopee
Created in 2017, VIBRANT GLAMOUR features a natural skin care brand. 100% natural extraction makes your skin ten",988776,27466,2197280000
83218283,"Reka Cosmetics Official Shop","rekacosmeticsofficial",56748,27,4.896537,49847,718,112,"KOTA JAKARTA UTARA","Ya","Tidak","Tidak",100,3536,0,"Reka Cosmetics Official Shop adalah akun resmi dari Reka Cosmetics di Platform Shopee.

Jam Operasional: 
Monday-Friday, 9 AM - 5 PM


We are inspired by the freedom of self expression and imaginative",405416,11262,900960000
513639425,"MurahTop88","murahtop88",56613,595,4.845824,266449,4933,1681,"KOTA JAKARTA UTARA","Tidak","Ya","Ya",90,4430,1,"Selamat Datang di MurahTop88!

‍♂️ Admin kami siap untuk melayani pesanan anda dengan barang yang dijamin TERJANGKAU, BERKUALITAS dan LENGKAP ‍♂️

⚠️ Untuk meningkatkan pengalaman yang lebih b",2184504,60681,4854480000
87193426,"GLAMPALM OFFICIAL SHOP","glampalm_official",55927,35,4.924859,9728,104,35,"KOTA BEKASI","Ya","Tidak","Tidak",96,3898,0,"GLAMPALM OFFICIAL SHOP adalah akun resmi dari GLAMPALM Indonesia di platform SHOPEE. 
Glampalm adalah brand catokan asal Korea, catokan plat Ceramic pertama di Dunia, dan yang menggunakan Healing Ston",78936,2193,175440000
765085751,"Wahl Official Shop","wahl.id",55892,67,4.867301,40075,641,282,"KOTA JAKARTA UTARA","Ya","Tidak","Tidak",98,4585,0,"Wahl Official Shop adalah akun resmi dari Wahl di Platform Shopee.

Wahl Official Shop menyediakan berbagai produk Original Wahl mulai dari alat gunting, pemangkas, dan pencukur serta aksesoris barber",327984,9111,728880000
174033775,"Venon Official Shop","venon.official",55861,43,4.844246,56679,1183,210,"KOTA JAKARTA UTARA","Ya","Tidak","Tidak",93,4698,0,"Venon Official Shop adalah akun resmi dari PT.Rantaeus Cipta Pesona di platform Shopee. Kami menawarkan beragam produk berkualitas dan bernilai tinggi dengan harga yang terjangkau. Setiap produk diran",464576,12905,1032400000
351746833,"Kundal Official Shop","kundal.id.official",55503,75,4.953687,75584,350,99,"KAB. BEKASI","Ya","Tidak","Tidak",92,6123,0,"Kundal Official Shop adalah akun resmi dari Kundal di Platform Shopee. 

We are an all natural personal daily care brand 

Jam Operasional : Senin - Jumat (08:30-18:00) WIB",608264,16896,1351680000
274491382,"Dermaster Official Shop","dermaster.id",54713,76,4.948796,14330,68,15,"KOTA JAKARTA PUSAT","Ya","Tidak","Tidak",100,2650,0,"Official Shopee Dermaster Indonesia 

Dermaster Official Shop adalah akun resmi dari Dermaster di platform Shopee.

Jam Operasional:
* Senin - Jumat | Jam 09:00 - 18:00

Pengiriman:
* Senin - Jumat |",115304,3203,256240000
1343041214,"Estee Lauder Official Store","esteelauderofficialstore",52856,52,4.943356,14426,91,61,"KOTA JAKARTA TIMUR","Ya","Tidak","Tidak",88,2668,0,"",116624,3240,259200000
92918491,"Rodeos Official Shop","rodeosindonesiaofficial",52631,38,4.774421,54099,1745,348,"KOTA SUKABUMI","Ya","Tidak","Tidak",22,8551,0,"Rodeos Official Shop merupakan akun resmi di platform Shopee.

Dengan kandungan bahan pilihan yang diformulasikan khusus untuk kulit, yang dapat menjaga kelembutan dan kelembaban kulit, membantu menun",449536,12487,998960000
1016722639,"Sombong Official Store ","sombong.id",50871,46,4.895037,218105,2791,568,"KOTA TANGERANG","Ya","Tidak","Tidak",96,5218,0,"Sombong Official Store adalah akun resmi dari Sombong di platform Shopee.
Jam Operasional 
Senin-Jumat : 09.00-21.00
Sabtu             : 09.00-17.00 
Minggu          : Libur

""Ganteng Gak Ribet""",1771712,49214,3937120000
50919605,"Vivelle Official Shop","vivellecare",50148,103,4.898054,100700,1211,276,"KOTA JAKARTA TIMUR","Ya","Tidak","Tidak",89,7330,0,"1. Vivelle Care Official Shop adalah akun resmi Vivelle di Platform Shopee
2. Vivelle adalah produk personal care untuk wanita / pria, yang menyediakan parfum, deodorant, face mask (facial mask), Body",817496,22708,1816640000
388091138,"Cleya Beauty Official Shop","cleyabeauty",50078,37,4.926882,46603,442,49,"KOTA TANGERANG","Ya","Tidak","Tidak",80,17517,0,"Cleya is when Clean meets Beauty.

Our products are vegan, cruelty-free, halal, and BPOM certified, ensuring beauty that’s kind to you and the planet.

 :
Monday - Sund",376752,10465,837200000
284607209,"Loveli Official Store","loveliofficial",48919,8,4.847013,208741,4394,838,"KOTA BEKASI","Ya","Tidak","Tidak",87,7686,0,"Loveli Official Store adalah akun resmi dari Loveli di platform Shopee. Solusi penghilang bulu alami sampai ke akar dengan harga terjangkau.

- Jadwal pengiriman : Senin - Sabtu ; 09.00 - 15.00 WIB
-",1711784,47550,3804000000
73424206,"Colab Dry Shampoo Official Shop","colabdryshampoo",47963,29,4.903913,19144,270,59,"KOTA TANGERANG","Ya","Tidak","Tidak",97,12157,0,"Colab Dry Shampoo Official Shop adalah akun resmi Colab Dry Shampoo Indonesia di Platform Shopee.

COLAB Dry Shampoo adalah Multi Award Winning Dry Shampoo yang berasal dari UK. Sudah hadir di 37 Nega",155784,4327,346160000
555852706,"Soulyu Official Shop","soulyubeauty",47525,51,4.894448,28970,461,66,"KOTA JAKARTA PUSAT","Ya","Tidak","Tidak",100,2497,1,"Soulyu Official Shop adalah akun resmi dari brand Soulyu di platform Shopee.

Soulyu, brand kecantikan lokal yang diformulasikan dengan kandungan skincare di setiap produknya. Soulyu hadir tidak hanya",235976,6555,524400000
92653300,"Banana Boat Official Shop","bananaboatofficial",45139,138,4.912881,95382,946,291,"KOTA BEKASI","Ya","Tidak","Tidak",100,28,0,"Banana Boat Official Shop adalah akun resmi dari Banana Boat Indonesia di platform Shopee. Banana Boat sunscreen melindungi anda dan orang tersayang dari sengatan matahari, dengan varian produk untuk",772952,21471,1717680000
60318204,"Jedar Cosmetic Official Shop","jedarcosmetic",45007,12,4.828122,11034,316,96,"KOTA JAKARTA SELATAN","Ya","Tidak","Tidak",80,7940,2,"Jedar Cosmetic Official Shop merupakan akun resmi Jedar Cosmetic di Shopee. Jedar Cosmetic by Jessica Iskandar. Her dream came true to create and own her brand. She love cosmetics long time ago & have",91568,2544,203520000
973320920,"home ideal","home.ideal",44979,1493,4.780799,374653,13017,4914,"KAB. TANGERANG","Tidak","Ya","Ya",100,173,0,"",3140672,87241,6979280000
608820013,"KLAR Smile Official Shop","klarsmile",44293,44,4.906921,43825,523,117,"KOTA JAKARTA SELATAN","Ya","Tidak","Tidak",84,7269,0,"KLAR Official Shop adalah akun resmi dari KLAR di platform Shopee yang merupakan brand dental aesthetic no.1 di Indonesia, terdaftar di KEMENKES RI, dan sudah digunakan lebih dari ribuan customer.",355720,9881,790480000
165628338,"Putrieyelashes","nazillaeyelashes02",44168,177,4.845252,104969,2181,506,"KAB. PURBALINGGA","Tidak","Ya","Ya",95,1871,1,"kami adalah pengrajin bulumata,  kenapa kami jual Murah Karena kami Tangan pertama yang memproduksi Bulu Mata langsung... yuk yang Mau jadi reseller Dan dropsiper kami siap Untuk melayani",861248,23924,1913920000
212029621,"Freeman Beauty Official Shop","freemanbeauty",43982,47,4.882784,25585,354,79,"KOTA BEKASI","Ya","Tidak","Tidak",100,14,0,"Freeman Beauty Official Shop is the official account of Freeman Beauty Indonesia in Shopee.

Freeman Beauty was launched in 1976 with a vision to provide nature inspired hair care, facial masks, and b",208144,5782,462560000
69413780,"Skin Dewi Official Shop","skindewiofficial",43925,67,4.950864,25656,152,33,"KOTA TANGERANG SELATAN","Ya","Tidak","Tidak",100,2938,0,"Skin Dewi Official Shop adalah toko official Skin Dewi di platform Shopee

Halal & BPOM Certified

OPERATIONAL HOURS:
Mon - Fri / 09:00 - 18:00

CUT-OFF Time For Placing Order:
14:30 (GRAB/GOJEK)
14:3",206728,5742,459360000
81193742,"dr soap Official","drsoap",43848,47,4.951198,39018,241,43,"KOTA SURABAYA","Ya","Tidak","Tidak",64,5442,0,"#1 PRIME & HIGH-QUALITY PRODUCT.

Safer, Cleaner, Greener.

Operational Hour: Mon-Fri 08:30AM-4:000PM",314416,8734,698720000
300470589,"Ledolla Official Shop","ledolla.id",43190,31,4.838984,45892,902,117,"KOTA TANGERANG","Ya","Tidak","Tidak",87,6800,0,"",375288,10425,834000000
1502336937,"Becoming Official Store","becoming_id",42104,51,4.937341,43836,277,44,"KAB. TANGERANG","Ya","Tidak","Tidak",98,3820,0,"Welcome to becoming Official Shop.
becoming Official Shop adalah akun resmi dari becoming di platform Shopee. 
BPOM Certified.

Visit our Social Media: @becoming_id

Jam operasional:
Senin - Jumat 08.",353256,9813,785040000
136526502,"REI Skin Official Shop","reiskin",40971,29,4.954305,23863,85,18,"KOTA TANGERANG","Ya","Tidak","Tidak",95,6380,0,"REI Skin Official Shop adalah akun resmi dari REI Skin di platform Shopee.
Jam operasional: 9:00AM - 17:00PM

REI adalah brand personal care berasal dari Surabaya yang bertujuan untuk membantu masyara",191728,5326,426080000
29532134,"Elona World Official Shop","elonaworld",39432,39,4.913601,23057,280,48,"KOTA JAKARTA TIMUR","Ya","Tidak","Tidak",77,5020,0,"""ELONA WORLD OFFICIAL SHOP adalah akun resmi ELONA di platform Shopee""

JAM OPERASIONAL
Senin - Jumat ( 9.00 -18.00 )
Konfirmasi order yang masuk sebelum jam 1 siang, dikirim di hari yang sama. Lewat",187080,5197,415760000
13465477,"Rizky Perfume","rizkyparfum",39248,1567,4.828237,127709,2960,1031,"KOTA JAKARTA BARAT","Tidak","Ya","Ya",94,4982,2,"Haii kaka 
lengkapi kebutuhan parfum mu di toko kami!
untuk retail harga kami harga terbaik
silakan cek etalase kami ya

GARANSI ORIGINAL PRODUK 
Terimakasih",1053600,29267,2341360000
378296012,"DIZO Official Store","dizo.official",38634,103,4.882715,35502,572,167,"KAB. TANGERANG","Ya","Tidak","Tidak",100,76,0,"DIZO Official Store adalah Akun Resmi dari DIZO di Platform.
ShopeeOperational Hours :7:00-23:00",289928,8054,644320000
141157797,"CoverMake Official","covermakeofficial",38582,22,4.859517,52949,1043,180,"KOTA JAKARTA UTARA","Ya","Tidak","Tidak",74,5230,0,"Covermake Official  adalah akun resmi dari brand Covermake di Platform Shopee.

Be you. Do you. For you.
Welcome to Covermake Official

JAM OPERASIONAL:
Senin - Jumat: 09:00 - 17:00

Note:
Pesanan yg",433376,12038,963040000
478082177,"Oasea Official Shop","oaseaofficial",38132,35,4.926358,20610,149,81,"KAB. SLEMAN","Ya","Tidak","Tidak",100,3125,0,"Oasea Official Shop adalah akun resmi Oasea di Shopee.

Oasea Laboratories is a renewable skincare products approved by dermatologist and focuses on preserving marine environment.
Came from the word o",166720,4631,370480000
290661532,"theBalm Official Shop","thebalm_indonesia",36984,22,4.942573,3156,28,7,"KOTA JAKARTA SELATAN","Ya","Tidak","Tidak",82,7613,0,"theBalm Official Shop merupakan akun resmi milik theBalm Cosmetics Indonesia di platform Shopee.

theBalm Official Shop dijalankan dan dilayani oleh PT. Teguh Pesona selaku Distributor resmi theBalm d",25528,709,56720000
42177964,"Air Mancur Official Shop","airmancurofficial",36911,85,4.905959,49453,507,186,"KOTA TANGERANG","Ya","Tidak","Tidak",100,24,0,"Jam Operasional
Senin-Jumat= 09.00 WIB - 18.00 WIB
Sabtu-Minggu / Hari Libur= TUTUP

Pesanan yang masuk di senin - jumat di atas jam 15.00, akan di proses besok hari. Pesanan yang masuk di sabtu - min",401168,11144,891520000
303332419,"Mirelle Official Shop","mirellebeauty",36403,59,4.891891,28443,331,63,"KOTA SEMARANG","Ya","Tidak","Tidak",72,9807,0,"Mirelle Official Shop adalah akun resmi dari Mirelle di platform Shopee

✅ Semua produk kami READY Stok
 Bisa Bayar di Tempat (COD) 
⏰ Jadwal buka toko: Senin - Sabtu 08.00 - 17.00
GARANSI PUAS 15",230696,6408,512640000
58693264,"Since Day One Official Store","sincedayone.official",36062,16,4.867475,22009,350,60,"KAB. BOGOR","Ya","Tidak","Tidak",100,8,0,"For the One
At Since Day One, we believe that simplicity and honesty are the keys to true beauty. We are here to support you every step of the way, helping you embrace your authentic self.",179352,4982,398560000
290842788,"Absolute New York Official Shop","absolutenewyorkos",36012,45,4.901793,19812,275,72,"KOTA JAKARTA SELATAN","Ya","Tidak","Tidak",94,6560,0,"Absolute New York Official Shop adalah akun resmi Absolut New York di platfom Shopee Indonesia
Jam Operasional kami adalah :
Senin - Jum'at 09.00 s/d 17.00 
Sabtu = Libur
Minggu / Tanggal merah = Libu",161272,4480,358400000
94308560,"Repit Indonesia Official Shop","repitindonesia",35819,25,4.91117,5675,75,26,"KOTA JAKARTA UTARA","Ya","Tidak","Tidak",100,7967,0,"Repit Indonesia Official Shop adalah akun resmi dari REPIT INDONESIA di platform SHOPEE
Kami menjual dan menyediakan perangkat styling rambut dengan merk Repit yang merupakan alat kecantikan asal Kore",46208,1284,102720000
164501749,"BIYU Official Shop","biyuskin",34993,34,4.918101,28604,252,15,"KOTA JAKARTA TIMUR","Ya","Tidak","Tidak",99,4979,6,"BIYU Official Shop adalah Akun resmi dari BIYU di Platform Shopee. 

Jam Operasional: 
Senin - Jumat: 9AM-5PM
Sabtu Minggu Toko Libur

Pengiriman pesanan ada setiap hari✔️

BIYU adalah Solusi Efektif",230968,6416,513280000
240557409,"McNulty Coffee Indonesia","mcnultycoffee",34592,63,4.887957,11630,162,82,"KOTA JAKARTA SELATAN","Ya","Tidak","Tidak",72,794,0,"Akun Resmi Mcnulty Coffee Indonesia
Untuk pengiriman Hari Senin sd Jumat jam 09.00 sd 14.30.
Maksimal pengiriman instant di jam 2 siang.",94992,2639,211120000
73390282,"Dancoly Official Shop","dancoly",33874,58,4.953006,52828,232,44,"KOTA JAKARTA UTARA","Ya","Tidak","Tidak",100,2402,0,"> Dancoly Official Shop adalah akun resmi dari Dancoly di platform Shopee
> Jam Operasional: Senin - Sabtu (09.00 - 15:00)
> Minggu, Tanggal Merah / Public Holiday : OFF pengiriman
> Dancoly Paris Pro",424832,11801,944080000
1102968611,"Music Flower Official Store","musicflowerindonesia",33241,49,4.818829,44148,1342,221,"KOTA JAKARTA BARAT","Ya","Tidak","Tidak",100,1014,0,"Music Flower Official Store adalah akun resmi dari Music Flowerl di platform Shopee",365688,10158,812640000
1206879508,"Dr.Jart+ Official Store","drjartofficial",32619,33,4.953728,5096,28,8,"KOTA JAKARTA TIMUR","Ya","Tidak","Tidak",91,2277,0,"SKIN. SCIENCE. ART.",41056,1140,91200000
78711379,"Loreca Official Shop","lorecaofficial",31947,25,4.916009,13599,141,16,"KOTA JAKARTA UTARA","Ya","Tidak","Tidak",71,4922,0,"Loreca Official Shop adalah akun resmi dari Loreca di Shopee. 
Jam operasional : Senin - Jumat pk 08.30-16.00 
Konfirmasi pembayaran yang dilakukan sebelum pk 12.00 akan dikirimkan di hari yang sama.",110048,3057,244560000
233711658,"Viva Cosmetics Authorized Pdg","indocostique.pdg",31947,270,4.841142,128261,2334,527,"KOTA PADANG","Ya","Tidak","Tidak",78,3365,0,"Akun resmi dari PT. Panti Kosmetika Baru

Jam Buka:
Senin s/d Jumat : 08.00 - 16.30
Sabtu, Minggu dan Tanggal Merah Libur/Tutup

Untuk Pengiriman Hari Ini Juga Paling Lambat : 
Sameday : Senin s/d Jum",1048976,29138,2331040000
131135447,"Sinergia Beaute Official Shop","sinergiabeaute",31907,132,4.914216,22657,218,90,"KOTA JAKARTA TIMUR","Ya","Tidak","Tidak",100,2300,0,"Sinergia Beaute Official Shop akun resmi Sinergia di Shopee.
Sebagai Distributor Resmi Hair Food, Face Up, Maraes, KO5 dan Style Perfetto di Indonesia. 
Hair Food, Maraes dan KO5 adalah produk Hair In",183720,5103,408240000
1491258740,"Deoxide Official Store","deoxidestore",30983,44,4.911457,157704,1479,215,"KOTA TANGERANG","Ya","Tidak","Tidak",100,6122,0,"Deoxide Official Store adalah akun resmi dari Deoxide di platform shopee. Waktu operasional: 10.00 - 17.00 WIB",1275184,35422,2833760000
86665456,"BaliBahagia","balibahagia",30669,393,4.876972,306394,4912,1174,"KOTA DENPASAR","Tidak","Ya","Ya",100,5157,0,"Selamat datang di Bali Bahagia,
- Pesanan akan dikirim hari itu juga kalau kami  sudah menerima konfirmasi dari shopee sebelum jam 15.00
- HARI MINGGU LIBUR
- INSTANT mulai jam 9.00-17.00
- FREE BUBBL",2499840,69440,5555200000
137482106,"Flormar ID Official Shop","flormarindonesia",29892,63,4.887639,17494,265,89,"KOTA JAKARTA UTARA","Ya","Tidak","Tidak",81,9835,0,"Flormar Indonesia Official Shop adalah akun resmi dari Flormar Indonesia di Platform Shopee.

Jam Operasional CS Flormar: 
Senin - Jumat : 9.00 - 17.00

Pengiriman Senin-Minggu kecuali tanggal merah.",142784,3966,317280000
79492424,"Lunadorii Official Shop","lunadorii.id",29566,535,4.897841,42803,447,117,"KOTA JAKARTA TIMUR","Ya","Tidak","Tidak",97,2409,0,"Hello Lunababes!

Lunadorii Official Store merupakan akun resmi Lunadorii di platform Shopee.
Lunadorii merupakan gerai kosmetik dan distributor resmi dari brand didalamnya dengan produk berkualitas d",346936,9637,770960000
261507182,"Heimish Official Shop","heimishindonesia",28921,42,4.952349,39071,185,51,"KOTA TANGERANG","Ya","Tidak","Tidak",81,7817,0,"Welcome to Heimish Official Shop!
--
Heimish Official Shop merupakan akun resmi di platform Shopee. Seluruh produk yang dijual merupakan produk yang sudah teregistrasi, di impor langsung dari Korea da",314456,8735,698800000
19268741,"Meisa Bulu Mata Official Shop","meisabulumata",28766,251,4.943796,14545,74,8,"KOTA DENPASAR","Ya","Tidak","Tidak",84,8526,0,"Meisa Bulu Mata Official Shop adalah akun resmi dari Meisa Bulu Mata di platform Shopee. 
Dapatkan kualitas bulu mata terbaik di Meisa Bulu Mata, karena bulu mata kami BUKAN buatan pabrik, bulu mata k",117016,3250,260000000
1191619422,"Nurilab Official Shop","nurilab.store",28746,55,4.892052,52161,766,109,"KOTA TANGERANG","Ya","Tidak","Tidak",100,5977,0,"Nurilab Official Shop adalah akun resmi dari Nurilab di platform Shopee.
Waktu Operasional: Senin - Jumat jam 09.00 - 17.00
#DermsComeTrue",424288,11786,942880000
59971631,"BY_RIJU","helowganic",28592,14,4.799071,67651,2214,367,"KOTA CILEGON","Tidak","Tidak","Tidak",68,4739,10,"HELOWGANIC OFFICIAL adalah akun resmi dari @Helowganic di platform Shopee 


Herbal Product For Family #Alamidarialam


Jam Operasional:
Senin-Sabtu: 08.00-18.00 WIB (Di luar itu Slowrespon)",561856,15607,1248560000
97148691,"ACNOC Indonesia Official Shop","acnocindonesia",28546,13,4.857083,25920,492,69,"KOTA JAKARTA BARAT","Ya","Tidak","Tidak",100,9799,0,"Acnoc Meredakan Jerawat Tanpa Bekas - Shopee Best Seller Acne Treatment
ACNOC Official Shop akun resmi dari ACNOC di Platform Shopee.

• Menggunakan bahan2 natural
• BPOM certified 
• Halal certified",211848,5885,470800000
868951994,"P.CALM Official Shop","p.calm_indonesia",28277,56,4.931077,37852,250,55,"KOTA JAKARTA UTARA","Ya","Tidak","Tidak",100,3513,0,"Selamat datang di ""P.CALM Official Store ini adalah akun resmi dari P.CALM di platform Shopee""
-Menjual produk skin care yang terbuat dari bahan alami.
-Chat dbalas saat jam Oprasional (Monday-Friday)",305256,8479,678320000
349984980,"Dr Wolff Official Shop","dr.wolff.os.id",27932,42,4.90772,19683,193,40,"KOTA JAKARTA BARAT","Ya","Tidak","Tidak",96,3895,0,"Dr Wolff Official Shop merupakan akun resmi dari produk perawatan rambut dari Germany (Alpecin dan Plantur) di platform Shopee. Kami adalah distributor resmi yang ada di Indonesia. Seluruh produk yang",159328,4426,354080000
43696277,"Rossa Beauty Official Shop","rossabeauty.official",27464,68,4.893295,8833,103,27,"KAB. SUMEDANG","Ya","Tidak","Tidak",84,10507,0,"Rossa Beauty Official Shop adalah Akun Resmi dari Rossa Beauty by Rossa di platform Shopee. Pelayanan dan Pengiriman Setiap hari Kerja, Senin - Jumat Jam 09.00 - 17.00 WIB.",71704,1992,159360000
28176867,"Wak Doyok Official Store","wakdoyok.indonesia",26854,27,4.779588,51609,1671,316,"KOTA BANDUNG","Ya","Tidak","Tidak",82,7625,0,"Wak Doyok Official Store adalah akun resmi untuk seluruh produk Wak Doyok di platform Shopee. 

Wak Doyok adalah seorang local fashion celebrity asal Malaysia yang juga memiliki darah Indonesia (kakek",428768,11910,952800000
21446511,"Cahaya Naturals Official Shop","cahayanaturals",26684,41,4.912149,44442,341,68,"KOTA JAKARTA SELATAN","Ya","Tidak","Tidak",81,11016,0,"Cahaya Naturals Official Shop adalah akun resmi Cahaya Naturals di platform Shopee. 
Natural Skincare - No SLS, No Paraben, No Harsh Chemicals. Happy shopping!
Jam operasional :
Senin - Jumat (08.00 -",358808,9967,797360000
931931428,"Skinlutions Esc Official Store","skinlutionsofficial",25691,41,4.89446,18178,167,52,"KOTA JAKARTA BARAT","Ya","Tidak","Tidak",100,10,0,"Skinlutions Esc Official Store adalah akun resmi Skinlutions Esc di platfrom Shopee

Skinlutions mewakili ide dari berbagai solusi untuk kebutuhan kulit, tidak hanya untuk masalah kulit tertentu tapi",147176,4088,327040000
1033292700,"Xing Nail","xingnail",25512,99,4.75096,88911,3900,1271,"KOTA JAKARTA UTARA","Tidak","Ya","Ya",87,3093,0,"Selamat Datang di Toko Saya!
Kami Menyediakan Berbagai Macam Kebutuhan atau Accesories atau Alat untuk Nail Art
Demi Mempercantik Kuku Anda... 
Kuku adalah muka kedua Wanita!!

Terimakasih..",752656,20907,1672560000
1662543914,"NARS Official Store","narscosmeticsindonesia",25182,43,4.911401,1475,13,19,"KOTA TANGERANG","Ya","Tidak","Tidak",100,10,0,"",12056,335,26800000
1313652409,"Shu Uemura Official Store","shuuemuraofficial",24895,40,4.934692,5986,54,22,"KOTA TANGERANG","Ya","Tidak","Tidak",100,20,1,"Shu Uemura Official Store adalah akun resmi dari Shu Uemura di platform Shopee.

Waktu Operasional: 
Senin - Jumat 08:00 - 18:00
Sabtu - Minggu 08:00 - 11:00",48496,1347,107760000
199185710,"Rabbit Habit Official","rabbithabitofficial",24700,47,4.926213,6420,46,14,"KOTA JAKARTA BARAT","Ya","Tidak","Tidak",71,8580,0,"Rabbit Habit adalah produk kecantikan ASLI Indonesia yang terinspirasi dari legenda kelinci di bulan, yang selalu bekerja tanpa lelah menciptakan ramuan kecantikan terbaik untuk dewi bulan. Rabbit Hab",51840,1440,115200000
12027043,"Organic Supply Co. Official ","organicsupplyco",23597,81,4.918274,25250,269,28,"KOTA JAKARTA BARAT","Ya","Tidak","Tidak",98,693,0,"Akun resmi Organic Supply Co. pada platform Shopee. Waktu operasional: Senin-Jumat pukul 08.00-17.00. 
Pengiriman: Senin - Jumat KECUALI hari libur nasional/cuti bersama, pukul  08.00 - 16.00
Same Day",204376,5677,454160000
267071119,"BYS Cosmetics Official Shop","bysindonesia",23279,58,4.891014,5268,77,24,"KOTA JAKARTA SELATAN","Ya","Tidak","Tidak",85,5876,0,"BYS Cosmetics Official Shop merupakan akun resmi milik BYS Cosmetics Indonesia di platform Shopee.
BYS Cosmetics Official Shop dijalankan dan dilayani oleh PT. Teguh Pesona selaku Distributor resmi BY",42952,1193,95440000
85459574,"DR Rochelle Official Shop","dr_rochelleskinexpertindonesia",22517,9,4.848375,19200,358,101,"KOTA JAKARTA PUSAT","Ya","Tidak","Tidak",47,9533,0,"DR Rochelle Official Shop merupakan akun resmi dari DR Rochelle Skin Expert di platform Shopee. Dr. Rochelle merupakan brand perawatan kulit terbaik yang dapat digunakan sehari-hari karena memiliki ku",157272,4369,349520000
3188555,"Cyskin by Calysta","cyskinbycalysta",22512,55,4.919541,42801,325,62,"KOTA BANDUNG","Ya","Tidak","Tidak",99,5266,0,"Cyskin by Calysta adalah akun resmi dari Calysta di platform Shopee.
Cyskin mampu mengatasi keluhan kulit kusam, jerawat dan lainnya. Diawasi oleh dokter Spesialis Kulit.

Jam Operasional Pengiriman :",345504,9597,767760000
1213759520,"Erha Truwhite Official Store","truwhiteofficialstore",21798,68,4.938229,33028,182,61,"KOTA JAKARTA BARAT","Ya","Tidak","Tidak",100,27,0,"Truwhite Official Store adalah akun resmi dari Truwhite di platform shopee. Waktu Operasional: Senin-Jumat 07.00-22.00",266168,7394,591520000
268493582,"Aquila Herb Official","aquilaherbofficial",20898,67,4.907539,19589,195,33,"KAB. INDRAMAYU","Ya","Tidak","Tidak",100,5951,0,"Aquila Official Shop merupakan akun resmi Aquila di platform Shopee.

Aquila dibuat oleh seorang Pharmasist & dilakukan uji kualitas oleh Pharmasist dgn sertifikasi Good Manufacturing Practice

Aquila",158536,4404,352320000
185322553,"Oleca Organics Official Shop","olecaorganics",19647,15,4.91648,14895,132,22,"KOTA JAKARTA BARAT","Ya","Tidak","Tidak",81,4293,0,"Oleca Organics Official Shop adalah akun resmi Oleca Organics di platform Shopee. 
Jadwal Operasional : 
Senin - Sabtu: 09.00 - 16.45 WIB
Hari Minggu dan Hari Libur Nasional Tutup.",120392,3344,267520000
279468047,"Female Stuff Official Shop","female_stuff",19255,117,4.812483,37382,859,351,"KAB. SIDOARJO","Ya","Tidak","Tidak",92,4819,0,"Female Stuff menyediakan produk mulai dari perawatan rambut, penghilang bulu, perawatan kulit dan perawatan wajah.
Semua produk yang terdapat di etalase adalah ready stock dan kami melakukan pengirima",308736,8576,686080000
106733997,"I Am Addicted Official Shop","iamaddictedofficial",18992,81,4.934519,6042,57,6,"KOTA TANGERANG SELATAN","Ya","Tidak","Tidak",98,375,0,"I Am Addicted Official Shop merupakan akun resmi I Am Addicted di platform Shopee.

Your Beauty Tools Partner
www.iamaddicted.id",48840,1357,108560000
527861425,"Elizabeth Arden Official Shop","elizabetharden.official",18817,96,4.91924,2145,24,11,"KOTA JAKARTA BARAT","Ya","Tidak","Tidak",99,3859,0,"Selamat datang di akun resmi Elizabeth Arden Official.

Jam Operasional:
Senin - Jumat (09:00 - 17:00)
Weekend (Offline)",17440,484,38720000
610215585,"MadeVine Official Store","madevineofficialstore",18489,12,4.745802,47256,1698,318,"KOTA JAKARTA UTARA","Ya","Tidak","Tidak",82,1128,0,"Selamat datang di ""Madevine Official Store"" ini adalah akun resmi dari Madevine di platform Shopee"" :

- Chat akan dibalas saat jam Operasional (Senin - Sabtu)
- Waktu Operasional Senin - Jumat 08.00",394176,10949,875920000
169111593,"Kanebo Cosmetics Official Shop","kanebocosmeticsofficialshop",18125,69,4.956623,5669,33,7,"KOTA JAKARTA PUSAT","Ya","Tidak","Tidak",78,6008,0,"Kanebo Cosmetics Official Shop adalah akun resmi dari Kanebo Cosmetics di Platform Shopee.

A Japanese cosmetics brand that communicates not only beauty but ""Hope"", offering skincare and makeup lines",45672,1269,101520000
260230334,"Ailia Official Shop","ailia.naturals",17823,66,4.937421,13349,29,5,"KOTA DENPASAR","Ya","Tidak","Tidak",98,1816,0,"Ailia Official Shop adalah akun resmi dari Ailia di platform Shopee.

Bali based artisan ~maker of hand-crafted natural skincare.

Our products are inspired by nature, crafted from plants extracts, n",107064,2974,237920000
8093738,"Folti Baffi Official","foltibaffi",17506,76,4.810239,41101,1029,405,"KOTA SURABAYA","Ya","Tidak","Tidak",60,10429,11,"Folti Baffi merupakan akun resmi dari Folti Baffi Indonesia pada platform Shopee. 

Folti Baffi menggunakan bahan-bahan terpilih dan proses produksi terkontrol berstandar untuk menghasilkan produk yan",340280,9452,756160000
1346219783,"CLINIQUE Official Store","cliniqueofficial",17330,49,4.967548,8974,47,12,"KOTA JAKARTA TIMUR","Ya","Tidak","Tidak",91,2981,0,"",72264,2007,160560000
16027211,"Ayudya Naturally Official Shop","ayudyanaturally",16645,111,4.895208,33593,377,72,"KOTA JAKARTA BARAT","Ya","Tidak","Tidak",78,5320,0,"Ayudya Official Shop adalah akun resmi dari Ayudya di platform Shopee

✅ Semua produk kami READY Stok
 Bisa Bayar di Tempat (COD) 
⏰ Jadwal buka toko: Senin-Jumat jam 9-5 
 Lama Pengiriman: Karena",272336,7565,605200000
294944553,"Ekles Skincare Official Shop","eklesskincareofficial",16407,57,4.887162,12617,149,65,"KOTA JAKARTA UTARA","Ya","Tidak","Tidak",100,4433,0,"Ekles Official Shop adalah akun resmi dari brand Ekles Skin Care Clinic di platform Shopee. 
Pengiriman H+1 setelah pemesanan.
Operational Hours : Senin – Jumat (09.00 – 17.00)",102648,2851,228080000
301699781,"Gake Beauty","gake_beauty",16181,79,4.817314,35997,841,258,"KAB. SIDOARJO","Ya","Tidak","Tidak",93,4537,0,"Gake Beauty adalah akun resmi dari e-retail skincare Greendi platform Shopee. Kami menyediakan produk mulai dari perawatan kulit, perawatan tubuh dan kecantikan.
Semua produk yang terdapat di etalase",296768,8244,659520000
61902155,"Roegan Official Shop","roeganofficialshop",16003,18,4.887695,46509,605,106,"KOTA JAKARTA BARAT","Ya","Tidak","Tidak",100,8246,0,"A scientific community for hair-growth.
Roegan Official Shop adalah akun resmi Roegan di Shopee. 
Perawatan diri yang diformulasikan melalui proses studi ilmiah yang sudah terbukti.

Selamat berbelanj",377760,10493,839440000
163894786,"spirulinajaya","spirulinajaya",15401,13,4.671571,22417,1466,335,"KAB. TANGERANG","Tidak","Tidak","Tidak",32,2,5,"Welcome Reseller, Dropshiper & Grosiran.
 Pembelian Grosir Silahkan Hubungi Admin Langsung untuk mendapatkan harga menarik.
 Gratis ongkir tanpa minimal belanja & bisa COD (JNT)

 Jangan lupa",193744,5382,430560000
60330187,"Argavell Official Shop","argavell.id",15367,27,4.937996,33627,176,32,"KOTA SURABAYA","Ya","Tidak","Tidak",82,4158,0,"Argavell Official Shop adalah akun resmi dari Argavell di platform Shopee.
Shipments (JNE & J&T): H+1 After Payment
CAUTION: Please input the ""correct"" address during checkout, we do not offer refunds",270680,7519,601520000
1081901635,"VAMPS Official Store","itsvamps.id",15216,12,4.918958,7844,67,15,"KOTA JAKARTA UTARA","Ya","Tidak","Tidak",43,2,0,"VAMPS Official Store adalah akun resmi dari VAMPS di platform Shopee.

VITAL. ADVANCE. MINIMALIST. PURPOSE. SOCIAL. -- GLOW UP GLOWING. 

Operational Hours: Mon - Sun, 10.00 am - 21.00 pm
Chat CS Hour",63408,1761,140880000
53018304,"Utama Spice Official Shop","utamaspiceofficial",14529,247,4.923841,21149,171,33,"KAB. GIANYAR","Ya","Tidak","Tidak",76,6016,0,"Utama Spice adalah merek terkemuka dalam mengembangkan dan memproduksi produk perawatan kulit yang sepenuhnya terbuat dari bahan-bahan alami dengan resep yang eksotis. Kami menggunakan bahan-bahan men",170824,4745,379600000
471662353,"SmoothSkin Official Shop","smoothskinindonesia",14472,6,4.924242,794,7,4,"KOTA JAKARTA UTARA","Ya","Tidak","Tidak",100,6494,0,"Smoothskin Official Shop adalah akun resmi dari Smoothskin di Platform Shopee. Jam Operasional toko : Senin - Jumat (09.00-17.00 WIB) Sabtu (09.00-13.00 WIB)",6440,179,14320000
510901977,"Boots Official Shop","bootsofficial",14428,5210,4.932218,24263,191,107,"KOTA JAKARTA PUSAT","Ya","Tidak","Tidak",50,9540,1,"Boots Official Shop Indonesia adalah akun resmi Boots yang menyediakan berbagai produk skincare hingga makeup berkualitas. Nikmati pengalaman belanja yang aman, praktis dengan promo menarik serta prod",196488,5458,436640000
1377749130,"Drve Official Store","drve.id",14320,126,4.843572,36256,814,133,"KAB. TANGERANG","Ya","Tidak","Tidak",100,121,1,"Drve Official Store adalah akun resmi dari Drve di platform Shopee
Waktu Operasional: Senin - Jumat jam 08.00 - 17.00",297624,8267,661360000
902593276,"Laifen Official Store","laifenofficial",13225,18,4.950802,9169,49,37,"KOTA TANGERANG","Ya","Tidak","Tidak",99,3120,0,"LAIFEN INDONESIA

Business Hours : Senin - Jumat, 08:00 - 17:00 WIB

For Instant Shipping pesanan terakhir di jam 14:00

Hotline 1500699

Pengiriman dari : Kota Tangerang

Pengiriman dari TokoCabang m",74040,2057,164560000
241460190,"XAMUSEXY_cosmetic","xamusexy_cosmetic",13209,277,4.790413,93300,2785,827,"KOTA JAKARTA BARAT","Tidak","Ya","Tidak",100,2968,1,"MISS_GIRL COSMETICs 
JANGAN RAGU UNTUK BELANJA DI TOKO KAMI
SOAL HARGA SUDAH MENJADI.PRIORITAS KAMI 
DAN MELAYANIN DENGAN 
PEMESANAN PARTAI MELALUI CARGO HUBUNGIN 
ADMIN",775296,21536,1722880000
902683666,"ERHASTORE SURABAYA","erhastoreofficialsurabaya",13168,98,4.918256,27605,276,94,"KOTA JAKARTA BARAT","Ya","Tidak","Tidak",100,30,0,"ERHASTORE SURABAYA adalah akun cabang resmi ERHASTORE Official di platform Shopee

Selamat berbelanja di toko kami!

Operational Hours: 
Sun - Fri : 09.00 - 22.00 WIB
Sat - Mon : 09.00 - 16.00 WIB",223800,6217,497360000
123139024,"Royalty Cosmetic Official Shop","royaltyid.online",13089,46,4.696852,3964,178,80,"KOTA SURABAYA","Ya","Tidak","Tidak",59,10226,0,"akun resmi dari Green Angelica di platform shopee dan menyediakan berbagai produk original Green Angelica.
Hari operasional toko : senin - sabtu (khusus sabtu hanya sampai pukul 12.00 WIB) (kecuali ha",33776,938,75040000
114888240,"Phyto Organic Official Shop","phytoorganic",12790,157,4.902581,12434,171,26,"KOTA JAKARTA BARAT","Ya","Tidak","Tidak",73,4479,0,"Phyto Organic Official Shop adalah akun resmi dari Phyto Organic di platform Shopee. 

Jam Operasional: Senin-Jumat 09:00-16:00",101048,2807,224560000
16270619,"Green Angelica Official Shop","ga.greenangelica",12583,74,4.750509,12943,477,197,"KOTA SURABAYA","Ya","Tidak","Tidak",47,14114,22,"Green Angelica Official Shop adalah akun resmi dari Green Angelica di platform Shopee. Kami menyediakan produk mulai dari Perawatan Rambut dan Penghilang Bulu secara Permanen tanpa rasa sakit dan efek",108936,3026,242080000
599718351,"Crystal Story Gift","cstory.gift",12488,41,4.83611,9228,192,41,"KAB. SRAGEN","Tidak","Ya","Tidak",92,3775,0,"Hallo semuanya.. Selamat datang di toko resmi shopee kami Crystal Story Gift (cstory.gift) 

Tersedia berbagai macam gift yang bisa kalian berikan keorang terdekat kalian dan juga tersedia souvenir",75688,2102,168160000
226792313,"Bee & Flower Official Shop","beeflowerbrand",11611,78,4.933556,27959,208,44,"KOTA JAKARTA BARAT","Ya","Tidak","Tidak",96,3879,0,"Sabun Tawon (Bee & Flower), 100% Ori, 100% Import

Bee & Flower Official Shop adalah akun resmi dari brand Bee & Flower di platform Shopee. 

Bee & Flower memiliki aroma alami, menggunakan dasar sabun",225688,6269,501520000
344731863,"HAUM Skincare Official Shop","haumskincare",11508,50,4.931194,15104,105,12,"KOTA JAKARTA PUSAT","Ya","Tidak","Tidak",97,8397,0,"HAUM Skincare Official Shop adalah akun resmi dari HAUM Skincare di platform Shopee.

Waktu operasional: Senin - Jumat (09:00 - 17:00 WIB)

Informasi Pengiriman:
Transaksi pada hari kerja (Senin - Jum",121768,3382,270560000
298239433,"Elemis Official Shop","elemis_id",11507,50,4.937838,1481,12,12,"KOTA JAKARTA PUSAT","Ya","Tidak","Tidak",100,1677,0,"Elemis London Official Shop adalah akun resmi dari Elemis di platform Shopee.
Jam Operasional  : 09.00 - 18.00 WIB",12040,334,26720000
116658465,"Plungs.Creative","plungscreative",11291,58,4.737209,7399,318,67,"KAB. JEPARA","Tidak","Tidak","Tidak",66,5771,43,"Hi Kak !! welcome to Plung souvenir . .
produsen souvenir pernikahan 
wedding invitation ( undangan pernikahan )
tas / pouch promosi ( toko, perusahaan, kampanye, waralaba dll )
souvenir pouch 
souven",62272,1730,138400000
1280410879,"Ferragamo Official Store","ferragamoofficialstore",11131,31,4.981481,166,1,0,"KOTA JAKARTA UTARA","Ya","Tidak","Tidak",97,5489,0,"Ferragamo Official Store adalah akun resmi dari Ferragamo di platform Shopee. 

Chat dibalas pada: Senin-Jumat 09:00 - 18:00
Proses order dan pengiriman: Senin-Jumat (di luar hari libur)",1336,37,2960000
1280411640,"MCM Official Store","mcmofficialstore",11087,35,4.970414,170,1,0,"KOTA JAKARTA UTARA","Ya","Tidak","Tidak",100,5624,0,"MCM Official Store adalah akun resmi dari MCM di platform Shopee. 

Chat dibalas pada: Senin-Jumat 09:00 - 18:00 Proses order dan pengiriman: Senin-Jumat (di luar hari libur)",1368,38,3040000
581085178,"Beplain Official Shop","beplain.official",11082,44,4.947749,10830,52,19,"KOTA JAKARTA UTARA","Ya","Tidak","Tidak",100,4607,0,"Beplain Official Shop adalah akun resmi Beplain di Shopee.
Jam Operasional: Monday to Friday 09.00-16.00
No shipment on Sunday and public holiday",87208,2422,193760000
101584557,"Velrose Secret Official Shop","velrosesecret.official",10906,9,4.925783,6014,44,4,"KOTA JAKARTA TIMUR","Ya","Tidak","Tidak",67,4,0,"Velrose Secret Official Shop adalah akun resmi dari Velrose Secret di platform Shopee. VELROSE SECRET adalah produk lokal yang semuanya dibuat dari bahan alami.
Semua produk sudah memiliki nomer BPOM",48496,1347,107760000
1213769325,"ERHA AcneAct Official Store","acneactofficialstore",10810,38,4.939176,23305,158,48,"KOTA JAKARTA BARAT","Ya","Tidak","Tidak",100,28,0,"ERHA Acne Act Official Store adalah akun resmi dari ERHA Acne Act di platform Shopee. 

Waktu Operasional: 
Senin - Jumat 09.00 - 22.00",188088,5225,418000000
79020312,"Dermeva Official Shop","dermeva",10713,19,4.924424,1099,11,2,"KOTA TANGERANG SELATAN","Ya","Tidak","Tidak",0,-1,0,"Dermeva Official Shop adalah akun resmi dari PT. Dermeva Kosmetik Indonesia di platform shopee.
Dermeva Anti-Aging Cream merupakan brand kosmetik dan skincare bersertifikat halal resmi dari BPOM MUI.",8896,247,19760000
551642179,"Arman Armano Cosmetics","armanarmanoprofessional",10485,74,4.935347,10756,81,22,"KOTA JAKARTA TIMUR","Ya","Tidak","Tidak",90,3812,2,"Arman Armano Official Shop adalah akun resmi dari Arman Armano Professional di platform Shopee.

- Operasional : Senin - Jumat (09.00 - 17.00)
- Order di proses : Senin -Jumat (09.00 - 14.00)
- Pembel",86872,2413,193040000
1166714920,"Olaplex Indonesia Official Store","olaplexid_officialstore",10474,20,4.948802,3735,30,14,"KOTA JAKARTA UTARA","Ya","Tidak","Tidak",93,7255,0,"Olaplex Indonesia Official Store adalah akun resmi dari Olaplex di platform Shopee. 
Waktu Operasional: Senin - Jumat, 09.00 - 18.00",30232,840,67200000
252696251,"OPI Indonesia Official","opi_indonesia_official",10172,854,4.916746,6505,72,33,"KOTA JAKARTA UTARA","Ya","Tidak","Tidak",87,8941,0,"OPI Official Shop adalah akun resmi OPI di platform Shopee.
Distributor produk OPI di Indonesia
Jam Operasional
Senin - Jum'at (09.00 - 17.00)
Sabtu, Minggu, Tanggal Merah (LIBUR)",52880,1469,117520000
1536076631,"FYNE Official Store","wearefyne",10164,40,4.884713,17360,290,59,"KAB. TANGERANG","Ya","Tidak","Tidak",95,3401,0,"We are FYNE
The Voice of Every Man",141672,3935,314800000
1563091552," Sculpt Skin Official Store","sculptskin",9934,18,4.934923,12836,84,14,"KAB. TANGERANG","Ya","Tidak","Tidak",100,3554,0,"Sculpt Skin",103472,2874,229920000
130532371,"Click House Official Shop","myclickhouse",9901,49,4.912312,9223,58,16,"KOTA JAKARTA SELATAN","Ya","Tidak","Tidak",85,6060,0,"My Click House Official Shop adalah Akun resmi dari Click House Skin Care di Platform Shopee.

Jam Operasional Toko :
Senin - Minggu :
9.00 AM - 07.00 PM


Kami memiliki 8 tahun pengalaman pada Klinik",74376,2066,165280000
188283748,"lemonade.LnC","lemonade.lnc",9815,62,4.887436,34627,548,68,"KOTA JAKARTA SELATAN","Tidak","Ya","Ya",97,11974,0,"",281944,7832,626560000
1280411254,"DKNY Official Store","dknyofficialstore",9637,17,4.86087,115,0,3,"KOTA JAKARTA UTARA","Ya","Tidak","Tidak",100,19609,0,"DKNY Official Store adalah akun resmi dari DKNY di platform Shopee.

Chat dibalas pada: Senin-Jumat 09:00 - 18:00
Proses order dan pengiriman: Senin-Jumat (di luar hari libur)",944,26,2080000
104888237,"Astalift Indonesia","astalift_indonesia",9580,54,4.936115,3091,36,11,"KOTA JAKARTA UTARA","Ya","Tidak","Tidak",88,4644,0,"Astalift Indonesia Official Shop adalah akun resmi dari Astalift Indonesia di Platform Shopee.
Jam Operasional Toko :
Senin - Jumat : 09.00 - 17.30
Sabtu - Minggu / Hari Libur Nasional : Libur",25104,697,55760000
1603353751,"JOOCYEE Official Store","joocyee.indonesia",9573,27,4.926217,2129,20,12,"KOTA JAKARTA UTARA","Ya","Tidak","Tidak",59,10610,0,"",17288,480,38400000
421794135,"Janssen Cosmetics Official Shop","janssen.official",9072,135,4.937188,2063,11,5,"KOTA JAKARTA PUSAT","Ya","Tidak","Tidak",84,3295,0,"Janssen Cosmetics Official adalah akun resmi dari brand Janssen Cosmetics di Platform Shopee. Semua product yang kami jual 100% original.
Made in Germany

Jam Operasional : 
Senin - Jumat 09.00 - 17.0",16632,462,36960000
348245710,"Corine de Farme Official Shop","corinedefarme.id",8854,59,4.949566,10513,59,17,"KOTA JAKARTA BARAT","Ya","Tidak","Tidak",100,5067,0,"Corine de Farme Official Shop adalah akun resmi dari Corine De Farme di platform Shopee.
Corine de Farme Official Shop bagian dari PT Natural Nutrindo.

Jam Operational Corine de Farme Official Shop 0",84712,2353,188240000
1563430793,"Matrix ID Official Store ","matrix.indonesia",8425,42,4.930813,3901,30,6,"KOTA TANGERANG","Ya","Tidak","Tidak",100,64,0,"Matrix Official Store adalah akun resmi dari Matrix di platform Shopee.
Waktu operasional: Senin-Jumat 07.00-22.00",31496,875,70000000
203436278,"jakartacheapcheap","jakartacheapcheap",8168,170,4.81777,24340,709,157,"KOTA JAKARTA BARAT","Tidak","Ya","Ya",92,11192,0,"Reseller and Dropshipper are welcome. WA: 081 213 688 677

Harga Reseller bisa nego.

Menjual barang paling murah dari Jakarta langsung.

Gudang tutup setiap tanggal merah.

Semua barang yang bisa dio",201648,5601,448080000
194914008,"Mylea Official Store","myleaofficialstore",8053,17,4.90231,15623,166,42,"KOTA JAKARTA TIMUR","Ya","Tidak","Tidak",48,3440,1,"Mylea Official Shop adalah akun resmi dari Mylea diplatform Shopee

Jam Operasional: 
Senin - Jumat, 08.00 - 17.00 wib
Pengiriman dilaksanakan SENIN - JUMAT
SABTU, MINGGU dan TANGGAL MERAH tidak ada p",126648,3518,281440000
197194072,"MASKER LARIS OFFICIAL SHOP","maskerlaris",7796,1111,4.818512,45695,1186,260,"KOTA YOGYAKARTA","Tidak","Tidak","Tidak",93,7198,0,"Hi selamat datang di MASKER LARIS OFFICIAL SHOP 

BISA COD JIKA ALAMAT MENDUKUNG UNTUK COD.
KALO TIDAK MENDUKUNG, BISA BAYAR LEWAT INDOMARET/ALFAMART TERDEKAT 

✅Klik +IKUTI utk dptkan promo free",377128,10476,838080000
116977827,"By BOS Official","beautyofsaira",7480,45,4.888336,1380,27,7,"KOTA JAKARTA UTARA","Ya","Tidak","Tidak",84,8838,0,"By BOS Official is an official store from BOS in Shopee.

Here's our operational hour:

Monday - Friday:
Regular Order: 09.00-16.00
Sameday or Instant: 09.00-14.00

Saturday:
Reguler, Sameday, Instant",11312,314,25120000
1280410714,"Montblanc Fragrances","montblancofficialstore",7480,20,4.944954,219,2,1,"KOTA JAKARTA UTARA","Ya","Tidak","Tidak",97,2716,0,"Montblanc Fragrances adalah akun resmi dari Montblanc di platform Shopee. 

Chat dibalas pada: Senin-Jumat 09.00-18.00
Proses order dan pengiriman: Senin-Jumat (di luar hari libur)",1776,49,3920000
236998418,"Everose Official Shop","everose.official",7477,15,4.858645,3271,52,12,"KOTA JAKARTA SELATAN","Ya","Tidak","Tidak",79,9676,0,"Everose Official Shop adalah akun resmi Everose di Platform Shopee. Everose merupakan produk skincare lokal yang diformulasikan khusus untuk kulit wanita Indonesia. Kami hadir sebagai solusi untuk kul",26680,741,59280000
1604817345,"Head & Shoulders Official Store","headnshouldersofficial",7452,82,4.901767,9086,141,58,"KOTA JAKARTA UTARA","Ya","Tidak","Tidak",100,12,0,"",74280,2063,165040000
163971054,"Borongan.souvenir","borongan.souvenir",7377,39,4.881327,5552,83,15,"KAB. SIDOARJO","Tidak","Tidak","Tidak",88,9197,7,"SOUVENIR DENGAN HARGA TERMURAH DAN BERKUALITAS 

_______________________________ 

PRODUK KAMI :

⏩ POUCH SINTETIS
⏩ TOTEBAG
⏩ DOMPET KANVAS 
⏩ BOXY POUCH
⏩ TAS SEMINAR
⏩ CARD HOLDER
⏩ POUCH PRO",45200,1256,100480000
341506465,"Naturica Official Shop","naturica.official",7339,140,4.941062,4143,31,8,"KOTA JAKARTA PUSAT","Ya","Tidak","Tidak",84,5710,0,"Naturica Official Shop adalah akun resmi dari brand Naturica dan RICA di Platform Shopee.
semua product yang kami jual 100% original.
Made in Italy

Made of Natural Ingredients, free of :
Sodium Laury",33456,929,74320000
50962958,"BAD LAB Official Shop","badlabco",7280,64,4.918513,8923,92,19,"KOTA BANDUNG","Ya","Tidak","Tidak",100,2344,3,"BAD LAB Official Shop adalah akun resmi BAD LAB di platform Shopee.

Rangkaian Perawatan Tubuh, Wajah dan Rambut yang diformulasi khusus untuk pria. Dengan bahan dasar Premium dan aroma maskulin khas",72272,2008,160640000
1090718529,"Floramore Official Store","floramore_id",6656,9,4.881001,14530,246,58,"KOTA JAKARTA UTARA","Ya","Tidak","Tidak",100,117,0,"Floramore Official Store adalah akun resmi dari Floramore di platform Shopee
Waktu Operasional: Senin - Jumat jam 08.30 - 17.30",118672,3296,263680000
131188140,"Babor Indonesia Official Shop","baborindonesia",6614,149,4.950172,3290,22,12,"KOTA JAKARTA UTARA","Ya","Tidak","Tidak",98,5357,0,"Babor Indonesia is the official account of Babor Indonesia on Shopee Platform

OFF Shipping: Saturday-Sunday!",26592,739,59120000
151394341,"Mercedes Benz Parfum Indonesia","mercedesbenzparfumindonesia",6436,48,4.928984,1234,18,6,"KOTA JAKARTA TIMUR","Ya","Tidak","Tidak",97,4523,0,"Mercedes Benz Indonesia adalah akun resmi dari Mercedes Benz di Platform Shopee.  Jam operasional kami di hari Senin-Jumat pukul 09:00-16:00.",10064,280,22400000
67819447,"BSN ORIFIA Official","globalgreenofficial",6215,67,4.916189,4685,46,8,"KOTA JAKARTA PUSAT","Ya","Tidak","Tidak",96,2079,0,"BSN ORIFIA Official Shop merupakan akun resmi dari BSN Noni dan ORIFIA Brown Shampoo di platform Shopee. 

Hari Operasional Toko :
Senin-Jumat (09.00 - 16.00 WIB)

Info kerjasama reseller: ggiadm123@g",37912,1053,84240000
257879378,"Good Official Shop","good_personal_care",5835,92,4.906458,17446,200,28,"KOTA TANGERANG","Ya","Tidak","Tidak",82,3222,0,"Good Personal Care Official Shop merupakan toko online resmi dari Good Personal Care.PT KOSMINDAH WANGI adalah produsen kosmetik yang berbasis di Indonesia sejak tahun 1976. Kami mengkhususkan diri da",141392,3928,314240000
215127085,"Beauty Formulas Official Shop","beautyformulas",5395,84,4.853028,10750,234,72,"KOTA JAKARTA UTARA","Ya","Tidak","Tidak",100,3284,2,"Hello Beauty! Selamat datang di Beauty Formulas Official Shop :)
Beauty Formulas adalah sebuah brand personal care dari UK yang sudah dipercaya & dikenal dengan produk yang berkualitas tinggi sejak 19",88448,2457,196560000
199539412,"Fourteenth Fragrances","fourteenth.fragrances",5146,17,4.823171,949,32,7,"KAB. TANGERANG","Ya","Tidak","Tidak",0,0,0,"Fourteenth Fragrances Official Shop is the official account of Fourteenth Fragrances in Shopee.
Operational Hours:
Monday - Saturday: 11.00 - 17.00
Sunday OFF",7904,220,17600000
206769167,"GLOSKIN By DNM Official Shop","gloskin.official",5106,66,4.928319,6664,50,10,"KOTA JAKARTA SELATAN","Ya","Tidak","Tidak",85,3098,0,"Gloskin Official Shop  adalah akun resmi dari Gloskin Aesthetic Clinic di platform Shopee. 
Kulit sehat glowing, bebas flek & jerawat. 
Jam operasional : 09.00 - 19.00 (Senin - sabtu) dan 09.00 - 17.0",53792,1494,119520000
151387435,"Ajmal Official Shop","ajmalofficialid",5094,56,4.925865,1264,9,7,"KOTA JAKARTA TIMUR","Ya","Tidak","Tidak",99,5368,0,"Ajmal Official Shop adalah akun resmi dari Ajmal di Platform Shopee. Kami menawarkan berbagai macam parfum Ajmal original dengan harga menarik. Jam operasional kami di hari Senin-Sabtu. Senin-Jumat pu",10240,284,22720000
198883301,"Qweena Indonesia Official Shop","qweena.indonesia",4891,39,4.883287,6196,91,9,"KAB. WONOSOBO","Ya","Tidak","Tidak",64,7874,22,"Qweena Indonesia Official Shop adalah akun resmi dari Brand Qweena di Platform Shopee.

Qweena® adalah produk perawatan rutin harian (Skincare Product) meliputi perawatan wajah
dan perawatan tubuh yan",50368,1399,111920000
3407655,"Well-being Journey","wellbeingjourney",4854,7,4.917065,1897,10,5,"KOTA JAKARTA TIMUR","Ya","Tidak","Tidak",0,-1,0,"Partnermu dalam perjalanan menyelami diri, memberi dampak bermakna. ❤️",15296,425,34000000
1284520524,"Roberto Cavalli Official Store","robertocavalliofficialstore",4761,37,4.925532,96,2,0,"KOTA JAKARTA UTARA","Ya","Tidak","Tidak",88,1154,0,"Roberto Cavalli Official Store adalah akun resmi dari Roberto Cavalli di platform Shopee. 

Chat dibalas pada: Senin-Jumat 09.00-18.00
Proses order dan pengiriman: Senin-Jumat (di luar hari libur)",784,22,1760000
226768747,"OC Naturals Indonesia Official","ocnaturals.official",4709,23,4.933027,11041,82,18,"KOTA JAKARTA UTARA","Ya","Tidak","Tidak",53,5561,2,"OC Naturals Indonesia Official Shop (dulunya Organic Care) adalah akun resmi OC Naturals Indonesia di platform Shopee. Rangkaian produk kami dibuat dari plant based ingredients, vegan, 100% cruelty fr",89128,2476,198080000
350190458,"Biuti Official Store","biutiofficial",4607,51,4.956148,1204,6,1,"KAB. BEKASI","Ya","Tidak","Tidak",69,5720,0,"Biuti Official Store provides your 100% authentic Korean skincare & BPOM-registered. Ships from Jakarta, Indonesia.

Working hours: 09.00 - 16.00",9688,269,21520000
438396149,"Revenge Beauty","revengebeauty",4419,10,4.894055,2230,29,13,"KOTA JAKARTA BARAT","Ya","Tidak","Tidak",73,7411,0,"Revenge Beauty is your one-stop e-commerce hub for curated skincare—handpicked and vetted by a collective of dermatologists and beauty pros. 

We bring trusted, results-driven products and personalize",18176,505,40400000
240494994,"Westcare Official Shop","westcare_official",4409,47,4.931201,4459,37,9,"KAB. TANGERANG","Ya","Tidak","Tidak",82,3390,0,"Westcare Official Shop adalah akun resmi dari Westcare di platform Shopee.
Westcare merupakan produsen skincare berkualitas tinggi yang menggunakan Pharma grade water , Fragance Free, Vegan, & Cruelty",36040,1001,80080000
33891169,"Tokyo Night Official Shop","tokyonightofficial",4244,52,4.83625,7656,200,45,"KAB. TANGERANG","Ya","Tidak","Tidak",54,1,0,"★ Tokyo Night Official Shop adalah akun resmi dari Tokyo Night di Shopee ★

Berpengalaman lebih dari 20 tahun, sehingga dijamin kualitas & keasliannya 100% !

Seluruh produk memilki sertifikasi BPOM,",63208,1756,140480000
1662796608,"Hair Inc Official Store","hairincstore",4230,20,4.905917,7315,78,7,"KOTA TANGERANG","Ya","Tidak","Tidak",100,3699,0,"Hair Inc Official Store  adalah akun resmi dari Hair Inc di platform shopee. 
Waktu operasional : 10.00 - 17.00 WIB",59200,1644,131520000
78608283,"D Sun Bisnis","hendryhydro",4227,131,4.896889,25845,319,103,"KOTA MEDAN","Tidak","Tidak","Tidak",100,2940,0,"Grosir Parfum dSUN, bibit Parfum dan botol parfum termurah dan terpercaya .. :)",210136,5837,466960000
68571933,"beautyblender Indonesia Official Shop","beautyblenderid",4024,52,4.934509,796,5,4,"KOTA JAKARTA SELATAN","Ya","Tidak","Tidak",60,1028,0,"beautyblender Indonesia Official Shop  merupakan akun resmi dari beautyblender Indonesia di platform Shopee. The official shop of beautyblender Indonesia. 
Operational Hours: Senin - Jumat jam 09.00 -",6440,179,14320000
271086154,"Glam Style Official Shop","glamstyleofficialshop",3770,6,4.730924,478,20,9,"KOTA BANDUNG","Ya","Tidak","Tidak",0,-1,100,"Glam Style Official Shop adalah akun resmi dari Glam Style di Platform Shopee.
Glam Style Perfumed Body Wash merupkan pembersih tubuh yang efektif menjaga kelembapan dan kelembutan kulit serta meningg",4056,113,9040000
935324001,"Ulike Official Store Indonesia","ulike.official",3746,7,4.905947,730,10,5,"KOTA JAKARTA UTARA","Ya","Tidak","Tidak",100,2904,3,"Penjualan Resmi Ulike
Jaminan Asli 100%.
Didirikan sejak tahun 2013, Ulike berfokus pada perangkat kecantikan rumahan. Menempatkan teknologi inovatif dan R&D, Ulike menciptakan alat IPL yang ilmiah, a",5960,166,13280000
69878037,"JUARA Beauty Official Shop","juarabeauty",3598,24,4.933333,574,3,2,"KOTA TANGERANG","Ya","Tidak","Tidak",72,5971,0,"The spirit of PT. JUARA Beauty is founded in the belief that we can be the champions of our own destiny by being true to who we are and doing what we love. We believe you can always empower yourself t",4632,129,10320000
61653681,"Estetiderma Official Shop","estetidermaofficial",3481,34,4.947338,14329,69,14,"KOTA JAKARTA SELATAN","Ya","Tidak","Tidak",61,1975,0,"Estetiderma Official Shop adalah akun resmi dari Estetiderma di Platform Shopee.

Diformulasikan khusus oleh tim pakar dermatologi berdasarkan uji klinis, semua produk skincare Estetiderma dijamin:
-",115296,3203,256240000
129229117,"Calmedi Skincare Official Shop","calmediskincare",3477,66,4.913328,2491,22,3,"KOTA JAKARTA SELATAN","Ya","Tidak","Tidak",100,5,0,"Welcome to Calmedi Official Shop!
Calmedi Skincare Official  Shop adalah akun resmi Calmedi Skincare di Shopee

Calmedi Natural Skin Expert is formulated by Dr.Medissa and Dr. Dwi, Sp.KK. Calmedi mema",20128,559,44720000
294069476,"Jaco TV Shopping Authorized Store Surabaya","jacotvssurabaya",3269,150,4.795965,1691,46,12,"KOTA SURABAYA","Ya","Tidak","Tidak",100,855,0,"Jaco TV Authorized Store Surabaya adalah akun resmi Jaco TV Shopping official di platform Shopee.

Jam Operasional:
Senin - Jumat : 08.00 -17.00",13992,389,31120000
1473401537,"Marc Jacobs Fragrance Official Store","marcjacobs.official",3235,40,4.912281,56,1,0,"KOTA JAKARTA UTARA","Ya","Tidak","Tidak",94,8316,0,"Marc Jacobs Fragrance Official Store adalah akun resmi dari Marc Jacobs di platform Shopee. Chat dibalas pada: Senin-Jumat 09.00-18.00 Proses order dan pengiriman: Senin-Jumat (di luar hari libur)",456,13,1040000
306179003,"Lazartigue Official Store","lazartigue_id",3231,72,4.948562,3035,18,9,"KOTA JAKARTA UTARA","Ya","Tidak","Tidak",99,4221,0,"""Lazartigue Official Shop adalah akun resmi dari Lazartigue di platform Shopee.
Jam operasional: Senin - Jumat 08.00-17.00 WIB""

The 1st Professional Quality Botanical Hair Care  from France. 

*FREE",24496,680,54400000
225829153,"Naminara Official Shop","naminaraofficialshop",3118,28,4.885119,11703,175,40,"KOTA JAKARTA TIMUR","Ya","Tidak","Tidak",96,7637,1,"Toko spesialis produk custom
dengan proses cepat tanpa pre order",95344,2648,211840000
36286191,"Bubu Cute","bubu_cute26",3085,69,4.863713,8228,159,33,"KOTA JAKARTA BARAT","Tidak","Ya","Tidak",100,7544,0,"Special Price with Luxury Quality

Being beauty with Bubu Cute

Buat Agan2 dan sista2 
Orderan di atas jam 1 siang akan kami kirim keesokan harinya ya 
Pembayaran sebelum jam 1 akan kami proses hari",67360,1871,149680000
1377649085,"Yoole Official Store","yoole_indonesia",2928,10,4.940107,2880,13,15,"KAB. SERANG","Ya","Tidak","Tidak",100,25,0,"Yoole Official Store adalah akun resmi dari Yoole di platform Shopee
Waktu Operasional: Senin – Minggu, Jam 09.00 - 18.00",23264,646,51680000
293180359,"FEMMUE Official Shop","femmue_indonesia",2769,43,4.923333,921,8,4,"KOTA JAKARTA UTARA","Ya","Tidak","Tidak",100,13335,0,"FEMMUE Indonesia Official Shop adalah akun resmi dari FEMMUE di Platform Shopee.
FEMMUE Korean Modern Botanical Skincare berkonsepkan Flower Therapy (menggunakan kekuatan bunga) dengan Filosofi Clean",7464,207,16560000
226441010,"Furatasse Official Shop","furatasseindonesia",2253,32,4.953092,959,2,2,"KOTA MEDAN","Ya","Tidak","Tidak",100,1340,5,"Furatasse Indonesia Official Shop adalah akun resmi Furatasse Indonesia di platform Shopee.

Furatasse Indonesia adalah produk yang memperhatikan masalah rambut yang dialami pria maupun wanita di Indo",7704,214,17120000
353481368,"Mesoestetic Official Shop","mesoestetic.official",2248,40,4.961877,1754,4,1,"KOTA JAKARTA BARAT","Ya","Tidak","Tidak",94,4308,0,"Mesoestetic Official Shop adalah akun resmi dari Mesoestetic Indonesia di platform shopee.
Jam Operasional Toko : 09.00 - 17.000",14072,391,31280000
321769714,"Tickled Seven Official Shop","tickled_seven",2165,34,4.931818,176,2,0,"KOTA TANGERANG","Ya","Tidak","Tidak",100,1,0,"Tickled Seven Official Shop adalah akun resmi dari Tickled Seven Beauty di platform Shopee.
Jadwal Operasional : Senin - Jumat Pkl. 08.30 s.d 17.00",1424,40,3200000
1370655719,"Carolina Herrera Official Flagship Store","carolinaherrera",2130,38,4.922764,246,2,2,"KOTA JAKARTA UTARA","Ya","Tidak","Tidak",95,6602,0,"Carolina Herrera Official Store adalah akun resmi dari Carolina Herrera di platform Shopee. Chat dibalas pada: Senin-Jumat 09.00-18.00 Proses order dan pengiriman: Senin-Jumat (di luar hari libur)",2000,56,4480000
240213237,"Flair Official Shop","flrmistofficial",2012,35,4.950566,987,8,0,"KOTA JAKARTA PUSAT","Ya","Tidak","Tidak",82,5327,5,"The Most Compatible Airbrush System Where Innovation Meets Beauty 

Operational Hours:
Monday - Friday : 09.00 - 15.00",7960,221,17680000
163555928,"Sachajuan Official Shop","sachajuanindonesia",1989,88,4.949843,644,4,0,"KOTA TANGERANG","Ya","Tidak","Tidak",34,10273,0,"Selamat Datang di Sachajuan Official Shopee Store. Kami merupakan akun resmi Sachajuan Indonesia, semua produk kami dijamin Original, dan sudah memiliki izin BPOM. Kami siap memberikan layanan terbaik",5184,144,11520000
227338163,"Cultivia","cultivia",1840,61,4.920897,852,10,3,"KOTA JAKARTA UTARA","Ya","Tidak","Tidak",100,8156,0,"Through Cultivia, we want to preserve Indonesia's heritage through lifestyle brand that seeks to contribute to industry in Indonesia. #DiscoveringCultivia

 Shipping Information

Shipping is process",6920,192,15360000
302943459,"Uppercut Deluxe Official Shop","uppercutdeluxe",1820,100,4.924839,1426,13,7,"KOTA TANGERANG","Ya","Tidak","Tidak",94,2433,0,"Uppercut Deluxe Indonesia adalah Akun Resmi Uppercut Deluxe Di Platform Shopee. Uppercut Deluxe dari Australia ada merek internasional terbaik untuk produk rambut pria kekinian | Jam Operasional : 10:",11568,321,25680000
80620,"Miss Bowbow Official Shop","missbowbow_indonesia",1403,30,4.943898,2057,19,2,"KOTA JAKARTA UTARA","Ya","Tidak","Tidak",86,7507,0,"Miss Bowbow Official Store is the authorized principal of Miss Bowbow brand in Shopee platform.

Why Miss Bowbow?
- Invisible
- The glue can last the whole day
- Suitable for sensitive skin (sensitive",16624,462,36960000
1327825811,"Blooming Daisy Official Store","bloomingdaisy.official",1328,14,4.930314,294,0,1,"KOTA JAKARTA SELATAN","Ya","Tidak","Tidak",100,5136,0,"",2360,66,5280000
253186674,"Melangé Korea Official","melange.idn",1317,29,4.972222,37,0,0,"KOTA JAKARTA SELATAN","Ya","Tidak","Tidak",60,125,0,"Melangé Korea Official adalah toko resmi dari brand Melangé Korea di platform Shopee.

Melangé Korea adalah brand Kosmetik berasal dari Malaysia, yang kini sedang berekspansi membuka peluang marketnya",296,8,640000
71022928,"MakeUp Eraser Official Shop","makeuperaserid",1196,25,4.896057,280,5,0,"KOTA JAKARTA SELATAN","Ya","Tidak","Tidak",0,-1,0,"Make Up Eraser Official Shop adalah akun resmi dari Make Up Eraser di Platform Shopee. 

Operational Hour: Senin-Jumat 09.00-16.00.
100% original. Semua produk yang ada disini READY STOCK dan siap kir",2280,63,5040000
97162752,"Perfume of The Day Official Shop","potd_perfume",1114,27,4.950104,489,5,1,"KOTA SURABAYA","Ya","Tidak","Tidak",34,321,0,"POTD Official Shop adalah akun resmi POTD perfume official di platform Shopee. Jam operasional:
Senin - Jumat Jam 08.30 -16.00 
Sabtu 8.30-13.00",3960,110,8800000
228939381,"Tjefuk Authorized Store","hobtjefuksby",935,31,4.870432,1193,22,3,"KOTA JAKARTA UTARA","Ya","Tidak","Tidak",95,3430,0,"Tjefuk Authorized Store merupakan akun resmi Tjefuk Untuk Seluruh Wilayah Indonesia

Jam operasional kami: senin-sabtu(09:00-17:00)",9744,271,21680000
269125611,"Green Angelica Authorized Store Yogyakarta","gayogyakarta",746,43,4.842286,856,17,7,"KOTA DEPOK","Ya","Tidak","Tidak",100,11,0,"Green Angelica Official Shop adalah akun resmi dari brand Green Angelica di platform Shopee dan menyediakan berbagai produk Original Green Angelica.
Semua Produk Original.

Jam operasional : 
09.00 -",7040,196,15680000
308464955,"VCO by Nucifera Alam Indonesia","vconuciferaalamindonesia",617,24,4.954674,368,2,0,"KOTA TANGERANG","Ya","Tidak","Tidak",0,-1,0,"Nucifera Alam Indonesia Official Shop adalah akun resmi dari Brand Nucifera Alam Indonesia di platform Shopee. 
Jam Operasional
Senin - Jumat (10.00 - 17.00) 
Sabtu, Minggu dan Tanggal merah libur

10",2960,82,6560000
399499662,"Medavita Official Shop","medavitaofficial",383,111,4.964646,602,1,1,"KOTA SURABAYA","Ya","Tidak","Tidak",100,15836,0,"Medavita Official Shop adalah akun resmi dari Medavita di platform Shopee

Waktu Operational:
Senin - Jumat : pk 08:30 - 16:30
Sabtu               : pk 08:30 - 16:00
Minggu & hari libur nasional : lib",4832,134,10720000
285696889,"Phirin Store","phirinstore",244,66,4.851662,1573,21,14,"KOTA SURABAYA","Ya","Tidak","Tidak",59,4008,19,"Phirin Store Official menyediakan berbagai produk Phirin Store Official

Jam operasional : 
09.00 - 15.00 (Senin - Jumat)
09.00 - 15.00 (Sabtu)
09.00 - 14.00 (Minggu)",12864,357,28560000