[     784ms] [LOG] [Fast Refresh] rebuilding @ webpack-internal:///(app-pages-browser)/./node_modules/next/dist/client/dev/hot-reloader/app/hot-reloader-app.js:196
[    1051ms] [LOG] [Fast Refresh] done in 266ms @ webpack-internal:///(app-pages-browser)/./node_modules/next/dist/client/dev/report-hmr-latency.js:13
[    8363ms] [INFO] %cDownload the React DevTools for a better development experience: https://react.dev/link/react-devtools font-weight:bold @ webpack-internal:///(app-pages-browser)/./node_modules/next/dist/compiled/react-dom/cjs/react-dom-client.development.js:25630
[    9140ms] [LOG] [Fast Refresh] rebuilding @ webpack-internal:///(app-pages-browser)/./node_modules/next/dist/client/dev/hot-reloader/app/hot-reloader-app.js:196
[    9581ms] [LOG] [Fast Refresh] done in 442ms @ webpack-internal:///(app-pages-browser)/./node_modules/next/dist/client/dev/report-hmr-latency.js:13
[    9841ms] [LOG] [Fast Refresh] rebuilding @ webpack-internal:///(app-pages-browser)/./node_modules/next/dist/client/dev/hot-reloader/app/hot-reloader-app.js:196
[    9895ms] [LOG] [Fast Refresh] done in 54ms @ webpack-internal:///(app-pages-browser)/./node_modules/next/dist/client/dev/report-hmr-latency.js:13
[   10224ms] [LOG] [Fast Refresh] rebuilding @ webpack-internal:///(app-pages-browser)/./node_modules/next/dist/client/dev/hot-reloader/app/hot-reloader-app.js:196
[   10358ms] [LOG] [Fast Refresh] done in 134ms @ webpack-internal:///(app-pages-browser)/./node_modules/next/dist/client/dev/report-hmr-latency.js:13
[   10829ms] [LOG] [Fast Refresh] rebuilding @ webpack-internal:///(app-pages-browser)/./node_modules/next/dist/client/dev/hot-reloader/app/hot-reloader-app.js:196
[   10956ms] [LOG] [Fast Refresh] done in 127ms @ webpack-internal:///(app-pages-browser)/./node_modules/next/dist/client/dev/report-hmr-latency.js:13
[   12406ms] [LOG] [Fast Refresh] rebuilding @ webpack-internal:///(app-pages-browser)/./node_modules/next/dist/client/dev/hot-reloader/app/hot-reloader-app.js:196
[   13006ms] [LOG] [Fast Refresh] done in 599ms @ webpack-internal:///(app-pages-browser)/./node_modules/next/dist/client/dev/report-hmr-latency.js:13
[   13632ms] [LOG] [Fast Refresh] rebuilding @ webpack-internal:///(app-pages-browser)/./node_modules/next/dist/client/dev/hot-reloader/app/hot-reloader-app.js:196
[   13687ms] [LOG] [Fast Refresh] done in 55ms @ webpack-internal:///(app-pages-browser)/./node_modules/next/dist/client/dev/report-hmr-latency.js:13
[   14069ms] [LOG] [Fast Refresh] rebuilding @ webpack-internal:///(app-pages-browser)/./node_modules/next/dist/client/dev/hot-reloader/app/hot-reloader-app.js:196
[   14103ms] [LOG] [Fast Refresh] done in 35ms @ webpack-internal:///(app-pages-browser)/./node_modules/next/dist/client/dev/report-hmr-latency.js:13
[   14388ms] [LOG] [Fast Refresh] rebuilding @ webpack-internal:///(app-pages-browser)/./node_modules/next/dist/client/dev/hot-reloader/app/hot-reloader-app.js:196
[   14432ms] [LOG] [Fast Refresh] done in 43ms @ webpack-internal:///(app-pages-browser)/./node_modules/next/dist/client/dev/report-hmr-latency.js:13
[   14687ms] [LOG] [Fast Refresh] rebuilding @ webpack-internal:///(app-pages-browser)/./node_modules/next/dist/client/dev/hot-reloader/app/hot-reloader-app.js:196
[   14707ms] [LOG] [Fast Refresh] done in 21ms @ webpack-internal:///(app-pages-browser)/./node_modules/next/dist/client/dev/report-hmr-latency.js:13
[   15087ms] [LOG] [Fast Refresh] rebuilding @ webpack-internal:///(app-pages-browser)/./node_modules/next/dist/client/dev/hot-reloader/app/hot-reloader-app.js:196
[   15133ms] [LOG] [Fast Refresh] done in 45ms @ webpack-internal:///(app-pages-browser)/./node_modules/next/dist/client/dev/report-hmr-latency.js:13
[   15485ms] [LOG] [Fast Refresh] rebuilding @ webpack-internal:///(app-pages-browser)/./node_modules/next/dist/client/dev/hot-reloader/app/hot-reloader-app.js:196
[   15555ms] [LOG] [Fast Refresh] done in 69ms @ webpack-internal:///(app-pages-browser)/./node_modules/next/dist/client/dev/report-hmr-latency.js:13
[   15954ms] [LOG] [Fast Refresh] rebuilding @ webpack-internal:///(app-pages-browser)/./node_modules/next/dist/client/dev/hot-reloader/app/hot-reloader-app.js:196
[   16147ms] [LOG] [Fast Refresh] done in 192ms @ webpack-internal:///(app-pages-browser)/./node_modules/next/dist/client/dev/report-hmr-latency.js:13
[   16355ms] [LOG] [Fast Refresh] rebuilding @ webpack-internal:///(app-pages-browser)/./node_modules/next/dist/client/dev/hot-reloader/app/hot-reloader-app.js:196
[   16450ms] [LOG] [Fast Refresh] done in 95ms @ webpack-internal:///(app-pages-browser)/./node_modules/next/dist/client/dev/report-hmr-latency.js:13
[   16767ms] [LOG] [Fast Refresh] rebuilding @ webpack-internal:///(app-pages-browser)/./node_modules/next/dist/client/dev/hot-reloader/app/hot-reloader-app.js:196
[   17225ms] [LOG] [Fast Refresh] done in 459ms @ webpack-internal:///(app-pages-browser)/./node_modules/next/dist/client/dev/report-hmr-latency.js:13
[   18872ms] [LOG] [Fast Refresh] rebuilding @ webpack-internal:///(app-pages-browser)/./node_modules/next/dist/client/dev/hot-reloader/app/hot-reloader-app.js:196
[   19031ms] [LOG] [Fast Refresh] done in 158ms @ webpack-internal:///(app-pages-browser)/./node_modules/next/dist/client/dev/report-hmr-latency.js:13
[   19587ms] [LOG] [Fast Refresh] rebuilding @ webpack-internal:///(app-pages-browser)/./node_modules/next/dist/client/dev/hot-reloader/app/hot-reloader-app.js:196
[   19620ms] [LOG] [Fast Refresh] done in 34ms @ webpack-internal:///(app-pages-browser)/./node_modules/next/dist/client/dev/report-hmr-latency.js:13
[   19870ms] [LOG] [Fast Refresh] rebuilding @ webpack-internal:///(app-pages-browser)/./node_modules/next/dist/client/dev/hot-reloader/app/hot-reloader-app.js:196
[   19899ms] [LOG] [Fast Refresh] done in 29ms @ webpack-internal:///(app-pages-browser)/./node_modules/next/dist/client/dev/report-hmr-latency.js:13
[   20069ms] [LOG] [Fast Refresh] rebuilding @ webpack-internal:///(app-pages-browser)/./node_modules/next/dist/client/dev/hot-reloader/app/hot-reloader-app.js:196
[   20099ms] [LOG] [Fast Refresh] done in 31ms @ webpack-internal:///(app-pages-browser)/./node_modules/next/dist/client/dev/report-hmr-latency.js:13
[   20804ms] [LOG] [Fast Refresh] rebuilding @ webpack-internal:///(app-pages-browser)/./node_modules/next/dist/client/dev/hot-reloader/app/hot-reloader-app.js:196
[   20824ms] [LOG] [Fast Refresh] done in 20ms @ webpack-internal:///(app-pages-browser)/./node_modules/next/dist/client/dev/report-hmr-latency.js:13
[   21051ms] [LOG] [Fast Refresh] rebuilding @ webpack-internal:///(app-pages-browser)/./node_modules/next/dist/client/dev/hot-reloader/app/hot-reloader-app.js:196
[   21094ms] [ERROR] Failed to load resource: the server responded with a status of 500 (Internal Server Error) @ http://localhost:3000/product/dp-002?_rsc=9re8fPIDhkOq5UU3:0
[   21113ms] [LOG] [Fast Refresh] done in 63ms @ webpack-internal:///(app-pages-browser)/./node_modules/next/dist/client/dev/report-hmr-latency.js:13
[   21427ms] [LOG] [Fast Refresh] rebuilding @ webpack-internal:///(app-pages-browser)/./node_modules/next/dist/client/dev/hot-reloader/app/hot-reloader-app.js:196
[   21444ms] [LOG] [Fast Refresh] done in 16ms @ webpack-internal:///(app-pages-browser)/./node_modules/next/dist/client/dev/report-hmr-latency.js:13
[   21699ms] [LOG] [Fast Refresh] rebuilding @ webpack-internal:///(app-pages-browser)/./node_modules/next/dist/client/dev/hot-reloader/app/hot-reloader-app.js:196
[   21855ms] [LOG] [Fast Refresh] done in 155ms @ webpack-internal:///(app-pages-browser)/./node_modules/next/dist/client/dev/report-hmr-latency.js:13
[   22341ms] [LOG] [Fast Refresh] rebuilding @ webpack-internal:///(app-pages-browser)/./node_modules/next/dist/client/dev/hot-reloader/app/hot-reloader-app.js:196
[   22424ms] [LOG] [Fast Refresh] done in 84ms @ webpack-internal:///(app-pages-browser)/./node_modules/next/dist/client/dev/report-hmr-latency.js:13
[   23014ms] [LOG] [Fast Refresh] rebuilding @ webpack-internal:///(app-pages-browser)/./node_modules/next/dist/client/dev/hot-reloader/app/hot-reloader-app.js:196
[   23115ms] [LOG] [Fast Refresh] done in 100ms @ webpack-internal:///(app-pages-browser)/./node_modules/next/dist/client/dev/report-hmr-latency.js:13
[   23531ms] [LOG] [Fast Refresh] rebuilding @ webpack-internal:///(app-pages-browser)/./node_modules/next/dist/client/dev/hot-reloader/app/hot-reloader-app.js:196
[   23580ms] [LOG] [Fast Refresh] done in 49ms @ webpack-internal:///(app-pages-browser)/./node_modules/next/dist/client/dev/report-hmr-latency.js:13
[   23707ms] [LOG] [Fast Refresh] rebuilding @ webpack-internal:///(app-pages-browser)/./node_modules/next/dist/client/dev/hot-reloader/app/hot-reloader-app.js:196
[   23721ms] [LOG] [Fast Refresh] done in 15ms @ webpack-internal:///(app-pages-browser)/./node_modules/next/dist/client/dev/report-hmr-latency.js:13
[   23831ms] [LOG] [Fast Refresh] rebuilding @ webpack-internal:///(app-pages-browser)/./node_modules/next/dist/client/dev/hot-reloader/app/hot-reloader-app.js:196
[   23841ms] [LOG] [Fast Refresh] done in 11ms @ webpack-internal:///(app-pages-browser)/./node_modules/next/dist/client/dev/report-hmr-latency.js:13
[   23971ms] [LOG] [Fast Refresh] rebuilding @ webpack-internal:///(app-pages-browser)/./node_modules/next/dist/client/dev/hot-reloader/app/hot-reloader-app.js:196
[   24008ms] [LOG] [Fast Refresh] done in 37ms @ webpack-internal:///(app-pages-browser)/./node_modules/next/dist/client/dev/report-hmr-latency.js:13
[   24433ms] [LOG] [Fast Refresh] rebuilding @ webpack-internal:///(app-pages-browser)/./node_modules/next/dist/client/dev/hot-reloader/app/hot-reloader-app.js:196
[   24508ms] [LOG] [Fast Refresh] done in 75ms @ webpack-internal:///(app-pages-browser)/./node_modules/next/dist/client/dev/report-hmr-latency.js:13
[   24870ms] [LOG] [Fast Refresh] rebuilding @ webpack-internal:///(app-pages-browser)/./node_modules/next/dist/client/dev/hot-reloader/app/hot-reloader-app.js:196
[   24955ms] [LOG] [Fast Refresh] done in 86ms @ webpack-internal:///(app-pages-browser)/./node_modules/next/dist/client/dev/report-hmr-latency.js:13
[   25320ms] [LOG] [Fast Refresh] rebuilding @ webpack-internal:///(app-pages-browser)/./node_modules/next/dist/client/dev/hot-reloader/app/hot-reloader-app.js:196
[   25350ms] [LOG] [Fast Refresh] done in 31ms @ webpack-internal:///(app-pages-browser)/./node_modules/next/dist/client/dev/report-hmr-latency.js:13
[   25773ms] [LOG] [Fast Refresh] rebuilding @ webpack-internal:///(app-pages-browser)/./node_modules/next/dist/client/dev/hot-reloader/app/hot-reloader-app.js:196
[   25810ms] [LOG] [Fast Refresh] done in 37ms @ webpack-internal:///(app-pages-browser)/./node_modules/next/dist/client/dev/report-hmr-latency.js:13
[   26153ms] [LOG] [Fast Refresh] rebuilding @ webpack-internal:///(app-pages-browser)/./node_modules/next/dist/client/dev/hot-reloader/app/hot-reloader-app.js:196
[   26232ms] [LOG] [Fast Refresh] done in 80ms @ webpack-internal:///(app-pages-browser)/./node_modules/next/dist/client/dev/report-hmr-latency.js:13
[   26849ms] [LOG] [Fast Refresh] rebuilding @ webpack-internal:///(app-pages-browser)/./node_modules/next/dist/client/dev/hot-reloader/app/hot-reloader-app.js:196
[   27125ms] [LOG] [Fast Refresh] done in 276ms @ webpack-internal:///(app-pages-browser)/./node_modules/next/dist/client/dev/report-hmr-latency.js:13
[   27472ms] [LOG] [Fast Refresh] rebuilding @ webpack-internal:///(app-pages-browser)/./node_modules/next/dist/client/dev/hot-reloader/app/hot-reloader-app.js:196
[   27519ms] [LOG] [Fast Refresh] done in 48ms @ webpack-internal:///(app-pages-browser)/./node_modules/next/dist/client/dev/report-hmr-latency.js:13
[   27852ms] [LOG] [Fast Refresh] rebuilding @ webpack-internal:///(app-pages-browser)/./node_modules/next/dist/client/dev/hot-reloader/app/hot-reloader-app.js:196
[   27957ms] [LOG] [Fast Refresh] done in 105ms @ webpack-internal:///(app-pages-browser)/./node_modules/next/dist/client/dev/report-hmr-latency.js:13
[   28237ms] [LOG] [Fast Refresh] rebuilding @ webpack-internal:///(app-pages-browser)/./node_modules/next/dist/client/dev/hot-reloader/app/hot-reloader-app.js:196
[   28266ms] [LOG] [Fast Refresh] done in 30ms @ webpack-internal:///(app-pages-browser)/./node_modules/next/dist/client/dev/report-hmr-latency.js:13
[   28497ms] [LOG] [Fast Refresh] rebuilding @ webpack-internal:///(app-pages-browser)/./node_modules/next/dist/client/dev/hot-reloader/app/hot-reloader-app.js:196
[   28539ms] [LOG] [Fast Refresh] done in 42ms @ webpack-internal:///(app-pages-browser)/./node_modules/next/dist/client/dev/report-hmr-latency.js:13
[   28871ms] [LOG] [Fast Refresh] rebuilding @ webpack-internal:///(app-pages-browser)/./node_modules/next/dist/client/dev/hot-reloader/app/hot-reloader-app.js:196
[   28910ms] [LOG] [Fast Refresh] done in 39ms @ webpack-internal:///(app-pages-browser)/./node_modules/next/dist/client/dev/report-hmr-latency.js:13
[   29147ms] [LOG] [Fast Refresh] rebuilding @ webpack-internal:///(app-pages-browser)/./node_modules/next/dist/client/dev/hot-reloader/app/hot-reloader-app.js:196
[   29167ms] [LOG] [Fast Refresh] done in 20ms @ webpack-internal:///(app-pages-browser)/./node_modules/next/dist/client/dev/report-hmr-latency.js:13
[   29486ms] [LOG] [Fast Refresh] rebuilding @ webpack-internal:///(app-pages-browser)/./node_modules/next/dist/client/dev/hot-reloader/app/hot-reloader-app.js:196
[   29514ms] [LOG] [Fast Refresh] done in 28ms @ webpack-internal:///(app-pages-browser)/./node_modules/next/dist/client/dev/report-hmr-latency.js:13
[   29766ms] [LOG] [Fast Refresh] rebuilding @ webpack-internal:///(app-pages-browser)/./node_modules/next/dist/client/dev/hot-reloader/app/hot-reloader-app.js:196
[   29789ms] [LOG] [Fast Refresh] done in 23ms @ webpack-internal:///(app-pages-browser)/./node_modules/next/dist/client/dev/report-hmr-latency.js:13
[   29982ms] [LOG] [Fast Refresh] rebuilding @ webpack-internal:///(app-pages-browser)/./node_modules/next/dist/client/dev/hot-reloader/app/hot-reloader-app.js:196
[   30011ms] [LOG] [Fast Refresh] done in 28ms @ webpack-internal:///(app-pages-browser)/./node_modules/next/dist/client/dev/report-hmr-latency.js:13
[   30264ms] [LOG] [Fast Refresh] rebuilding @ webpack-internal:///(app-pages-browser)/./node_modules/next/dist/client/dev/hot-reloader/app/hot-reloader-app.js:196
[   30288ms] [LOG] [Fast Refresh] done in 23ms @ webpack-internal:///(app-pages-browser)/./node_modules/next/dist/client/dev/report-hmr-latency.js:13
[   30463ms] [LOG] [Fast Refresh] rebuilding @ webpack-internal:///(app-pages-browser)/./node_modules/next/dist/client/dev/hot-reloader/app/hot-reloader-app.js:196
[   30556ms] [LOG] [Fast Refresh] done in 94ms @ webpack-internal:///(app-pages-browser)/./node_modules/next/dist/client/dev/report-hmr-latency.js:13
[   30852ms] [LOG] [Fast Refresh] rebuilding @ webpack-internal:///(app-pages-browser)/./node_modules/next/dist/client/dev/hot-reloader/app/hot-reloader-app.js:196
[   30880ms] [LOG] [Fast Refresh] done in 28ms @ webpack-internal:///(app-pages-browser)/./node_modules/next/dist/client/dev/report-hmr-latency.js:13
[   31132ms] [LOG] [Fast Refresh] rebuilding @ webpack-internal:///(app-pages-browser)/./node_modules/next/dist/client/dev/hot-reloader/app/hot-reloader-app.js:196
[   31152ms] [LOG] [Fast Refresh] done in 20ms @ webpack-internal:///(app-pages-browser)/./node_modules/next/dist/client/dev/report-hmr-latency.js:13
[   31332ms] [LOG] [Fast Refresh] rebuilding @ webpack-internal:///(app-pages-browser)/./node_modules/next/dist/client/dev/hot-reloader/app/hot-reloader-app.js:196
[   31349ms] [LOG] [Fast Refresh] done in 17ms @ webpack-internal:///(app-pages-browser)/./node_modules/next/dist/client/dev/report-hmr-latency.js:13
[   31469ms] [LOG] [Fast Refresh] rebuilding @ webpack-internal:///(app-pages-browser)/./node_modules/next/dist/client/dev/hot-reloader/app/hot-reloader-app.js:196
[   31487ms] [LOG] [Fast Refresh] done in 19ms @ webpack-internal:///(app-pages-browser)/./node_modules/next/dist/client/dev/report-hmr-latency.js:13
[   31651ms] [LOG] [Fast Refresh] rebuilding @ webpack-internal:///(app-pages-browser)/./node_modules/next/dist/client/dev/hot-reloader/app/hot-reloader-app.js:196
[   31791ms] [LOG] [Fast Refresh] done in 139ms @ webpack-internal:///(app-pages-browser)/./node_modules/next/dist/client/dev/report-hmr-latency.js:13
[   32012ms] [LOG] [Fast Refresh] rebuilding @ webpack-internal:///(app-pages-browser)/./node_modules/next/dist/client/dev/hot-reloader/app/hot-reloader-app.js:196
[   32028ms] [LOG] [Fast Refresh] done in 16ms @ webpack-internal:///(app-pages-browser)/./node_modules/next/dist/client/dev/report-hmr-latency.js:13
[   32249ms] [LOG] [Fast Refresh] rebuilding @ webpack-internal:///(app-pages-browser)/./node_modules/next/dist/client/dev/hot-reloader/app/hot-reloader-app.js:196
[   32275ms] [LOG] [Fast Refresh] done in 26ms @ webpack-internal:///(app-pages-browser)/./node_modules/next/dist/client/dev/report-hmr-latency.js:13
[   32439ms] [LOG] [Fast Refresh] rebuilding @ webpack-internal:///(app-pages-browser)/./node_modules/next/dist/client/dev/hot-reloader/app/hot-reloader-app.js:196
[   32470ms] [LOG] [Fast Refresh] done in 31ms @ webpack-internal:///(app-pages-browser)/./node_modules/next/dist/client/dev/report-hmr-latency.js:13
[   32682ms] [LOG] [Fast Refresh] rebuilding @ webpack-internal:///(app-pages-browser)/./node_modules/next/dist/client/dev/hot-reloader/app/hot-reloader-app.js:196
[   32713ms] [LOG] [Fast Refresh] done in 31ms @ webpack-internal:///(app-pages-browser)/./node_modules/next/dist/client/dev/report-hmr-latency.js:13
[   32972ms] [LOG] [Fast Refresh] rebuilding @ webpack-internal:///(app-pages-browser)/./node_modules/next/dist/client/dev/hot-reloader/app/hot-reloader-app.js:196
[   32989ms] [LOG] [Fast Refresh] done in 18ms @ webpack-internal:///(app-pages-browser)/./node_modules/next/dist/client/dev/report-hmr-latency.js:13
[   33119ms] [LOG] [Fast Refresh] rebuilding @ webpack-internal:///(app-pages-browser)/./node_modules/next/dist/client/dev/hot-reloader/app/hot-reloader-app.js:196
[   33207ms] [LOG] [Fast Refresh] done in 89ms @ webpack-internal:///(app-pages-browser)/./node_modules/next/dist/client/dev/report-hmr-latency.js:13
[   33462ms] [LOG] [Fast Refresh] rebuilding @ webpack-internal:///(app-pages-browser)/./node_modules/next/dist/client/dev/hot-reloader/app/hot-reloader-app.js:196
[   33520ms] [LOG] [Fast Refresh] done in 58ms @ webpack-internal:///(app-pages-browser)/./node_modules/next/dist/client/dev/report-hmr-latency.js:13
[   33690ms] [LOG] [Fast Refresh] rebuilding @ webpack-internal:///(app-pages-browser)/./node_modules/next/dist/client/dev/hot-reloader/app/hot-reloader-app.js:196
[   33764ms] [LOG] [Fast Refresh] done in 74ms @ webpack-internal:///(app-pages-browser)/./node_modules/next/dist/client/dev/report-hmr-latency.js:13
[   33898ms] [LOG] [Fast Refresh] rebuilding @ webpack-internal:///(app-pages-browser)/./node_modules/next/dist/client/dev/hot-reloader/app/hot-reloader-app.js:196
[   33917ms] [LOG] [Fast Refresh] done in 18ms @ webpack-internal:///(app-pages-browser)/./node_modules/next/dist/client/dev/report-hmr-latency.js:13
[   34197ms] [LOG] [Fast Refresh] rebuilding @ webpack-internal:///(app-pages-browser)/./node_modules/next/dist/client/dev/hot-reloader/app/hot-reloader-app.js:196
[   34236ms] [LOG] [Fast Refresh] done in 39ms @ webpack-internal:///(app-pages-browser)/./node_modules/next/dist/client/dev/report-hmr-latency.js:13
[   34991ms] [LOG] [Fast Refresh] rebuilding @ webpack-internal:///(app-pages-browser)/./node_modules/next/dist/client/dev/hot-reloader/app/hot-reloader-app.js:196
[   35124ms] [LOG] [Fast Refresh] done in 133ms @ webpack-internal:///(app-pages-browser)/./node_modules/next/dist/client/dev/report-hmr-latency.js:13
[   35571ms] [LOG] [Fast Refresh] rebuilding @ webpack-internal:///(app-pages-browser)/./node_modules/next/dist/client/dev/hot-reloader/app/hot-reloader-app.js:196
[   35641ms] [LOG] [Fast Refresh] done in 71ms @ webpack-internal:///(app-pages-browser)/./node_modules/next/dist/client/dev/report-hmr-latency.js:13
[   36085ms] [LOG] [Fast Refresh] rebuilding @ webpack-internal:///(app-pages-browser)/./node_modules/next/dist/client/dev/hot-reloader/app/hot-reloader-app.js:196
[   36138ms] [LOG] [Fast Refresh] done in 53ms @ webpack-internal:///(app-pages-browser)/./node_modules/next/dist/client/dev/report-hmr-latency.js:13
[   37598ms] [LOG] [Fast Refresh] rebuilding @ webpack-internal:///(app-pages-browser)/./node_modules/next/dist/client/dev/hot-reloader/app/hot-reloader-app.js:196
[   37717ms] [LOG] [Fast Refresh] done in 119ms @ webpack-internal:///(app-pages-browser)/./node_modules/next/dist/client/dev/report-hmr-latency.js:13
[   37884ms] [LOG] [Fast Refresh] rebuilding @ webpack-internal:///(app-pages-browser)/./node_modules/next/dist/client/dev/hot-reloader/app/hot-reloader-app.js:196
[   37904ms] [LOG] [Fast Refresh] done in 20ms @ webpack-internal:///(app-pages-browser)/./node_modules/next/dist/client/dev/report-hmr-latency.js:13
[   38162ms] [LOG] [Fast Refresh] rebuilding @ webpack-internal:///(app-pages-browser)/./node_modules/next/dist/client/dev/hot-reloader/app/hot-reloader-app.js:196
[   38206ms] [LOG] [Fast Refresh] done in 45ms @ webpack-internal:///(app-pages-browser)/./node_modules/next/dist/client/dev/report-hmr-latency.js:13
[   38721ms] [LOG] [Fast Refresh] rebuilding @ webpack-internal:///(app-pages-browser)/./node_modules/next/dist/client/dev/hot-reloader/app/hot-reloader-app.js:196
[   39132ms] [LOG] [Fast Refresh] done in 410ms @ webpack-internal:///(app-pages-browser)/./node_modules/next/dist/client/dev/report-hmr-latency.js:13
[   40652ms] [LOG] [Fast Refresh] rebuilding @ webpack-internal:///(app-pages-browser)/./node_modules/next/dist/client/dev/hot-reloader/app/hot-reloader-app.js:196
[   40932ms] [LOG] [Fast Refresh] done in 281ms @ webpack-internal:///(app-pages-browser)/./node_modules/next/dist/client/dev/report-hmr-latency.js:13
[   41669ms] [LOG] [Fast Refresh] rebuilding @ webpack-internal:///(app-pages-browser)/./node_modules/next/dist/client/dev/hot-reloader/app/hot-reloader-app.js:196
[   41835ms] [LOG] [Fast Refresh] done in 167ms @ webpack-internal:///(app-pages-browser)/./node_modules/next/dist/client/dev/report-hmr-latency.js:13
[   43096ms] [LOG] [Fast Refresh] rebuilding @ webpack-internal:///(app-pages-browser)/./node_modules/next/dist/client/dev/hot-reloader/app/hot-reloader-app.js:196
[   43266ms] [LOG] [Fast Refresh] done in 171ms @ webpack-internal:///(app-pages-browser)/./node_modules/next/dist/client/dev/report-hmr-latency.js:13
[   44005ms] [LOG] [Fast Refresh] rebuilding @ webpack-internal:///(app-pages-browser)/./node_modules/next/dist/client/dev/hot-reloader/app/hot-reloader-app.js:196
[   44074ms] [LOG] [Fast Refresh] done in 69ms @ webpack-internal:///(app-pages-browser)/./node_modules/next/dist/client/dev/report-hmr-latency.js:13
[   44555ms] [LOG] [Fast Refresh] rebuilding @ webpack-internal:///(app-pages-browser)/./node_modules/next/dist/client/dev/hot-reloader/app/hot-reloader-app.js:196
[   44674ms] [LOG] [Fast Refresh] done in 120ms @ webpack-internal:///(app-pages-browser)/./node_modules/next/dist/client/dev/report-hmr-latency.js:13
[   46897ms] [LOG] [Fast Refresh] rebuilding @ webpack-internal:///(app-pages-browser)/./node_modules/next/dist/client/dev/hot-reloader/app/hot-reloader-app.js:196
[   47005ms] [LOG] [Fast Refresh] done in 107ms @ webpack-internal:///(app-pages-browser)/./node_modules/next/dist/client/dev/report-hmr-latency.js:13
[   47423ms] [LOG] [Fast Refresh] rebuilding @ webpack-internal:///(app-pages-browser)/./node_modules/next/dist/client/dev/hot-reloader/app/hot-reloader-app.js:196
[   47540ms] [LOG] [Fast Refresh] done in 117ms @ webpack-internal:///(app-pages-browser)/./node_modules/next/dist/client/dev/report-hmr-latency.js:13
[   47850ms] [LOG] [Fast Refresh] rebuilding @ webpack-internal:///(app-pages-browser)/./node_modules/next/dist/client/dev/hot-reloader/app/hot-reloader-app.js:196
[   47946ms] [LOG] [Fast Refresh] done in 96ms @ webpack-internal:///(app-pages-browser)/./node_modules/next/dist/client/dev/report-hmr-latency.js:13
[   48737ms] [LOG] [Fast Refresh] rebuilding @ webpack-internal:///(app-pages-browser)/./node_modules/next/dist/client/dev/hot-reloader/app/hot-reloader-app.js:196
[   48780ms] [LOG] [Fast Refresh] done in 43ms @ webpack-internal:///(app-pages-browser)/./node_modules/next/dist/client/dev/report-hmr-latency.js:13
[   49106ms] [LOG] [Fast Refresh] rebuilding @ webpack-internal:///(app-pages-browser)/./node_modules/next/dist/client/dev/hot-reloader/app/hot-reloader-app.js:196
[   49148ms] [LOG] [Fast Refresh] done in 43ms @ webpack-internal:///(app-pages-browser)/./node_modules/next/dist/client/dev/report-hmr-latency.js:13
[   49382ms] [LOG] [Fast Refresh] rebuilding @ webpack-internal:///(app-pages-browser)/./node_modules/next/dist/client/dev/hot-reloader/app/hot-reloader-app.js:196
[   49427ms] [LOG] [Fast Refresh] done in 45ms @ webpack-internal:///(app-pages-browser)/./node_modules/next/dist/client/dev/report-hmr-latency.js:13
[   49710ms] [LOG] [Fast Refresh] rebuilding @ webpack-internal:///(app-pages-browser)/./node_modules/next/dist/client/dev/hot-reloader/app/hot-reloader-app.js:196
[   49733ms] [LOG] [Fast Refresh] done in 24ms @ webpack-internal:///(app-pages-browser)/./node_modules/next/dist/client/dev/report-hmr-latency.js:13
[   50131ms] [LOG] [Fast Refresh] rebuilding @ webpack-internal:///(app-pages-browser)/./node_modules/next/dist/client/dev/hot-reloader/app/hot-reloader-app.js:196
[   50158ms] [LOG] [Fast Refresh] done in 26ms @ webpack-internal:///(app-pages-browser)/./node_modules/next/dist/client/dev/report-hmr-latency.js:13
[   50454ms] [LOG] [Fast Refresh] rebuilding @ webpack-internal:///(app-pages-browser)/./node_modules/next/dist/client/dev/hot-reloader/app/hot-reloader-app.js:196
[   50514ms] [LOG] [Fast Refresh] done in 59ms @ webpack-internal:///(app-pages-browser)/./node_modules/next/dist/client/dev/report-hmr-latency.js:13
[   50814ms] [LOG] [Fast Refresh] rebuilding @ webpack-internal:///(app-pages-browser)/./node_modules/next/dist/client/dev/hot-reloader/app/hot-reloader-app.js:196
[   50848ms] [LOG] [Fast Refresh] done in 34ms @ webpack-internal:///(app-pages-browser)/./node_modules/next/dist/client/dev/report-hmr-latency.js:13
[   51057ms] [LOG] [Fast Refresh] rebuilding @ webpack-internal:///(app-pages-browser)/./node_modules/next/dist/client/dev/hot-reloader/app/hot-reloader-app.js:196
[   51071ms] [LOG] [Fast Refresh] done in 13ms @ webpack-internal:///(app-pages-browser)/./node_modules/next/dist/client/dev/report-hmr-latency.js:13
[   51304ms] [LOG] [Fast Refresh] rebuilding @ webpack-internal:///(app-pages-browser)/./node_modules/next/dist/client/dev/hot-reloader/app/hot-reloader-app.js:196
[   51435ms] [LOG] [Fast Refresh] done in 131ms @ webpack-internal:///(app-pages-browser)/./node_modules/next/dist/client/dev/report-hmr-latency.js:13
[   51612ms] [LOG] [Fast Refresh] rebuilding @ webpack-internal:///(app-pages-browser)/./node_modules/next/dist/client/dev/hot-reloader/app/hot-reloader-app.js:196
[   51680ms] [LOG] [Fast Refresh] done in 68ms @ webpack-internal:///(app-pages-browser)/./node_modules/next/dist/client/dev/report-hmr-latency.js:13
[   51875ms] [LOG] [Fast Refresh] rebuilding @ webpack-internal:///(app-pages-browser)/./node_modules/next/dist/client/dev/hot-reloader/app/hot-reloader-app.js:196
[   51909ms] [LOG] [Fast Refresh] done in 33ms @ webpack-internal:///(app-pages-browser)/./node_modules/next/dist/client/dev/report-hmr-latency.js:13
[   52086ms] [LOG] [Fast Refresh] rebuilding @ webpack-internal:///(app-pages-browser)/./node_modules/next/dist/client/dev/hot-reloader/app/hot-reloader-app.js:196
[   52106ms] [LOG] [Fast Refresh] done in 20ms @ webpack-internal:///(app-pages-browser)/./node_modules/next/dist/client/dev/report-hmr-latency.js:13
[   52293ms] [LOG] [Fast Refresh] rebuilding @ webpack-internal:///(app-pages-browser)/./node_modules/next/dist/client/dev/hot-reloader/app/hot-reloader-app.js:196
[   52321ms] [LOG] [Fast Refresh] done in 28ms @ webpack-internal:///(app-pages-browser)/./node_modules/next/dist/client/dev/report-hmr-latency.js:13
[   52483ms] [LOG] [Fast Refresh] rebuilding @ webpack-internal:///(app-pages-browser)/./node_modules/next/dist/client/dev/hot-reloader/app/hot-reloader-app.js:196
[   52498ms] [LOG] [Fast Refresh] done in 16ms @ webpack-internal:///(app-pages-browser)/./node_modules/next/dist/client/dev/report-hmr-latency.js:13
[   52636ms] [LOG] [Fast Refresh] rebuilding @ webpack-internal:///(app-pages-browser)/./node_modules/next/dist/client/dev/hot-reloader/app/hot-reloader-app.js:196
[   52655ms] [LOG] [Fast Refresh] done in 18ms @ webpack-internal:///(app-pages-browser)/./node_modules/next/dist/client/dev/report-hmr-latency.js:13
[   52791ms] [LOG] [Fast Refresh] rebuilding @ webpack-internal:///(app-pages-browser)/./node_modules/next/dist/client/dev/hot-reloader/app/hot-reloader-app.js:196
[   52816ms] [LOG] [Fast Refresh] done in 25ms @ webpack-internal:///(app-pages-browser)/./node_modules/next/dist/client/dev/report-hmr-latency.js:13
[   53017ms] [LOG] [Fast Refresh] rebuilding @ webpack-internal:///(app-pages-browser)/./node_modules/next/dist/client/dev/hot-reloader/app/hot-reloader-app.js:196
[   53809ms] [LOG] [Fast Refresh] done in 792ms @ webpack-internal:///(app-pages-browser)/./node_modules/next/dist/client/dev/report-hmr-latency.js:13
[   54607ms] [LOG] [Fast Refresh] rebuilding @ webpack-internal:///(app-pages-browser)/./node_modules/next/dist/client/dev/hot-reloader/app/hot-reloader-app.js:196
[   54637ms] [LOG] [Fast Refresh] done in 31ms @ webpack-internal:///(app-pages-browser)/./node_modules/next/dist/client/dev/report-hmr-latency.js:13
[   54810ms] [LOG] [Fast Refresh] rebuilding @ webpack-internal:///(app-pages-browser)/./node_modules/next/dist/client/dev/hot-reloader/app/hot-reloader-app.js:196
[   54835ms] [LOG] [Fast Refresh] done in 26ms @ webpack-internal:///(app-pages-browser)/./node_modules/next/dist/client/dev/report-hmr-latency.js:13
[   55006ms] [LOG] [Fast Refresh] rebuilding @ webpack-internal:///(app-pages-browser)/./node_modules/next/dist/client/dev/hot-reloader/app/hot-reloader-app.js:196
[   55054ms] [LOG] [Fast Refresh] done in 47ms @ webpack-internal:///(app-pages-browser)/./node_modules/next/dist/client/dev/report-hmr-latency.js:13
[   55283ms] [LOG] [Fast Refresh] rebuilding @ webpack-internal:///(app-pages-browser)/./node_modules/next/dist/client/dev/hot-reloader/app/hot-reloader-app.js:196
[   55301ms] [LOG] [Fast Refresh] done in 18ms @ webpack-internal:///(app-pages-browser)/./node_modules/next/dist/client/dev/report-hmr-latency.js:13
[   55493ms] [LOG] [Fast Refresh] rebuilding @ webpack-internal:///(app-pages-browser)/./node_modules/next/dist/client/dev/hot-reloader/app/hot-reloader-app.js:196
[   55505ms] [LOG] [Fast Refresh] done in 11ms @ webpack-internal:///(app-pages-browser)/./node_modules/next/dist/client/dev/report-hmr-latency.js:13
[   55533ms] [ERROR] Failed to load resource: the server responded with a status of 500 (Internal Server Error) @ http://localhost:3000/product/dp-002?_rsc=9re8fPIDhkOq5UU3:0
[   55651ms] [LOG] [Fast Refresh] rebuilding @ webpack-internal:///(app-pages-browser)/./node_modules/next/dist/client/dev/hot-reloader/app/hot-reloader-app.js:196
[   55673ms] [LOG] [Fast Refresh] done in 22ms @ webpack-internal:///(app-pages-browser)/./node_modules/next/dist/client/dev/report-hmr-latency.js:13
[   55878ms] [LOG] [Fast Refresh] rebuilding @ webpack-internal:///(app-pages-browser)/./node_modules/next/dist/client/dev/hot-reloader/app/hot-reloader-app.js:196
[   55892ms] [LOG] [Fast Refresh] done in 14ms @ webpack-internal:///(app-pages-browser)/./node_modules/next/dist/client/dev/report-hmr-latency.js:13
[   56044ms] [LOG] [Fast Refresh] rebuilding @ webpack-internal:///(app-pages-browser)/./node_modules/next/dist/client/dev/hot-reloader/app/hot-reloader-app.js:196
[   56064ms] [LOG] [Fast Refresh] done in 19ms @ webpack-internal:///(app-pages-browser)/./node_modules/next/dist/client/dev/report-hmr-latency.js:13
[   56298ms] [LOG] [Fast Refresh] rebuilding @ webpack-internal:///(app-pages-browser)/./node_modules/next/dist/client/dev/hot-reloader/app/hot-reloader-app.js:196
[   56338ms] [LOG] [Fast Refresh] done in 40ms @ webpack-internal:///(app-pages-browser)/./node_modules/next/dist/client/dev/report-hmr-latency.js:13
[   56467ms] [LOG] [Fast Refresh] rebuilding @ webpack-internal:///(app-pages-browser)/./node_modules/next/dist/client/dev/hot-reloader/app/hot-reloader-app.js:196
[   56481ms] [LOG] [Fast Refresh] done in 15ms @ webpack-internal:///(app-pages-browser)/./node_modules/next/dist/client/dev/report-hmr-latency.js:13
[   56735ms] [LOG] [Fast Refresh] rebuilding @ webpack-internal:///(app-pages-browser)/./node_modules/next/dist/client/dev/hot-reloader/app/hot-reloader-app.js:196
[   56772ms] [LOG] [Fast Refresh] done in 37ms @ webpack-internal:///(app-pages-browser)/./node_modules/next/dist/client/dev/report-hmr-latency.js:13
[   56971ms] [LOG] [Fast Refresh] rebuilding @ webpack-internal:///(app-pages-browser)/./node_modules/next/dist/client/dev/hot-reloader/app/hot-reloader-app.js:196
[   56989ms] [LOG] [Fast Refresh] done in 18ms @ webpack-internal:///(app-pages-browser)/./node_modules/next/dist/client/dev/report-hmr-latency.js:13
[   57143ms] [LOG] [Fast Refresh] rebuilding @ webpack-internal:///(app-pages-browser)/./node_modules/next/dist/client/dev/hot-reloader/app/hot-reloader-app.js:196
[   57162ms] [LOG] [Fast Refresh] done in 18ms @ webpack-internal:///(app-pages-browser)/./node_modules/next/dist/client/dev/report-hmr-latency.js:13
[   57333ms] [LOG] [Fast Refresh] rebuilding @ webpack-internal:///(app-pages-browser)/./node_modules/next/dist/client/dev/hot-reloader/app/hot-reloader-app.js:196
[   57368ms] [LOG] [Fast Refresh] done in 36ms @ webpack-internal:///(app-pages-browser)/./node_modules/next/dist/client/dev/report-hmr-latency.js:13
[   57569ms] [LOG] [Fast Refresh] rebuilding @ webpack-internal:///(app-pages-browser)/./node_modules/next/dist/client/dev/hot-reloader/app/hot-reloader-app.js:196
[   57625ms] [LOG] [Fast Refresh] done in 56ms @ webpack-internal:///(app-pages-browser)/./node_modules/next/dist/client/dev/report-hmr-latency.js:13
[   57772ms] [LOG] [Fast Refresh] rebuilding @ webpack-internal:///(app-pages-browser)/./node_modules/next/dist/client/dev/hot-reloader/app/hot-reloader-app.js:196
[   57936ms] [LOG] [Fast Refresh] done in 164ms @ webpack-internal:///(app-pages-browser)/./node_modules/next/dist/client/dev/report-hmr-latency.js:13
[   58110ms] [LOG] [Fast Refresh] rebuilding @ webpack-internal:///(app-pages-browser)/./node_modules/next/dist/client/dev/hot-reloader/app/hot-reloader-app.js:196
[   58188ms] [LOG] [Fast Refresh] done in 77ms @ webpack-internal:///(app-pages-browser)/./node_modules/next/dist/client/dev/report-hmr-latency.js:13
[   58323ms] [LOG] [Fast Refresh] rebuilding @ webpack-internal:///(app-pages-browser)/./node_modules/next/dist/client/dev/hot-reloader/app/hot-reloader-app.js:196
[   58346ms] [LOG] [Fast Refresh] done in 23ms @ webpack-internal:///(app-pages-browser)/./node_modules/next/dist/client/dev/report-hmr-latency.js:13
[   58504ms] [LOG] [Fast Refresh] rebuilding @ webpack-internal:///(app-pages-browser)/./node_modules/next/dist/client/dev/hot-reloader/app/hot-reloader-app.js:196
[   58534ms] [LOG] [Fast Refresh] done in 29ms @ webpack-internal:///(app-pages-browser)/./node_modules/next/dist/client/dev/report-hmr-latency.js:13
[   59769ms] [LOG] [Fast Refresh] rebuilding @ webpack-internal:///(app-pages-browser)/./node_modules/next/dist/client/dev/hot-reloader/app/hot-reloader-app.js:196
[   59865ms] [LOG] [Fast Refresh] done in 96ms @ webpack-internal:///(app-pages-browser)/./node_modules/next/dist/client/dev/report-hmr-latency.js:13
[   60283ms] [LOG] [Fast Refresh] rebuilding @ webpack-internal:///(app-pages-browser)/./node_modules/next/dist/client/dev/hot-reloader/app/hot-reloader-app.js:196
[   60422ms] [LOG] [Fast Refresh] done in 140ms @ webpack-internal:///(app-pages-browser)/./node_modules/next/dist/client/dev/report-hmr-latency.js:13
[   61167ms] [LOG] [Fast Refresh] rebuilding @ webpack-internal:///(app-pages-browser)/./node_modules/next/dist/client/dev/hot-reloader/app/hot-reloader-app.js:196
[   61207ms] [LOG] [Fast Refresh] done in 41ms @ webpack-internal:///(app-pages-browser)/./node_modules/next/dist/client/dev/report-hmr-latency.js:13
[   61574ms] [LOG] [Fast Refresh] rebuilding @ webpack-internal:///(app-pages-browser)/./node_modules/next/dist/client/dev/hot-reloader/app/hot-reloader-app.js:196
[   61654ms] [LOG] [Fast Refresh] done in 80ms @ webpack-internal:///(app-pages-browser)/./node_modules/next/dist/client/dev/report-hmr-latency.js:13
[   62354ms] [LOG] [Fast Refresh] rebuilding @ webpack-internal:///(app-pages-browser)/./node_modules/next/dist/client/dev/hot-reloader/app/hot-reloader-app.js:196
[   62449ms] [LOG] [Fast Refresh] done in 95ms @ webpack-internal:///(app-pages-browser)/./node_modules/next/dist/client/dev/report-hmr-latency.js:13
[   62739ms] [LOG] [Fast Refresh] rebuilding @ webpack-internal:///(app-pages-browser)/./node_modules/next/dist/client/dev/hot-reloader/app/hot-reloader-app.js:196
[   62913ms] [LOG] [Fast Refresh] done in 174ms @ webpack-internal:///(app-pages-browser)/./node_modules/next/dist/client/dev/report-hmr-latency.js:13
[   63186ms] [LOG] [Fast Refresh] rebuilding @ webpack-internal:///(app-pages-browser)/./node_modules/next/dist/client/dev/hot-reloader/app/hot-reloader-app.js:196
[   63291ms] [LOG] [Fast Refresh] done in 105ms @ webpack-internal:///(app-pages-browser)/./node_modules/next/dist/client/dev/report-hmr-latency.js:13
[   63435ms] [LOG] [Fast Refresh] rebuilding @ webpack-internal:///(app-pages-browser)/./node_modules/next/dist/client/dev/hot-reloader/app/hot-reloader-app.js:196
[   63484ms] [LOG] [Fast Refresh] done in 49ms @ webpack-internal:///(app-pages-browser)/./node_modules/next/dist/client/dev/report-hmr-latency.js:13
[   63628ms] [LOG] [Fast Refresh] rebuilding @ webpack-internal:///(app-pages-browser)/./node_modules/next/dist/client/dev/hot-reloader/app/hot-reloader-app.js:196
[   63683ms] [LOG] [Fast Refresh] done in 55ms @ webpack-internal:///(app-pages-browser)/./node_modules/next/dist/client/dev/report-hmr-latency.js:13
[   63834ms] [LOG] [Fast Refresh] rebuilding @ webpack-internal:///(app-pages-browser)/./node_modules/next/dist/client/dev/hot-reloader/app/hot-reloader-app.js:196
[   63932ms] [LOG] [Fast Refresh] done in 97ms @ webpack-internal:///(app-pages-browser)/./node_modules/next/dist/client/dev/report-hmr-latency.js:13
[   64124ms] [LOG] [Fast Refresh] rebuilding @ webpack-internal:///(app-pages-browser)/./node_modules/next/dist/client/dev/hot-reloader/app/hot-reloader-app.js:196
[   64151ms] [LOG] [Fast Refresh] done in 27ms @ webpack-internal:///(app-pages-browser)/./node_modules/next/dist/client/dev/report-hmr-latency.js:13
[   64303ms] [LOG] [Fast Refresh] rebuilding @ webpack-internal:///(app-pages-browser)/./node_modules/next/dist/client/dev/hot-reloader/app/hot-reloader-app.js:196
[   64322ms] [LOG] [Fast Refresh] done in 19ms @ webpack-internal:///(app-pages-browser)/./node_modules/next/dist/client/dev/report-hmr-latency.js:13
[   64491ms] [LOG] [Fast Refresh] rebuilding @ webpack-internal:///(app-pages-browser)/./node_modules/next/dist/client/dev/hot-reloader/app/hot-reloader-app.js:196
[   64532ms] [LOG] [Fast Refresh] done in 41ms @ webpack-internal:///(app-pages-browser)/./node_modules/next/dist/client/dev/report-hmr-latency.js:13
[   64802ms] [LOG] [Fast Refresh] rebuilding @ webpack-internal:///(app-pages-browser)/./node_modules/next/dist/client/dev/hot-reloader/app/hot-reloader-app.js:196
[   64825ms] [LOG] [Fast Refresh] done in 23ms @ webpack-internal:///(app-pages-browser)/./node_modules/next/dist/client/dev/report-hmr-latency.js:13
[   65042ms] [LOG] [Fast Refresh] rebuilding @ webpack-internal:///(app-pages-browser)/./node_modules/next/dist/client/dev/hot-reloader/app/hot-reloader-app.js:196
[   65084ms] [LOG] [Fast Refresh] done in 42ms @ webpack-internal:///(app-pages-browser)/./node_modules/next/dist/client/dev/report-hmr-latency.js:13
[   65258ms] [LOG] [Fast Refresh] rebuilding @ webpack-internal:///(app-pages-browser)/./node_modules/next/dist/client/dev/hot-reloader/app/hot-reloader-app.js:196
[   65285ms] [LOG] [Fast Refresh] done in 27ms @ webpack-internal:///(app-pages-browser)/./node_modules/next/dist/client/dev/report-hmr-latency.js:13
[   65606ms] [LOG] [Fast Refresh] rebuilding @ webpack-internal:///(app-pages-browser)/./node_modules/next/dist/client/dev/hot-reloader/app/hot-reloader-app.js:196
[   65648ms] [LOG] [Fast Refresh] done in 42ms @ webpack-internal:///(app-pages-browser)/./node_modules/next/dist/client/dev/report-hmr-latency.js:13
[   65855ms] [LOG] [Fast Refresh] rebuilding @ webpack-internal:///(app-pages-browser)/./node_modules/next/dist/client/dev/hot-reloader/app/hot-reloader-app.js:196
[   65950ms] [LOG] [Fast Refresh] done in 95ms @ webpack-internal:///(app-pages-browser)/./node_modules/next/dist/client/dev/report-hmr-latency.js:13
[   66180ms] [LOG] [Fast Refresh] rebuilding @ webpack-internal:///(app-pages-browser)/./node_modules/next/dist/client/dev/hot-reloader/app/hot-reloader-app.js:196
[   66238ms] [LOG] [Fast Refresh] done in 57ms @ webpack-internal:///(app-pages-browser)/./node_modules/next/dist/client/dev/report-hmr-latency.js:13
[   66596ms] [LOG] [Fast Refresh] rebuilding @ webpack-internal:///(app-pages-browser)/./node_modules/next/dist/client/dev/hot-reloader/app/hot-reloader-app.js:196
[   66648ms] [LOG] [Fast Refresh] done in 51ms @ webpack-internal:///(app-pages-browser)/./node_modules/next/dist/client/dev/report-hmr-latency.js:13
[   66888ms] [LOG] [Fast Refresh] rebuilding @ webpack-internal:///(app-pages-browser)/./node_modules/next/dist/client/dev/hot-reloader/app/hot-reloader-app.js:196
[   66966ms] [LOG] [Fast Refresh] done in 78ms @ webpack-internal:///(app-pages-browser)/./node_modules/next/dist/client/dev/report-hmr-latency.js:13
[   67296ms] [LOG] [Fast Refresh] rebuilding @ webpack-internal:///(app-pages-browser)/./node_modules/next/dist/client/dev/hot-reloader/app/hot-reloader-app.js:196
[   67365ms] [LOG] [Fast Refresh] done in 68ms @ webpack-internal:///(app-pages-browser)/./node_modules/next/dist/client/dev/report-hmr-latency.js:13
[   67591ms] [LOG] [Fast Refresh] rebuilding @ webpack-internal:///(app-pages-browser)/./node_modules/next/dist/client/dev/hot-reloader/app/hot-reloader-app.js:196
[   67768ms] [LOG] [Fast Refresh] done in 177ms @ webpack-internal:///(app-pages-browser)/./node_modules/next/dist/client/dev/report-hmr-latency.js:13
[   67904ms] [LOG] [Fast Refresh] rebuilding @ webpack-internal:///(app-pages-browser)/./node_modules/next/dist/client/dev/hot-reloader/app/hot-reloader-app.js:196
[   67947ms] [LOG] [Fast Refresh] done in 43ms @ webpack-internal:///(app-pages-browser)/./node_modules/next/dist/client/dev/report-hmr-latency.js:13
[   68075ms] [LOG] [Fast Refresh] rebuilding @ webpack-internal:///(app-pages-browser)/./node_modules/next/dist/client/dev/hot-reloader/app/hot-reloader-app.js:196
[   68177ms] [LOG] [Fast Refresh] done in 103ms @ webpack-internal:///(app-pages-browser)/./node_modules/next/dist/client/dev/report-hmr-latency.js:13
[   68514ms] [LOG] [Fast Refresh] rebuilding @ webpack-internal:///(app-pages-browser)/./node_modules/next/dist/client/dev/hot-reloader/app/hot-reloader-app.js:196
[   68547ms] [LOG] [Fast Refresh] done in 34ms @ webpack-internal:///(app-pages-browser)/./node_modules/next/dist/client/dev/report-hmr-latency.js:13
[   69466ms] [LOG] [Fast Refresh] rebuilding @ webpack-internal:///(app-pages-browser)/./node_modules/next/dist/client/dev/hot-reloader/app/hot-reloader-app.js:196
[   69520ms] [LOG] [Fast Refresh] done in 54ms @ webpack-internal:///(app-pages-browser)/./node_modules/next/dist/client/dev/report-hmr-latency.js:13
[   69801ms] [LOG] [Fast Refresh] rebuilding @ webpack-internal:///(app-pages-browser)/./node_modules/next/dist/client/dev/hot-reloader/app/hot-reloader-app.js:196
[   69836ms] [LOG] [Fast Refresh] done in 35ms @ webpack-internal:///(app-pages-browser)/./node_modules/next/dist/client/dev/report-hmr-latency.js:13
[   70021ms] [LOG] [Fast Refresh] rebuilding @ webpack-internal:///(app-pages-browser)/./node_modules/next/dist/client/dev/hot-reloader/app/hot-reloader-app.js:196
[   70036ms] [LOG] [Fast Refresh] done in 16ms @ webpack-internal:///(app-pages-browser)/./node_modules/next/dist/client/dev/report-hmr-latency.js:13
[   70192ms] [LOG] [Fast Refresh] rebuilding @ webpack-internal:///(app-pages-browser)/./node_modules/next/dist/client/dev/hot-reloader/app/hot-reloader-app.js:196
[   70216ms] [LOG] [Fast Refresh] done in 23ms @ webpack-internal:///(app-pages-browser)/./node_modules/next/dist/client/dev/report-hmr-latency.js:13
[   70492ms] [LOG] [Fast Refresh] rebuilding @ webpack-internal:///(app-pages-browser)/./node_modules/next/dist/client/dev/hot-reloader/app/hot-reloader-app.js:196
[   70537ms] [LOG] [Fast Refresh] done in 44ms @ webpack-internal:///(app-pages-browser)/./node_modules/next/dist/client/dev/report-hmr-latency.js:13
[   70859ms] [LOG] [Fast Refresh] rebuilding @ webpack-internal:///(app-pages-browser)/./node_modules/next/dist/client/dev/hot-reloader/app/hot-reloader-app.js:196
[   71031ms] [LOG] [Fast Refresh] done in 172ms @ webpack-internal:///(app-pages-browser)/./node_modules/next/dist/client/dev/report-hmr-latency.js:13
[   71264ms] [LOG] [Fast Refresh] rebuilding @ webpack-internal:///(app-pages-browser)/./node_modules/next/dist/client/dev/hot-reloader/app/hot-reloader-app.js:196
[   71287ms] [LOG] [Fast Refresh] done in 24ms @ webpack-internal:///(app-pages-browser)/./node_modules/next/dist/client/dev/report-hmr-latency.js:13
[   71423ms] [LOG] [Fast Refresh] rebuilding @ webpack-internal:///(app-pages-browser)/./node_modules/next/dist/client/dev/hot-reloader/app/hot-reloader-app.js:196
[   71447ms] [LOG] [Fast Refresh] done in 23ms @ webpack-internal:///(app-pages-browser)/./node_modules/next/dist/client/dev/report-hmr-latency.js:13
[   71590ms] [LOG] [Fast Refresh] rebuilding @ webpack-internal:///(app-pages-browser)/./node_modules/next/dist/client/dev/hot-reloader/app/hot-reloader-app.js:196
[   71607ms] [LOG] [Fast Refresh] done in 17ms @ webpack-internal:///(app-pages-browser)/./node_modules/next/dist/client/dev/report-hmr-latency.js:13
[   71755ms] [LOG] [Fast Refresh] rebuilding @ webpack-internal:///(app-pages-browser)/./node_modules/next/dist/client/dev/hot-reloader/app/hot-reloader-app.js:196
[   71778ms] [LOG] [Fast Refresh] done in 23ms @ webpack-internal:///(app-pages-browser)/./node_modules/next/dist/client/dev/report-hmr-latency.js:13
[   72053ms] [LOG] [Fast Refresh] rebuilding @ webpack-internal:///(app-pages-browser)/./node_modules/next/dist/client/dev/hot-reloader/app/hot-reloader-app.js:196
[   72073ms] [LOG] [Fast Refresh] done in 20ms @ webpack-internal:///(app-pages-browser)/./node_modules/next/dist/client/dev/report-hmr-latency.js:13
[   72284ms] [LOG] [Fast Refresh] rebuilding @ webpack-internal:///(app-pages-browser)/./node_modules/next/dist/client/dev/hot-reloader/app/hot-reloader-app.js:196
[   72320ms] [LOG] [Fast Refresh] done in 37ms @ webpack-internal:///(app-pages-browser)/./node_modules/next/dist/client/dev/report-hmr-latency.js:13
[   72349ms] [ERROR] Failed to load resource: the server responded with a status of 500 (Internal Server Error) @ http://localhost:3000/product/dp-002?_rsc=9re8fPIDhkOq5UU3:0
[   72496ms] [LOG] [Fast Refresh] rebuilding @ webpack-internal:///(app-pages-browser)/./node_modules/next/dist/client/dev/hot-reloader/app/hot-reloader-app.js:196
[   72555ms] [LOG] [Fast Refresh] done in 59ms @ webpack-internal:///(app-pages-browser)/./node_modules/next/dist/client/dev/report-hmr-latency.js:13
[   72752ms] [LOG] [Fast Refresh] rebuilding @ webpack-internal:///(app-pages-browser)/./node_modules/next/dist/client/dev/hot-reloader/app/hot-reloader-app.js:196
[   72802ms] [LOG] [Fast Refresh] done in 49ms @ webpack-internal:///(app-pages-browser)/./node_modules/next/dist/client/dev/report-hmr-latency.js:13
[   72905ms] [LOG] [Fast Refresh] rebuilding @ webpack-internal:///(app-pages-browser)/./node_modules/next/dist/client/dev/hot-reloader/app/hot-reloader-app.js:196
[   72950ms] [LOG] [Fast Refresh] done in 45ms @ webpack-internal:///(app-pages-browser)/./node_modules/next/dist/client/dev/report-hmr-latency.js:13
[   73087ms] [LOG] [Fast Refresh] rebuilding @ webpack-internal:///(app-pages-browser)/./node_modules/next/dist/client/dev/hot-reloader/app/hot-reloader-app.js:196
[   73156ms] [LOG] [Fast Refresh] done in 68ms @ webpack-internal:///(app-pages-browser)/./node_modules/next/dist/client/dev/report-hmr-latency.js:13
[   73341ms] [LOG] [Fast Refresh] rebuilding @ webpack-internal:///(app-pages-browser)/./node_modules/next/dist/client/dev/hot-reloader/app/hot-reloader-app.js:196
[   73369ms] [LOG] [Fast Refresh] done in 29ms @ webpack-internal:///(app-pages-browser)/./node_modules/next/dist/client/dev/report-hmr-latency.js:13
[   73654ms] [LOG] [Fast Refresh] rebuilding @ webpack-internal:///(app-pages-browser)/./node_modules/next/dist/client/dev/hot-reloader/app/hot-reloader-app.js:196
[   73671ms] [LOG] [Fast Refresh] done in 18ms @ webpack-internal:///(app-pages-browser)/./node_modules/next/dist/client/dev/report-hmr-latency.js:13
[   73818ms] [LOG] [Fast Refresh] rebuilding @ webpack-internal:///(app-pages-browser)/./node_modules/next/dist/client/dev/hot-reloader/app/hot-reloader-app.js:196
[   73838ms] [LOG] [Fast Refresh] done in 19ms @ webpack-internal:///(app-pages-browser)/./node_modules/next/dist/client/dev/report-hmr-latency.js:13
[   74012ms] [LOG] [Fast Refresh] rebuilding @ webpack-internal:///(app-pages-browser)/./node_modules/next/dist/client/dev/hot-reloader/app/hot-reloader-app.js:196
[   74050ms] [LOG] [Fast Refresh] done in 38ms @ webpack-internal:///(app-pages-browser)/./node_modules/next/dist/client/dev/report-hmr-latency.js:13
[   74214ms] [LOG] [Fast Refresh] rebuilding @ webpack-internal:///(app-pages-browser)/./node_modules/next/dist/client/dev/hot-reloader/app/hot-reloader-app.js:196
[   74234ms] [LOG] [Fast Refresh] done in 21ms @ webpack-internal:///(app-pages-browser)/./node_modules/next/dist/client/dev/report-hmr-latency.js:13
[   74457ms] [LOG] [Fast Refresh] rebuilding @ webpack-internal:///(app-pages-browser)/./node_modules/next/dist/client/dev/hot-reloader/app/hot-reloader-app.js:196
[   74507ms] [LOG] [Fast Refresh] done in 51ms @ webpack-internal:///(app-pages-browser)/./node_modules/next/dist/client/dev/report-hmr-latency.js:13
[   74724ms] [LOG] [Fast Refresh] rebuilding @ webpack-internal:///(app-pages-browser)/./node_modules/next/dist/client/dev/hot-reloader/app/hot-reloader-app.js:196
[   74748ms] [LOG] [Fast Refresh] done in 24ms @ webpack-internal:///(app-pages-browser)/./node_modules/next/dist/client/dev/report-hmr-latency.js:13
[   74984ms] [LOG] [Fast Refresh] rebuilding @ webpack-internal:///(app-pages-browser)/./node_modules/next/dist/client/dev/hot-reloader/app/hot-reloader-app.js:196
[   75048ms] [LOG] [Fast Refresh] done in 64ms @ webpack-internal:///(app-pages-browser)/./node_modules/next/dist/client/dev/report-hmr-latency.js:13
[   75191ms] [LOG] [Fast Refresh] rebuilding @ webpack-internal:///(app-pages-browser)/./node_modules/next/dist/client/dev/hot-reloader/app/hot-reloader-app.js:196
[   75247ms] [LOG] [Fast Refresh] done in 56ms @ webpack-internal:///(app-pages-browser)/./node_modules/next/dist/client/dev/report-hmr-latency.js:13
[   75429ms] [LOG] [Fast Refresh] rebuilding @ webpack-internal:///(app-pages-browser)/./node_modules/next/dist/client/dev/hot-reloader/app/hot-reloader-app.js:196
[   75451ms] [LOG] [Fast Refresh] done in 21ms @ webpack-internal:///(app-pages-browser)/./node_modules/next/dist/client/dev/report-hmr-latency.js:13
[   75609ms] [LOG] [Fast Refresh] rebuilding @ webpack-internal:///(app-pages-browser)/./node_modules/next/dist/client/dev/hot-reloader/app/hot-reloader-app.js:196
[   75625ms] [LOG] [Fast Refresh] done in 16ms @ webpack-internal:///(app-pages-browser)/./node_modules/next/dist/client/dev/report-hmr-latency.js:13
[   75773ms] [LOG] [Fast Refresh] rebuilding @ webpack-internal:///(app-pages-browser)/./node_modules/next/dist/client/dev/hot-reloader/app/hot-reloader-app.js:196
[   75804ms] [LOG] [Fast Refresh] done in 31ms @ webpack-internal:///(app-pages-browser)/./node_modules/next/dist/client/dev/report-hmr-latency.js:13
[   76015ms] [LOG] [Fast Refresh] rebuilding @ webpack-internal:///(app-pages-browser)/./node_modules/next/dist/client/dev/hot-reloader/app/hot-reloader-app.js:196
[   76037ms] [LOG] [Fast Refresh] done in 23ms @ webpack-internal:///(app-pages-browser)/./node_modules/next/dist/client/dev/report-hmr-latency.js:13
[   76299ms] [LOG] [Fast Refresh] rebuilding @ webpack-internal:///(app-pages-browser)/./node_modules/next/dist/client/dev/hot-reloader/app/hot-reloader-app.js:196
[   76321ms] [LOG] [Fast Refresh] done in 22ms @ webpack-internal:///(app-pages-browser)/./node_modules/next/dist/client/dev/report-hmr-latency.js:13
[   76490ms] [LOG] [Fast Refresh] rebuilding @ webpack-internal:///(app-pages-browser)/./node_modules/next/dist/client/dev/hot-reloader/app/hot-reloader-app.js:196
[   76506ms] [LOG] [Fast Refresh] done in 16ms @ webpack-internal:///(app-pages-browser)/./node_modules/next/dist/client/dev/report-hmr-latency.js:13
[   76603ms] [ERROR] Failed to load resource: the server responded with a status of 500 (Internal Server Error) @ http://localhost:3000/product/dp-002?_rsc=9re8fPIDhkOq5UU3:0
[   76649ms] [LOG] [Fast Refresh] rebuilding @ webpack-internal:///(app-pages-browser)/./node_modules/next/dist/client/dev/hot-reloader/app/hot-reloader-app.js:196
[   76664ms] [LOG] [Fast Refresh] done in 15ms @ webpack-internal:///(app-pages-browser)/./node_modules/next/dist/client/dev/report-hmr-latency.js:13
[   76807ms] [LOG] [Fast Refresh] rebuilding @ webpack-internal:///(app-pages-browser)/./node_modules/next/dist/client/dev/hot-reloader/app/hot-reloader-app.js:196
[   76824ms] [LOG] [Fast Refresh] done in 17ms @ webpack-internal:///(app-pages-browser)/./node_modules/next/dist/client/dev/report-hmr-latency.js:13
[   76963ms] [LOG] [Fast Refresh] rebuilding @ webpack-internal:///(app-pages-browser)/./node_modules/next/dist/client/dev/hot-reloader/app/hot-reloader-app.js:196
[   76991ms] [LOG] [Fast Refresh] done in 28ms @ webpack-internal:///(app-pages-browser)/./node_modules/next/dist/client/dev/report-hmr-latency.js:13
[   77237ms] [LOG] [Fast Refresh] rebuilding @ webpack-internal:///(app-pages-browser)/./node_modules/next/dist/client/dev/hot-reloader/app/hot-reloader-app.js:196
[   77308ms] [LOG] [Fast Refresh] done in 71ms @ webpack-internal:///(app-pages-browser)/./node_modules/next/dist/client/dev/report-hmr-latency.js:13
[   77506ms] [LOG] [Fast Refresh] rebuilding @ webpack-internal:///(app-pages-browser)/./node_modules/next/dist/client/dev/hot-reloader/app/hot-reloader-app.js:196
[   77535ms] [LOG] [Fast Refresh] done in 29ms @ webpack-internal:///(app-pages-browser)/./node_modules/next/dist/client/dev/report-hmr-latency.js:13
[   77673ms] [LOG] [Fast Refresh] rebuilding @ webpack-internal:///(app-pages-browser)/./node_modules/next/dist/client/dev/hot-reloader/app/hot-reloader-app.js:196
[   77731ms] [LOG] [Fast Refresh] done in 58ms @ webpack-internal:///(app-pages-browser)/./node_modules/next/dist/client/dev/report-hmr-latency.js:13
[   77926ms] [LOG] [Fast Refresh] rebuilding @ webpack-internal:///(app-pages-browser)/./node_modules/next/dist/client/dev/hot-reloader/app/hot-reloader-app.js:196
[   77974ms] [LOG] [Fast Refresh] done in 48ms @ webpack-internal:///(app-pages-browser)/./node_modules/next/dist/client/dev/report-hmr-latency.js:13
[   78197ms] [LOG] [Fast Refresh] rebuilding @ webpack-internal:///(app-pages-browser)/./node_modules/next/dist/client/dev/hot-reloader/app/hot-reloader-app.js:196
[   78275ms] [LOG] [Fast Refresh] done in 78ms @ webpack-internal:///(app-pages-browser)/./node_modules/next/dist/client/dev/report-hmr-latency.js:13
[   78514ms] [LOG] [Fast Refresh] rebuilding @ webpack-internal:///(app-pages-browser)/./node_modules/next/dist/client/dev/hot-reloader/app/hot-reloader-app.js:196
[   78558ms] [LOG] [Fast Refresh] done in 44ms @ webpack-internal:///(app-pages-browser)/./node_modules/next/dist/client/dev/report-hmr-latency.js:13
[   78820ms] [LOG] [Fast Refresh] rebuilding @ webpack-internal:///(app-pages-browser)/./node_modules/next/dist/client/dev/hot-reloader/app/hot-reloader-app.js:196
[   78988ms] [LOG] [Fast Refresh] done in 168ms @ webpack-internal:///(app-pages-browser)/./node_modules/next/dist/client/dev/report-hmr-latency.js:13
[   79357ms] [LOG] [Fast Refresh] rebuilding @ webpack-internal:///(app-pages-browser)/./node_modules/next/dist/client/dev/hot-reloader/app/hot-reloader-app.js:196
[   79435ms] [LOG] [Fast Refresh] done in 78ms @ webpack-internal:///(app-pages-browser)/./node_modules/next/dist/client/dev/report-hmr-latency.js:13
[   79750ms] [LOG] [Fast Refresh] rebuilding @ webpack-internal:///(app-pages-browser)/./node_modules/next/dist/client/dev/hot-reloader/app/hot-reloader-app.js:196
[   79921ms] [LOG] [Fast Refresh] done in 171ms @ webpack-internal:///(app-pages-browser)/./node_modules/next/dist/client/dev/report-hmr-latency.js:13
[   80382ms] [LOG] [Fast Refresh] rebuilding @ webpack-internal:///(app-pages-browser)/./node_modules/next/dist/client/dev/hot-reloader/app/hot-reloader-app.js:196
[   80464ms] [LOG] [Fast Refresh] done in 83ms @ webpack-internal:///(app-pages-browser)/./node_modules/next/dist/client/dev/report-hmr-latency.js:13
[   80662ms] [LOG] [Fast Refresh] rebuilding @ webpack-internal:///(app-pages-browser)/./node_modules/next/dist/client/dev/hot-reloader/app/hot-reloader-app.js:196
[   80741ms] [LOG] [Fast Refresh] done in 78ms @ webpack-internal:///(app-pages-browser)/./node_modules/next/dist/client/dev/report-hmr-latency.js:13
[   80954ms] [LOG] [Fast Refresh] rebuilding @ webpack-internal:///(app-pages-browser)/./node_modules/next/dist/client/dev/hot-reloader/app/hot-reloader-app.js:196
[   81041ms] [LOG] [Fast Refresh] done in 87ms @ webpack-internal:///(app-pages-browser)/./node_modules/next/dist/client/dev/report-hmr-latency.js:13
[   81257ms] [LOG] [Fast Refresh] rebuilding @ webpack-internal:///(app-pages-browser)/./node_modules/next/dist/client/dev/hot-reloader/app/hot-reloader-app.js:196
[   81322ms] [LOG] [Fast Refresh] done in 66ms @ webpack-internal:///(app-pages-browser)/./node_modules/next/dist/client/dev/report-hmr-latency.js:13
[   81437ms] [LOG] [Fast Refresh] rebuilding @ webpack-internal:///(app-pages-browser)/./node_modules/next/dist/client/dev/hot-reloader/app/hot-reloader-app.js:196
[   81482ms] [LOG] [Fast Refresh] done in 45ms @ webpack-internal:///(app-pages-browser)/./node_modules/next/dist/client/dev/report-hmr-latency.js:13
[   81599ms] [LOG] [Fast Refresh] rebuilding @ webpack-internal:///(app-pages-browser)/./node_modules/next/dist/client/dev/hot-reloader/app/hot-reloader-app.js:196
[   81638ms] [LOG] [Fast Refresh] done in 40ms @ webpack-internal:///(app-pages-browser)/./node_modules/next/dist/client/dev/report-hmr-latency.js:13
[   81791ms] [LOG] [Fast Refresh] rebuilding @ webpack-internal:///(app-pages-browser)/./node_modules/next/dist/client/dev/hot-reloader/app/hot-reloader-app.js:196
[   81874ms] [LOG] [Fast Refresh] done in 83ms @ webpack-internal:///(app-pages-browser)/./node_modules/next/dist/client/dev/report-hmr-latency.js:13
[   82053ms] [LOG] [Fast Refresh] rebuilding @ webpack-internal:///(app-pages-browser)/./node_modules/next/dist/client/dev/hot-reloader/app/hot-reloader-app.js:196
[   82075ms] [LOG] [Fast Refresh] done in 21ms @ webpack-internal:///(app-pages-browser)/./node_modules/next/dist/client/dev/report-hmr-latency.js:13
[   82352ms] [LOG] [Fast Refresh] rebuilding @ webpack-internal:///(app-pages-browser)/./node_modules/next/dist/client/dev/hot-reloader/app/hot-reloader-app.js:196
[   82371ms] [LOG] [Fast Refresh] done in 20ms @ webpack-internal:///(app-pages-browser)/./node_modules/next/dist/client/dev/report-hmr-latency.js:13
[   82517ms] [LOG] [Fast Refresh] rebuilding @ webpack-internal:///(app-pages-browser)/./node_modules/next/dist/client/dev/hot-reloader/app/hot-reloader-app.js:196
[   82560ms] [LOG] [Fast Refresh] done in 43ms @ webpack-internal:///(app-pages-browser)/./node_modules/next/dist/client/dev/report-hmr-latency.js:13
[   82786ms] [LOG] [Fast Refresh] rebuilding @ webpack-internal:///(app-pages-browser)/./node_modules/next/dist/client/dev/hot-reloader/app/hot-reloader-app.js:196
[   82834ms] [LOG] [Fast Refresh] done in 49ms @ webpack-internal:///(app-pages-browser)/./node_modules/next/dist/client/dev/report-hmr-latency.js:13
[   83104ms] [LOG] [Fast Refresh] rebuilding @ webpack-internal:///(app-pages-browser)/./node_modules/next/dist/client/dev/hot-reloader/app/hot-reloader-app.js:196
[   83133ms] [LOG] [Fast Refresh] done in 28ms @ webpack-internal:///(app-pages-browser)/./node_modules/next/dist/client/dev/report-hmr-latency.js:13
[   83314ms] [LOG] [Fast Refresh] rebuilding @ webpack-internal:///(app-pages-browser)/./node_modules/next/dist/client/dev/hot-reloader/app/hot-reloader-app.js:196
[   83400ms] [ERROR] Failed to load resource: the server responded with a status of 500 (Internal Server Error) @ http://localhost:3000/product/dp-002?_rsc=9re8fPIDhkOq5UU3:0
[   83433ms] [LOG] [Fast Refresh] done in 120ms @ webpack-internal:///(app-pages-browser)/./node_modules/next/dist/client/dev/report-hmr-latency.js:13
[   83850ms] [LOG] [Fast Refresh] rebuilding @ webpack-internal:///(app-pages-browser)/./node_modules/next/dist/client/dev/hot-reloader/app/hot-reloader-app.js:196
[   83971ms] [LOG] [Fast Refresh] done in 121ms @ webpack-internal:///(app-pages-browser)/./node_modules/next/dist/client/dev/report-hmr-latency.js:13
[   84326ms] [LOG] [Fast Refresh] rebuilding @ webpack-internal:///(app-pages-browser)/./node_modules/next/dist/client/dev/hot-reloader/app/hot-reloader-app.js:196
[   84435ms] [LOG] [Fast Refresh] done in 109ms @ webpack-internal:///(app-pages-browser)/./node_modules/next/dist/client/dev/report-hmr-latency.js:13
[   84690ms] [LOG] [Fast Refresh] rebuilding @ webpack-internal:///(app-pages-browser)/./node_modules/next/dist/client/dev/hot-reloader/app/hot-reloader-app.js:196
[   84773ms] [LOG] [Fast Refresh] done in 83ms @ webpack-internal:///(app-pages-browser)/./node_modules/next/dist/client/dev/report-hmr-latency.js:13
[   84880ms] [LOG] [Fast Refresh] rebuilding @ webpack-internal:///(app-pages-browser)/./node_modules/next/dist/client/dev/hot-reloader/app/hot-reloader-app.js:196
[   84902ms] [LOG] [Fast Refresh] done in 22ms @ webpack-internal:///(app-pages-browser)/./node_modules/next/dist/client/dev/report-hmr-latency.js:13
[   85196ms] [LOG] [Fast Refresh] rebuilding @ webpack-internal:///(app-pages-browser)/./node_modules/next/dist/client/dev/hot-reloader/app/hot-reloader-app.js:196
[   85252ms] [LOG] [Fast Refresh] done in 55ms @ webpack-internal:///(app-pages-browser)/./node_modules/next/dist/client/dev/report-hmr-latency.js:13
[   85439ms] [LOG] [Fast Refresh] rebuilding @ webpack-internal:///(app-pages-browser)/./node_modules/next/dist/client/dev/hot-reloader/app/hot-reloader-app.js:196
[   85505ms] [LOG] [Fast Refresh] done in 66ms @ webpack-internal:///(app-pages-browser)/./node_modules/next/dist/client/dev/report-hmr-latency.js:13
[   85690ms] [LOG] [Fast Refresh] rebuilding @ webpack-internal:///(app-pages-browser)/./node_modules/next/dist/client/dev/hot-reloader/app/hot-reloader-app.js:196
[   85714ms] [LOG] [Fast Refresh] done in 24ms @ webpack-internal:///(app-pages-browser)/./node_modules/next/dist/client/dev/report-hmr-latency.js:13
[   85866ms] [LOG] [Fast Refresh] rebuilding @ webpack-internal:///(app-pages-browser)/./node_modules/next/dist/client/dev/hot-reloader/app/hot-reloader-app.js:196
[   85882ms] [LOG] [Fast Refresh] done in 15ms @ webpack-internal:///(app-pages-browser)/./node_modules/next/dist/client/dev/report-hmr-latency.js:13
[   86027ms] [LOG] [Fast Refresh] rebuilding @ webpack-internal:///(app-pages-browser)/./node_modules/next/dist/client/dev/hot-reloader/app/hot-reloader-app.js:196
[   86046ms] [LOG] [Fast Refresh] done in 20ms @ webpack-internal:///(app-pages-browser)/./node_modules/next/dist/client/dev/report-hmr-latency.js:13
[   86294ms] [LOG] [Fast Refresh] rebuilding @ webpack-internal:///(app-pages-browser)/./node_modules/next/dist/client/dev/hot-reloader/app/hot-reloader-app.js:196
[   86330ms] [LOG] [Fast Refresh] done in 37ms @ webpack-internal:///(app-pages-browser)/./node_modules/next/dist/client/dev/report-hmr-latency.js:13
[   86557ms] [LOG] [Fast Refresh] rebuilding @ webpack-internal:///(app-pages-browser)/./node_modules/next/dist/client/dev/hot-reloader/app/hot-reloader-app.js:196
[   86606ms] [LOG] [Fast Refresh] done in 50ms @ webpack-internal:///(app-pages-browser)/./node_modules/next/dist/client/dev/report-hmr-latency.js:13
[   86840ms] [LOG] [Fast Refresh] rebuilding @ webpack-internal:///(app-pages-browser)/./node_modules/next/dist/client/dev/hot-reloader/app/hot-reloader-app.js:196
[   86864ms] [LOG] [Fast Refresh] done in 23ms @ webpack-internal:///(app-pages-browser)/./node_modules/next/dist/client/dev/report-hmr-latency.js:13
[   87017ms] [LOG] [Fast Refresh] rebuilding @ webpack-internal:///(app-pages-browser)/./node_modules/next/dist/client/dev/hot-reloader/app/hot-reloader-app.js:196
[   87051ms] [LOG] [Fast Refresh] done in 33ms @ webpack-internal:///(app-pages-browser)/./node_modules/next/dist/client/dev/report-hmr-latency.js:13
[   87189ms] [LOG] [Fast Refresh] rebuilding @ webpack-internal:///(app-pages-browser)/./node_modules/next/dist/client/dev/hot-reloader/app/hot-reloader-app.js:196
[   87205ms] [LOG] [Fast Refresh] done in 16ms @ webpack-internal:///(app-pages-browser)/./node_modules/next/dist/client/dev/report-hmr-latency.js:13
[   87605ms] [LOG] [Fast Refresh] rebuilding @ webpack-internal:///(app-pages-browser)/./node_modules/next/dist/client/dev/hot-reloader/app/hot-reloader-app.js:196
[   87636ms] [LOG] [Fast Refresh] done in 31ms @ webpack-internal:///(app-pages-browser)/./node_modules/next/dist/client/dev/report-hmr-latency.js:13
[   87931ms] [LOG] [Fast Refresh] rebuilding @ webpack-internal:///(app-pages-browser)/./node_modules/next/dist/client/dev/hot-reloader/app/hot-reloader-app.js:196
[   87952ms] [LOG] [Fast Refresh] done in 21ms @ webpack-internal:///(app-pages-browser)/./node_modules/next/dist/client/dev/report-hmr-latency.js:13
[   88147ms] [LOG] [Fast Refresh] rebuilding @ webpack-internal:///(app-pages-browser)/./node_modules/next/dist/client/dev/hot-reloader/app/hot-reloader-app.js:196
[   88170ms] [ERROR] Failed to load resource: the server responded with a status of 500 (Internal Server Error) @ http://localhost:3000/product/dp-002?_rsc=9re8fPIDhkOq5UU3:0
[   88198ms] [LOG] [Fast Refresh] done in 51ms @ webpack-internal:///(app-pages-browser)/./node_modules/next/dist/client/dev/report-hmr-latency.js:13
[   88388ms] [LOG] [Fast Refresh] rebuilding @ webpack-internal:///(app-pages-browser)/./node_modules/next/dist/client/dev/hot-reloader/app/hot-reloader-app.js:196
[   88417ms] [LOG] [Fast Refresh] done in 28ms @ webpack-internal:///(app-pages-browser)/./node_modules/next/dist/client/dev/report-hmr-latency.js:13
[   88718ms] [LOG] [Fast Refresh] rebuilding @ webpack-internal:///(app-pages-browser)/./node_modules/next/dist/client/dev/hot-reloader/app/hot-reloader-app.js:196
[   88737ms] [LOG] [Fast Refresh] done in 19ms @ webpack-internal:///(app-pages-browser)/./node_modules/next/dist/client/dev/report-hmr-latency.js:13
[   88859ms] [LOG] [Fast Refresh] rebuilding @ webpack-internal:///(app-pages-browser)/./node_modules/next/dist/client/dev/hot-reloader/app/hot-reloader-app.js:196
[   88875ms] [LOG] [Fast Refresh] done in 16ms @ webpack-internal:///(app-pages-browser)/./node_modules/next/dist/client/dev/report-hmr-latency.js:13
[   89010ms] [LOG] [Fast Refresh] rebuilding @ webpack-internal:///(app-pages-browser)/./node_modules/next/dist/client/dev/hot-reloader/app/hot-reloader-app.js:196
[   89028ms] [LOG] [Fast Refresh] done in 17ms @ webpack-internal:///(app-pages-browser)/./node_modules/next/dist/client/dev/report-hmr-latency.js:13
[   89381ms] [LOG] [Fast Refresh] rebuilding @ webpack-internal:///(app-pages-browser)/./node_modules/next/dist/client/dev/hot-reloader/app/hot-reloader-app.js:196
[   89407ms] [LOG] [Fast Refresh] done in 26ms @ webpack-internal:///(app-pages-browser)/./node_modules/next/dist/client/dev/report-hmr-latency.js:13
[   89621ms] [LOG] [Fast Refresh] rebuilding @ webpack-internal:///(app-pages-browser)/./node_modules/next/dist/client/dev/hot-reloader/app/hot-reloader-app.js:196
[   89675ms] [LOG] [Fast Refresh] done in 53ms @ webpack-internal:///(app-pages-browser)/./node_modules/next/dist/client/dev/report-hmr-latency.js:13
[   89821ms] [LOG] [Fast Refresh] rebuilding @ webpack-internal:///(app-pages-browser)/./node_modules/next/dist/client/dev/hot-reloader/app/hot-reloader-app.js:196
[   90251ms] [LOG] [Fast Refresh] done in 430ms @ webpack-internal:///(app-pages-browser)/./node_modules/next/dist/client/dev/report-hmr-latency.js:13
[   91613ms] [LOG] [Fast Refresh] rebuilding @ webpack-internal:///(app-pages-browser)/./node_modules/next/dist/client/dev/hot-reloader/app/hot-reloader-app.js:196
[   91669ms] [LOG] [Fast Refresh] done in 55ms @ webpack-internal:///(app-pages-browser)/./node_modules/next/dist/client/dev/report-hmr-latency.js:13
[   91937ms] [LOG] [Fast Refresh] rebuilding @ webpack-internal:///(app-pages-browser)/./node_modules/next/dist/client/dev/hot-reloader/app/hot-reloader-app.js:196
[   91992ms] [LOG] [Fast Refresh] done in 54ms @ webpack-internal:///(app-pages-browser)/./node_modules/next/dist/client/dev/report-hmr-latency.js:13
[   92181ms] [LOG] [Fast Refresh] rebuilding @ webpack-internal:///(app-pages-browser)/./node_modules/next/dist/client/dev/hot-reloader/app/hot-reloader-app.js:196
[   92200ms] [LOG] [Fast Refresh] done in 19ms @ webpack-internal:///(app-pages-browser)/./node_modules/next/dist/client/dev/report-hmr-latency.js:13
[   92442ms] [LOG] [Fast Refresh] rebuilding @ webpack-internal:///(app-pages-browser)/./node_modules/next/dist/client/dev/hot-reloader/app/hot-reloader-app.js:196
[   92491ms] [LOG] [Fast Refresh] done in 50ms @ webpack-internal:///(app-pages-browser)/./node_modules/next/dist/client/dev/report-hmr-latency.js:13
[   92764ms] [LOG] [Fast Refresh] rebuilding @ webpack-internal:///(app-pages-browser)/./node_modules/next/dist/client/dev/hot-reloader/app/hot-reloader-app.js:196
[   92798ms] [LOG] [Fast Refresh] done in 33ms @ webpack-internal:///(app-pages-browser)/./node_modules/next/dist/client/dev/report-hmr-latency.js:13
[   93033ms] [LOG] [Fast Refresh] rebuilding @ webpack-internal:///(app-pages-browser)/./node_modules/next/dist/client/dev/hot-reloader/app/hot-reloader-app.js:196
[   93050ms] [LOG] [Fast Refresh] done in 17ms @ webpack-internal:///(app-pages-browser)/./node_modules/next/dist/client/dev/report-hmr-latency.js:13
[   93170ms] [LOG] [Fast Refresh] rebuilding @ webpack-internal:///(app-pages-browser)/./node_modules/next/dist/client/dev/hot-reloader/app/hot-reloader-app.js:196
[   93183ms] [LOG] [Fast Refresh] done in 13ms @ webpack-internal:///(app-pages-browser)/./node_modules/next/dist/client/dev/report-hmr-latency.js:13
[   93335ms] [LOG] [Fast Refresh] rebuilding @ webpack-internal:///(app-pages-browser)/./node_modules/next/dist/client/dev/hot-reloader/app/hot-reloader-app.js:196
[   93355ms] [LOG] [Fast Refresh] done in 20ms @ webpack-internal:///(app-pages-browser)/./node_modules/next/dist/client/dev/report-hmr-latency.js:13
[   93741ms] [LOG] [Fast Refresh] rebuilding @ webpack-internal:///(app-pages-browser)/./node_modules/next/dist/client/dev/hot-reloader/app/hot-reloader-app.js:196
[   93870ms] [LOG] [Fast Refresh] done in 130ms @ webpack-internal:///(app-pages-browser)/./node_modules/next/dist/client/dev/report-hmr-latency.js:13
[   94017ms] [LOG] [Fast Refresh] rebuilding @ webpack-internal:///(app-pages-browser)/./node_modules/next/dist/client/dev/hot-reloader/app/hot-reloader-app.js:196
[   94084ms] [LOG] [Fast Refresh] done in 67ms @ webpack-internal:///(app-pages-browser)/./node_modules/next/dist/client/dev/report-hmr-latency.js:13
[   94342ms] [LOG] [Fast Refresh] rebuilding @ webpack-internal:///(app-pages-browser)/./node_modules/next/dist/client/dev/hot-reloader/app/hot-reloader-app.js:196
[   94390ms] [LOG] [Fast Refresh] done in 49ms @ webpack-internal:///(app-pages-browser)/./node_modules/next/dist/client/dev/report-hmr-latency.js:13
[   94715ms] [LOG] [Fast Refresh] rebuilding @ webpack-internal:///(app-pages-browser)/./node_modules/next/dist/client/dev/hot-reloader/app/hot-reloader-app.js:196
[   94737ms] [LOG] [Fast Refresh] done in 21ms @ webpack-internal:///(app-pages-browser)/./node_modules/next/dist/client/dev/report-hmr-latency.js:13
[   95389ms] [LOG] [Fast Refresh] rebuilding @ webpack-internal:///(app-pages-browser)/./node_modules/next/dist/client/dev/hot-reloader/app/hot-reloader-app.js:196
[   96068ms] [LOG] [Fast Refresh] done in 680ms @ webpack-internal:///(app-pages-browser)/./node_modules/next/dist/client/dev/report-hmr-latency.js:13
[  100016ms] [LOG] [Fast Refresh] rebuilding @ webpack-internal:///(app-pages-browser)/./node_modules/next/dist/client/dev/hot-reloader/app/hot-reloader-app.js:196
[  100034ms] [LOG] [Fast Refresh] done in 19ms @ webpack-internal:///(app-pages-browser)/./node_modules/next/dist/client/dev/report-hmr-latency.js:13
[  100139ms] [LOG] [Fast Refresh] rebuilding @ webpack-internal:///(app-pages-browser)/./node_modules/next/dist/client/dev/hot-reloader/app/hot-reloader-app.js:196
[  100152ms] [LOG] [Fast Refresh] done in 13ms @ webpack-internal:///(app-pages-browser)/./node_modules/next/dist/client/dev/report-hmr-latency.js:13
[  100243ms] [ERROR] Failed to load resource: the server responded with a status of 500 (Internal Server Error) @ http://localhost:3000/product/dp-002?_rsc=9re8fPIDhkOq5UU3:0
[  100257ms] [LOG] [Fast Refresh] rebuilding @ webpack-internal:///(app-pages-browser)/./node_modules/next/dist/client/dev/hot-reloader/app/hot-reloader-app.js:196
[  100271ms] [LOG] [Fast Refresh] done in 14ms @ webpack-internal:///(app-pages-browser)/./node_modules/next/dist/client/dev/report-hmr-latency.js:13
[  100418ms] [LOG] [Fast Refresh] rebuilding @ webpack-internal:///(app-pages-browser)/./node_modules/next/dist/client/dev/hot-reloader/app/hot-reloader-app.js:196
[  100436ms] [LOG] [Fast Refresh] done in 18ms @ webpack-internal:///(app-pages-browser)/./node_modules/next/dist/client/dev/report-hmr-latency.js:13
[  100982ms] [LOG] [Fast Refresh] rebuilding @ webpack-internal:///(app-pages-browser)/./node_modules/next/dist/client/dev/hot-reloader/app/hot-reloader-app.js:196
[  101139ms] [LOG] [Fast Refresh] done in 157ms @ webpack-internal:///(app-pages-browser)/./node_modules/next/dist/client/dev/report-hmr-latency.js:13
[  101387ms] [LOG] [Fast Refresh] rebuilding @ webpack-internal:///(app-pages-browser)/./node_modules/next/dist/client/dev/hot-reloader/app/hot-reloader-app.js:196
[  101410ms] [LOG] [Fast Refresh] done in 22ms @ webpack-internal:///(app-pages-browser)/./node_modules/next/dist/client/dev/report-hmr-latency.js:13
[  101751ms] [LOG] [Fast Refresh] rebuilding @ webpack-internal:///(app-pages-browser)/./node_modules/next/dist/client/dev/hot-reloader/app/hot-reloader-app.js:196
[  101874ms] [LOG] [Fast Refresh] done in 123ms @ webpack-internal:///(app-pages-browser)/./node_modules/next/dist/client/dev/report-hmr-latency.js:13
[  102148ms] [LOG] [Fast Refresh] rebuilding @ webpack-internal:///(app-pages-browser)/./node_modules/next/dist/client/dev/hot-reloader/app/hot-reloader-app.js:196
[  102198ms] [LOG] [Fast Refresh] done in 50ms @ webpack-internal:///(app-pages-browser)/./node_modules/next/dist/client/dev/report-hmr-latency.js:13
[  102332ms] [LOG] [Fast Refresh] rebuilding @ webpack-internal:///(app-pages-browser)/./node_modules/next/dist/client/dev/hot-reloader/app/hot-reloader-app.js:196
[  102425ms] [LOG] [Fast Refresh] done in 93ms @ webpack-internal:///(app-pages-browser)/./node_modules/next/dist/client/dev/report-hmr-latency.js:13
[  102779ms] [LOG] [Fast Refresh] rebuilding @ webpack-internal:///(app-pages-browser)/./node_modules/next/dist/client/dev/hot-reloader/app/hot-reloader-app.js:196
[  102857ms] [LOG] [Fast Refresh] done in 78ms @ webpack-internal:///(app-pages-browser)/./node_modules/next/dist/client/dev/report-hmr-latency.js:13
[  103202ms] [LOG] [Fast Refresh] rebuilding @ webpack-internal:///(app-pages-browser)/./node_modules/next/dist/client/dev/hot-reloader/app/hot-reloader-app.js:196
[  103240ms] [LOG] [Fast Refresh] done in 38ms @ webpack-internal:///(app-pages-browser)/./node_modules/next/dist/client/dev/report-hmr-latency.js:13
[  103630ms] [LOG] [Fast Refresh] rebuilding @ webpack-internal:///(app-pages-browser)/./node_modules/next/dist/client/dev/hot-reloader/app/hot-reloader-app.js:196
[  103671ms] [LOG] [Fast Refresh] done in 41ms @ webpack-internal:///(app-pages-browser)/./node_modules/next/dist/client/dev/report-hmr-latency.js:13
[  103864ms] [LOG] [Fast Refresh] rebuilding @ webpack-internal:///(app-pages-browser)/./node_modules/next/dist/client/dev/hot-reloader/app/hot-reloader-app.js:196
[  103887ms] [LOG] [Fast Refresh] done in 22ms @ webpack-internal:///(app-pages-browser)/./node_modules/next/dist/client/dev/report-hmr-latency.js:13
[  104456ms] [LOG] [Fast Refresh] rebuilding @ webpack-internal:///(app-pages-browser)/./node_modules/next/dist/client/dev/hot-reloader/app/hot-reloader-app.js:196
[  104489ms] [LOG] [Fast Refresh] done in 33ms @ webpack-internal:///(app-pages-browser)/./node_modules/next/dist/client/dev/report-hmr-latency.js:13
[  104720ms] [LOG] [Fast Refresh] rebuilding @ webpack-internal:///(app-pages-browser)/./node_modules/next/dist/client/dev/hot-reloader/app/hot-reloader-app.js:196
[  104755ms] [ERROR] Failed to load resource: the server responded with a status of 500 (Internal Server Error) @ http://localhost:3000/product/dp-002?_rsc=9re8fPIDhkOq5UU3:0
[  104790ms] [LOG] [Fast Refresh] done in 71ms @ webpack-internal:///(app-pages-browser)/./node_modules/next/dist/client/dev/report-hmr-latency.js:13
[  105033ms] [LOG] [Fast Refresh] rebuilding @ webpack-internal:///(app-pages-browser)/./node_modules/next/dist/client/dev/hot-reloader/app/hot-reloader-app.js:196
[  105045ms] [LOG] [Fast Refresh] done in 13ms @ webpack-internal:///(app-pages-browser)/./node_modules/next/dist/client/dev/report-hmr-latency.js:13
[  105238ms] [LOG] [Fast Refresh] rebuilding @ webpack-internal:///(app-pages-browser)/./node_modules/next/dist/client/dev/hot-reloader/app/hot-reloader-app.js:196
[  105251ms] [LOG] [Fast Refresh] done in 14ms @ webpack-internal:///(app-pages-browser)/./node_modules/next/dist/client/dev/report-hmr-latency.js:13
[  105955ms] [ERROR] Failed to load resource: the server responded with a status of 500 (Internal Server Error) @ http://localhost:3000/product/dp-002?_rsc=9re8fPIDhkOq5UU3:0
[  105973ms] [LOG] [Fast Refresh] rebuilding @ webpack-internal:///(app-pages-browser)/./node_modules/next/dist/client/dev/hot-reloader/app/hot-reloader-app.js:196
[  105988ms] [LOG] [Fast Refresh] done in 15ms @ webpack-internal:///(app-pages-browser)/./node_modules/next/dist/client/dev/report-hmr-latency.js:13
[  106131ms] [LOG] [Fast Refresh] rebuilding @ webpack-internal:///(app-pages-browser)/./node_modules/next/dist/client/dev/hot-reloader/app/hot-reloader-app.js:196
[  106146ms] [LOG] [Fast Refresh] done in 14ms @ webpack-internal:///(app-pages-browser)/./node_modules/next/dist/client/dev/report-hmr-latency.js:13
[  106275ms] [LOG] [Fast Refresh] rebuilding @ webpack-internal:///(app-pages-browser)/./node_modules/next/dist/client/dev/hot-reloader/app/hot-reloader-app.js:196
[  106297ms] [LOG] [Fast Refresh] done in 21ms @ webpack-internal:///(app-pages-browser)/./node_modules/next/dist/client/dev/report-hmr-latency.js:13
[  106465ms] [LOG] [Fast Refresh] rebuilding @ webpack-internal:///(app-pages-browser)/./node_modules/next/dist/client/dev/hot-reloader/app/hot-reloader-app.js:196
[  106546ms] [LOG] [Fast Refresh] done in 81ms @ webpack-internal:///(app-pages-browser)/./node_modules/next/dist/client/dev/report-hmr-latency.js:13
[  106653ms] [LOG] [Fast Refresh] rebuilding @ webpack-internal:///(app-pages-browser)/./node_modules/next/dist/client/dev/hot-reloader/app/hot-reloader-app.js:196
[  106674ms] [LOG] [Fast Refresh] done in 21ms @ webpack-internal:///(app-pages-browser)/./node_modules/next/dist/client/dev/report-hmr-latency.js:13
[  106840ms] [LOG] [Fast Refresh] rebuilding @ webpack-internal:///(app-pages-browser)/./node_modules/next/dist/client/dev/hot-reloader/app/hot-reloader-app.js:196
[  106861ms] [LOG] [Fast Refresh] done in 20ms @ webpack-internal:///(app-pages-browser)/./node_modules/next/dist/client/dev/report-hmr-latency.js:13
[  107025ms] [LOG] [Fast Refresh] rebuilding @ webpack-internal:///(app-pages-browser)/./node_modules/next/dist/client/dev/hot-reloader/app/hot-reloader-app.js:196
[  107054ms] [LOG] [Fast Refresh] done in 30ms @ webpack-internal:///(app-pages-browser)/./node_modules/next/dist/client/dev/report-hmr-latency.js:13
[  107183ms] [LOG] [Fast Refresh] rebuilding @ webpack-internal:///(app-pages-browser)/./node_modules/next/dist/client/dev/hot-reloader/app/hot-reloader-app.js:196
[  107196ms] [LOG] [Fast Refresh] done in 13ms @ webpack-internal:///(app-pages-browser)/./node_modules/next/dist/client/dev/report-hmr-latency.js:13
[  107311ms] [LOG] [Fast Refresh] rebuilding @ webpack-internal:///(app-pages-browser)/./node_modules/next/dist/client/dev/hot-reloader/app/hot-reloader-app.js:196
[  107322ms] [LOG] [Fast Refresh] done in 12ms @ webpack-internal:///(app-pages-browser)/./node_modules/next/dist/client/dev/report-hmr-latency.js:13
[  107445ms] [LOG] [Fast Refresh] rebuilding @ webpack-internal:///(app-pages-browser)/./node_modules/next/dist/client/dev/hot-reloader/app/hot-reloader-app.js:196
[  107459ms] [LOG] [Fast Refresh] done in 13ms @ webpack-internal:///(app-pages-browser)/./node_modules/next/dist/client/dev/report-hmr-latency.js:13
[  107584ms] [LOG] [Fast Refresh] rebuilding @ webpack-internal:///(app-pages-browser)/./node_modules/next/dist/client/dev/hot-reloader/app/hot-reloader-app.js:196
[  107598ms] [LOG] [Fast Refresh] done in 14ms @ webpack-internal:///(app-pages-browser)/./node_modules/next/dist/client/dev/report-hmr-latency.js:13
[  107706ms] [LOG] [Fast Refresh] rebuilding @ webpack-internal:///(app-pages-browser)/./node_modules/next/dist/client/dev/hot-reloader/app/hot-reloader-app.js:196
[  107720ms] [LOG] [Fast Refresh] done in 15ms @ webpack-internal:///(app-pages-browser)/./node_modules/next/dist/client/dev/report-hmr-latency.js:13
[  107882ms] [LOG] [Fast Refresh] rebuilding @ webpack-internal:///(app-pages-browser)/./node_modules/next/dist/client/dev/hot-reloader/app/hot-reloader-app.js:196
[  107903ms] [LOG] [Fast Refresh] done in 20ms @ webpack-internal:///(app-pages-browser)/./node_modules/next/dist/client/dev/report-hmr-latency.js:13
[  108057ms] [LOG] [Fast Refresh] rebuilding @ webpack-internal:///(app-pages-browser)/./node_modules/next/dist/client/dev/hot-reloader/app/hot-reloader-app.js:196
[  108074ms] [LOG] [Fast Refresh] done in 17ms @ webpack-internal:///(app-pages-browser)/./node_modules/next/dist/client/dev/report-hmr-latency.js:13
[  108199ms] [LOG] [Fast Refresh] rebuilding @ webpack-internal:///(app-pages-browser)/./node_modules/next/dist/client/dev/hot-reloader/app/hot-reloader-app.js:196
[  108218ms] [LOG] [Fast Refresh] done in 20ms @ webpack-internal:///(app-pages-browser)/./node_modules/next/dist/client/dev/report-hmr-latency.js:13
[  108354ms] [LOG] [Fast Refresh] rebuilding @ webpack-internal:///(app-pages-browser)/./node_modules/next/dist/client/dev/hot-reloader/app/hot-reloader-app.js:196
[  108368ms] [LOG] [Fast Refresh] done in 14ms @ webpack-internal:///(app-pages-browser)/./node_modules/next/dist/client/dev/report-hmr-latency.js:13
[  108524ms] [LOG] [Fast Refresh] rebuilding @ webpack-internal:///(app-pages-browser)/./node_modules/next/dist/client/dev/hot-reloader/app/hot-reloader-app.js:196
[  108542ms] [LOG] [Fast Refresh] done in 18ms @ webpack-internal:///(app-pages-browser)/./node_modules/next/dist/client/dev/report-hmr-latency.js:13
[  108654ms] [LOG] [Fast Refresh] rebuilding @ webpack-internal:///(app-pages-browser)/./node_modules/next/dist/client/dev/hot-reloader/app/hot-reloader-app.js:196
[  108711ms] [LOG] [Fast Refresh] done in 57ms @ webpack-internal:///(app-pages-browser)/./node_modules/next/dist/client/dev/report-hmr-latency.js:13
[  108847ms] [LOG] [Fast Refresh] rebuilding @ webpack-internal:///(app-pages-browser)/./node_modules/next/dist/client/dev/hot-reloader/app/hot-reloader-app.js:196
[  108891ms] [LOG] [Fast Refresh] done in 45ms @ webpack-internal:///(app-pages-browser)/./node_modules/next/dist/client/dev/report-hmr-latency.js:13
[  109003ms] [LOG] [Fast Refresh] rebuilding @ webpack-internal:///(app-pages-browser)/./node_modules/next/dist/client/dev/hot-reloader/app/hot-reloader-app.js:196
[  109017ms] [LOG] [Fast Refresh] done in 15ms @ webpack-internal:///(app-pages-browser)/./node_modules/next/dist/client/dev/report-hmr-latency.js:13
[  109153ms] [LOG] [Fast Refresh] rebuilding @ webpack-internal:///(app-pages-browser)/./node_modules/next/dist/client/dev/hot-reloader/app/hot-reloader-app.js:196
[  109170ms] [LOG] [Fast Refresh] done in 16ms @ webpack-internal:///(app-pages-browser)/./node_modules/next/dist/client/dev/report-hmr-latency.js:13
[  109302ms] [LOG] [Fast Refresh] rebuilding @ webpack-internal:///(app-pages-browser)/./node_modules/next/dist/client/dev/hot-reloader/app/hot-reloader-app.js:196
[  109322ms] [LOG] [Fast Refresh] done in 20ms @ webpack-internal:///(app-pages-browser)/./node_modules/next/dist/client/dev/report-hmr-latency.js:13
[  109472ms] [LOG] [Fast Refresh] rebuilding @ webpack-internal:///(app-pages-browser)/./node_modules/next/dist/client/dev/hot-reloader/app/hot-reloader-app.js:196
[  109502ms] [LOG] [Fast Refresh] done in 30ms @ webpack-internal:///(app-pages-browser)/./node_modules/next/dist/client/dev/report-hmr-latency.js:13
[  109651ms] [LOG] [Fast Refresh] rebuilding @ webpack-internal:///(app-pages-browser)/./node_modules/next/dist/client/dev/hot-reloader/app/hot-reloader-app.js:196
[  109669ms] [LOG] [Fast Refresh] done in 18ms @ webpack-internal:///(app-pages-browser)/./node_modules/next/dist/client/dev/report-hmr-latency.js:13
[  109807ms] [LOG] [Fast Refresh] rebuilding @ webpack-internal:///(app-pages-browser)/./node_modules/next/dist/client/dev/hot-reloader/app/hot-reloader-app.js:196
[  109825ms] [LOG] [Fast Refresh] done in 17ms @ webpack-internal:///(app-pages-browser)/./node_modules/next/dist/client/dev/report-hmr-latency.js:13
[  109937ms] [LOG] [Fast Refresh] rebuilding @ webpack-internal:///(app-pages-browser)/./node_modules/next/dist/client/dev/hot-reloader/app/hot-reloader-app.js:196
[  109949ms] [LOG] [Fast Refresh] done in 12ms @ webpack-internal:///(app-pages-browser)/./node_modules/next/dist/client/dev/report-hmr-latency.js:13
[  110083ms] [LOG] [Fast Refresh] rebuilding @ webpack-internal:///(app-pages-browser)/./node_modules/next/dist/client/dev/hot-reloader/app/hot-reloader-app.js:196
[  110100ms] [LOG] [Fast Refresh] done in 17ms @ webpack-internal:///(app-pages-browser)/./node_modules/next/dist/client/dev/report-hmr-latency.js:13
[  110236ms] [LOG] [Fast Refresh] rebuilding @ webpack-internal:///(app-pages-browser)/./node_modules/next/dist/client/dev/hot-reloader/app/hot-reloader-app.js:196
[  110254ms] [LOG] [Fast Refresh] done in 18ms @ webpack-internal:///(app-pages-browser)/./node_modules/next/dist/client/dev/report-hmr-latency.js:13
[  110413ms] [LOG] [Fast Refresh] rebuilding @ webpack-internal:///(app-pages-browser)/./node_modules/next/dist/client/dev/hot-reloader/app/hot-reloader-app.js:196
[  110435ms] [LOG] [Fast Refresh] done in 22ms @ webpack-internal:///(app-pages-browser)/./node_modules/next/dist/client/dev/report-hmr-latency.js:13
[  110587ms] [LOG] [Fast Refresh] rebuilding @ webpack-internal:///(app-pages-browser)/./node_modules/next/dist/client/dev/hot-reloader/app/hot-reloader-app.js:196
[  110637ms] [LOG] [Fast Refresh] done in 49ms @ webpack-internal:///(app-pages-browser)/./node_modules/next/dist/client/dev/report-hmr-latency.js:13
[  110747ms] [LOG] [Fast Refresh] rebuilding @ webpack-internal:///(app-pages-browser)/./node_modules/next/dist/client/dev/hot-reloader/app/hot-reloader-app.js:196
[  110784ms] [LOG] [Fast Refresh] done in 37ms @ webpack-internal:///(app-pages-browser)/./node_modules/next/dist/client/dev/report-hmr-latency.js:13
[  110884ms] [LOG] [Fast Refresh] rebuilding @ webpack-internal:///(app-pages-browser)/./node_modules/next/dist/client/dev/hot-reloader/app/hot-reloader-app.js:196
[  110921ms] [LOG] [Fast Refresh] done in 37ms @ webpack-internal:///(app-pages-browser)/./node_modules/next/dist/client/dev/report-hmr-latency.js:13
[  111034ms] [LOG] [Fast Refresh] rebuilding @ webpack-internal:///(app-pages-browser)/./node_modules/next/dist/client/dev/hot-reloader/app/hot-reloader-app.js:196
[  111085ms] [LOG] [Fast Refresh] done in 51ms @ webpack-internal:///(app-pages-browser)/./node_modules/next/dist/client/dev/report-hmr-latency.js:13
[  111308ms] [LOG] [Fast Refresh] rebuilding @ webpack-internal:///(app-pages-browser)/./node_modules/next/dist/client/dev/hot-reloader/app/hot-reloader-app.js:196
[  111419ms] [LOG] [Fast Refresh] done in 111ms @ webpack-internal:///(app-pages-browser)/./node_modules/next/dist/client/dev/report-hmr-latency.js:13
[  111565ms] [LOG] [Fast Refresh] rebuilding @ webpack-internal:///(app-pages-browser)/./node_modules/next/dist/client/dev/hot-reloader/app/hot-reloader-app.js:196
[  111584ms] [LOG] [Fast Refresh] done in 19ms @ webpack-internal:///(app-pages-browser)/./node_modules/next/dist/client/dev/report-hmr-latency.js:13
[  111716ms] [LOG] [Fast Refresh] rebuilding @ webpack-internal:///(app-pages-browser)/./node_modules/next/dist/client/dev/hot-reloader/app/hot-reloader-app.js:196
[  111730ms] [LOG] [Fast Refresh] done in 13ms @ webpack-internal:///(app-pages-browser)/./node_modules/next/dist/client/dev/report-hmr-latency.js:13
[  111846ms] [LOG] [Fast Refresh] rebuilding @ webpack-internal:///(app-pages-browser)/./node_modules/next/dist/client/dev/hot-reloader/app/hot-reloader-app.js:196
[  111858ms] [LOG] [Fast Refresh] done in 11ms @ webpack-internal:///(app-pages-browser)/./node_modules/next/dist/client/dev/report-hmr-latency.js:13
[  111958ms] [LOG] [Fast Refresh] rebuilding @ webpack-internal:///(app-pages-browser)/./node_modules/next/dist/client/dev/hot-reloader/app/hot-reloader-app.js:196
[  111972ms] [LOG] [Fast Refresh] done in 14ms @ webpack-internal:///(app-pages-browser)/./node_modules/next/dist/client/dev/report-hmr-latency.js:13
[  112105ms] [LOG] [Fast Refresh] rebuilding @ webpack-internal:///(app-pages-browser)/./node_modules/next/dist/client/dev/hot-reloader/app/hot-reloader-app.js:196
[  112121ms] [LOG] [Fast Refresh] done in 17ms @ webpack-internal:///(app-pages-browser)/./node_modules/next/dist/client/dev/report-hmr-latency.js:13
[  112270ms] [LOG] [Fast Refresh] rebuilding @ webpack-internal:///(app-pages-browser)/./node_modules/next/dist/client/dev/hot-reloader/app/hot-reloader-app.js:196
[  112323ms] [LOG] [Fast Refresh] done in 54ms @ webpack-internal:///(app-pages-browser)/./node_modules/next/dist/client/dev/report-hmr-latency.js:13
[  112521ms] [LOG] [Fast Refresh] rebuilding @ webpack-internal:///(app-pages-browser)/./node_modules/next/dist/client/dev/hot-reloader/app/hot-reloader-app.js:196
[  112540ms] [LOG] [Fast Refresh] done in 20ms @ webpack-internal:///(app-pages-browser)/./node_modules/next/dist/client/dev/report-hmr-latency.js:13
[  112640ms] [LOG] [Fast Refresh] rebuilding @ webpack-internal:///(app-pages-browser)/./node_modules/next/dist/client/dev/hot-reloader/app/hot-reloader-app.js:196
[  112651ms] [LOG] [Fast Refresh] done in 11ms @ webpack-internal:///(app-pages-browser)/./node_modules/next/dist/client/dev/report-hmr-latency.js:13
[  112745ms] [ERROR] Failed to load resource: the server responded with a status of 500 (Internal Server Error) @ http://localhost:3000/product/dp-002?_rsc=9re8fPIDhkOq5UU3:0
[  112749ms] [LOG] [Fast Refresh] rebuilding @ webpack-internal:///(app-pages-browser)/./node_modules/next/dist/client/dev/hot-reloader/app/hot-reloader-app.js:196
[  112761ms] [LOG] [Fast Refresh] done in 12ms @ webpack-internal:///(app-pages-browser)/./node_modules/next/dist/client/dev/report-hmr-latency.js:13
[  112855ms] [LOG] [Fast Refresh] rebuilding @ webpack-internal:///(app-pages-browser)/./node_modules/next/dist/client/dev/hot-reloader/app/hot-reloader-app.js:196
[  112868ms] [LOG] [Fast Refresh] done in 13ms @ webpack-internal:///(app-pages-browser)/./node_modules/next/dist/client/dev/report-hmr-latency.js:13
[  112971ms] [LOG] [Fast Refresh] rebuilding @ webpack-internal:///(app-pages-browser)/./node_modules/next/dist/client/dev/hot-reloader/app/hot-reloader-app.js:196
[  112988ms] [LOG] [Fast Refresh] done in 17ms @ webpack-internal:///(app-pages-browser)/./node_modules/next/dist/client/dev/report-hmr-latency.js:13
[  113120ms] [LOG] [Fast Refresh] rebuilding @ webpack-internal:///(app-pages-browser)/./node_modules/next/dist/client/dev/hot-reloader/app/hot-reloader-app.js:196
[  113138ms] [LOG] [Fast Refresh] done in 19ms @ webpack-internal:///(app-pages-browser)/./node_modules/next/dist/client/dev/report-hmr-latency.js:13
[  113290ms] [LOG] [Fast Refresh] rebuilding @ webpack-internal:///(app-pages-browser)/./node_modules/next/dist/client/dev/hot-reloader/app/hot-reloader-app.js:196
[  113322ms] [LOG] [Fast Refresh] done in 31ms @ webpack-internal:///(app-pages-browser)/./node_modules/next/dist/client/dev/report-hmr-latency.js:13
[  113450ms] [LOG] [Fast Refresh] rebuilding @ webpack-internal:///(app-pages-browser)/./node_modules/next/dist/client/dev/hot-reloader/app/hot-reloader-app.js:196
[  113480ms] [LOG] [Fast Refresh] done in 29ms @ webpack-internal:///(app-pages-browser)/./node_modules/next/dist/client/dev/report-hmr-latency.js:13
[  113605ms] [LOG] [Fast Refresh] rebuilding @ webpack-internal:///(app-pages-browser)/./node_modules/next/dist/client/dev/hot-reloader/app/hot-reloader-app.js:196
[  113624ms] [LOG] [Fast Refresh] done in 19ms @ webpack-internal:///(app-pages-browser)/./node_modules/next/dist/client/dev/report-hmr-latency.js:13
[  113735ms] [LOG] [Fast Refresh] rebuilding @ webpack-internal:///(app-pages-browser)/./node_modules/next/dist/client/dev/hot-reloader/app/hot-reloader-app.js:196
[  113748ms] [LOG] [Fast Refresh] done in 12ms @ webpack-internal:///(app-pages-browser)/./node_modules/next/dist/client/dev/report-hmr-latency.js:13
[  113851ms] [LOG] [Fast Refresh] rebuilding @ webpack-internal:///(app-pages-browser)/./node_modules/next/dist/client/dev/hot-reloader/app/hot-reloader-app.js:196
[  113866ms] [LOG] [Fast Refresh] done in 16ms @ webpack-internal:///(app-pages-browser)/./node_modules/next/dist/client/dev/report-hmr-latency.js:13
[  113998ms] [LOG] [Fast Refresh] rebuilding @ webpack-internal:///(app-pages-browser)/./node_modules/next/dist/client/dev/hot-reloader/app/hot-reloader-app.js:196
[  114011ms] [LOG] [Fast Refresh] done in 12ms @ webpack-internal:///(app-pages-browser)/./node_modules/next/dist/client/dev/report-hmr-latency.js:13
[  114147ms] [LOG] [Fast Refresh] rebuilding @ webpack-internal:///(app-pages-browser)/./node_modules/next/dist/client/dev/hot-reloader/app/hot-reloader-app.js:196
[  114163ms] [LOG] [Fast Refresh] done in 17ms @ webpack-internal:///(app-pages-browser)/./node_modules/next/dist/client/dev/report-hmr-latency.js:13
[  114306ms] [LOG] [Fast Refresh] rebuilding @ webpack-internal:///(app-pages-browser)/./node_modules/next/dist/client/dev/hot-reloader/app/hot-reloader-app.js:196
[  114346ms] [LOG] [Fast Refresh] done in 40ms @ webpack-internal:///(app-pages-browser)/./node_modules/next/dist/client/dev/report-hmr-latency.js:13
[  114516ms] [LOG] [Fast Refresh] rebuilding @ webpack-internal:///(app-pages-browser)/./node_modules/next/dist/client/dev/hot-reloader/app/hot-reloader-app.js:196
[  114532ms] [LOG] [Fast Refresh] done in 17ms @ webpack-internal:///(app-pages-browser)/./node_modules/next/dist/client/dev/report-hmr-latency.js:13
[  114624ms] [LOG] [Fast Refresh] rebuilding @ webpack-internal:///(app-pages-browser)/./node_modules/next/dist/client/dev/hot-reloader/app/hot-reloader-app.js:196
[  114631ms] [LOG] [Fast Refresh] done in 7ms @ webpack-internal:///(app-pages-browser)/./node_modules/next/dist/client/dev/report-hmr-latency.js:13
[  114690ms] [LOG] [Fast Refresh] rebuilding @ webpack-internal:///(app-pages-browser)/./node_modules/next/dist/client/dev/hot-reloader/app/hot-reloader-app.js:196
[  114698ms] [LOG] [Fast Refresh] done in 8ms @ webpack-internal:///(app-pages-browser)/./node_modules/next/dist/client/dev/report-hmr-latency.js:13
[  114796ms] [LOG] [Fast Refresh] rebuilding @ webpack-internal:///(app-pages-browser)/./node_modules/next/dist/client/dev/hot-reloader/app/hot-reloader-app.js:196
[  114808ms] [LOG] [Fast Refresh] done in 12ms @ webpack-internal:///(app-pages-browser)/./node_modules/next/dist/client/dev/report-hmr-latency.js:13
[  114920ms] [LOG] [Fast Refresh] rebuilding @ webpack-internal:///(app-pages-browser)/./node_modules/next/dist/client/dev/hot-reloader/app/hot-reloader-app.js:196
[  114934ms] [LOG] [Fast Refresh] done in 15ms @ webpack-internal:///(app-pages-browser)/./node_modules/next/dist/client/dev/report-hmr-latency.js:13
[  115053ms] [LOG] [Fast Refresh] rebuilding @ webpack-internal:///(app-pages-browser)/./node_modules/next/dist/client/dev/hot-reloader/app/hot-reloader-app.js:196
[  115069ms] [LOG] [Fast Refresh] done in 16ms @ webpack-internal:///(app-pages-browser)/./node_modules/next/dist/client/dev/report-hmr-latency.js:13
[  115284ms] [LOG] [Fast Refresh] rebuilding @ webpack-internal:///(app-pages-browser)/./node_modules/next/dist/client/dev/hot-reloader/app/hot-reloader-app.js:196
[  115305ms] [LOG] [Fast Refresh] done in 21ms @ webpack-internal:///(app-pages-browser)/./node_modules/next/dist/client/dev/report-hmr-latency.js:13
[  115482ms] [LOG] [Fast Refresh] rebuilding @ webpack-internal:///(app-pages-browser)/./node_modules/next/dist/client/dev/hot-reloader/app/hot-reloader-app.js:196
[  115508ms] [LOG] [Fast Refresh] done in 25ms @ webpack-internal:///(app-pages-browser)/./node_modules/next/dist/client/dev/report-hmr-latency.js:13
[  115823ms] [LOG] [Fast Refresh] rebuilding @ webpack-internal:///(app-pages-browser)/./node_modules/next/dist/client/dev/hot-reloader/app/hot-reloader-app.js:196
[  115851ms] [LOG] [Fast Refresh] done in 27ms @ webpack-internal:///(app-pages-browser)/./node_modules/next/dist/client/dev/report-hmr-latency.js:13
[  115973ms] [LOG] [Fast Refresh] rebuilding @ webpack-internal:///(app-pages-browser)/./node_modules/next/dist/client/dev/hot-reloader/app/hot-reloader-app.js:196
[  116011ms] [LOG] [Fast Refresh] done in 38ms @ webpack-internal:///(app-pages-browser)/./node_modules/next/dist/client/dev/report-hmr-latency.js:13
[  116112ms] [LOG] [Fast Refresh] rebuilding @ webpack-internal:///(app-pages-browser)/./node_modules/next/dist/client/dev/hot-reloader/app/hot-reloader-app.js:196
[  116199ms] [LOG] [Fast Refresh] done in 88ms @ webpack-internal:///(app-pages-browser)/./node_modules/next/dist/client/dev/report-hmr-latency.js:13
[  116321ms] [LOG] [Fast Refresh] rebuilding @ webpack-internal:///(app-pages-browser)/./node_modules/next/dist/client/dev/hot-reloader/app/hot-reloader-app.js:196
[  116349ms] [LOG] [Fast Refresh] done in 27ms @ webpack-internal:///(app-pages-browser)/./node_modules/next/dist/client/dev/report-hmr-latency.js:13
[  116648ms] [LOG] [Fast Refresh] rebuilding @ webpack-internal:///(app-pages-browser)/./node_modules/next/dist/client/dev/hot-reloader/app/hot-reloader-app.js:196
[  116706ms] [LOG] [Fast Refresh] done in 58ms @ webpack-internal:///(app-pages-browser)/./node_modules/next/dist/client/dev/report-hmr-latency.js:13
[  116887ms] [LOG] [Fast Refresh] rebuilding @ webpack-internal:///(app-pages-browser)/./node_modules/next/dist/client/dev/hot-reloader/app/hot-reloader-app.js:196
[  116903ms] [LOG] [Fast Refresh] done in 16ms @ webpack-internal:///(app-pages-browser)/./node_modules/next/dist/client/dev/report-hmr-latency.js:13
[  117011ms] [LOG] [Fast Refresh] rebuilding @ webpack-internal:///(app-pages-browser)/./node_modules/next/dist/client/dev/hot-reloader/app/hot-reloader-app.js:196
[  117023ms] [LOG] [Fast Refresh] done in 12ms @ webpack-internal:///(app-pages-browser)/./node_modules/next/dist/client/dev/report-hmr-latency.js:13
[  117136ms] [LOG] [Fast Refresh] rebuilding @ webpack-internal:///(app-pages-browser)/./node_modules/next/dist/client/dev/hot-reloader/app/hot-reloader-app.js:196
[  117154ms] [LOG] [Fast Refresh] done in 19ms @ webpack-internal:///(app-pages-browser)/./node_modules/next/dist/client/dev/report-hmr-latency.js:13
[  117713ms] [LOG] [Fast Refresh] rebuilding @ webpack-internal:///(app-pages-browser)/./node_modules/next/dist/client/dev/hot-reloader/app/hot-reloader-app.js:196
[  117740ms] [LOG] [Fast Refresh] done in 27ms @ webpack-internal:///(app-pages-browser)/./node_modules/next/dist/client/dev/report-hmr-latency.js:13
[  117897ms] [LOG] [Fast Refresh] rebuilding @ webpack-internal:///(app-pages-browser)/./node_modules/next/dist/client/dev/hot-reloader/app/hot-reloader-app.js:196
[  117921ms] [LOG] [Fast Refresh] done in 25ms @ webpack-internal:///(app-pages-browser)/./node_modules/next/dist/client/dev/report-hmr-latency.js:13
[  118073ms] [LOG] [Fast Refresh] rebuilding @ webpack-internal:///(app-pages-browser)/./node_modules/next/dist/client/dev/hot-reloader/app/hot-reloader-app.js:196
[  118100ms] [LOG] [Fast Refresh] done in 27ms @ webpack-internal:///(app-pages-browser)/./node_modules/next/dist/client/dev/report-hmr-latency.js:13
[  118312ms] [LOG] [Fast Refresh] rebuilding @ webpack-internal:///(app-pages-browser)/./node_modules/next/dist/client/dev/hot-reloader/app/hot-reloader-app.js:196
[  118330ms] [LOG] [Fast Refresh] done in 18ms @ webpack-internal:///(app-pages-browser)/./node_modules/next/dist/client/dev/report-hmr-latency.js:13
[  118472ms] [LOG] [Fast Refresh] rebuilding @ webpack-internal:///(app-pages-browser)/./node_modules/next/dist/client/dev/hot-reloader/app/hot-reloader-app.js:196
[  118488ms] [LOG] [Fast Refresh] done in 17ms @ webpack-internal:///(app-pages-browser)/./node_modules/next/dist/client/dev/report-hmr-latency.js:13
[  119272ms] [LOG] [Fast Refresh] rebuilding @ webpack-internal:///(app-pages-browser)/./node_modules/next/dist/client/dev/hot-reloader/app/hot-reloader-app.js:196
[  119346ms] [LOG] [Fast Refresh] done in 74ms @ webpack-internal:///(app-pages-browser)/./node_modules/next/dist/client/dev/report-hmr-latency.js:13
[  119770ms] [LOG] [Fast Refresh] rebuilding @ webpack-internal:///(app-pages-browser)/./node_modules/next/dist/client/dev/hot-reloader/app/hot-reloader-app.js:196
[  119800ms] [LOG] [Fast Refresh] done in 31ms @ webpack-internal:///(app-pages-browser)/./node_modules/next/dist/client/dev/report-hmr-latency.js:13
[  120102ms] [LOG] [Fast Refresh] rebuilding @ webpack-internal:///(app-pages-browser)/./node_modules/next/dist/client/dev/hot-reloader/app/hot-reloader-app.js:196
[  120147ms] [LOG] [Fast Refresh] done in 46ms @ webpack-internal:///(app-pages-browser)/./node_modules/next/dist/client/dev/report-hmr-latency.js:13
[  120290ms] [LOG] [Fast Refresh] rebuilding @ webpack-internal:///(app-pages-browser)/./node_modules/next/dist/client/dev/hot-reloader/app/hot-reloader-app.js:196
[  120304ms] [LOG] [Fast Refresh] done in 14ms @ webpack-internal:///(app-pages-browser)/./node_modules/next/dist/client/dev/report-hmr-latency.js:13
[  120447ms] [LOG] [Fast Refresh] rebuilding @ webpack-internal:///(app-pages-browser)/./node_modules/next/dist/client/dev/hot-reloader/app/hot-reloader-app.js:196
[  120492ms] [LOG] [Fast Refresh] done in 45ms @ webpack-internal:///(app-pages-browser)/./node_modules/next/dist/client/dev/report-hmr-latency.js:13
[  120729ms] [LOG] [Fast Refresh] rebuilding @ webpack-internal:///(app-pages-browser)/./node_modules/next/dist/client/dev/hot-reloader/app/hot-reloader-app.js:196
[  120800ms] [LOG] [Fast Refresh] done in 71ms @ webpack-internal:///(app-pages-browser)/./node_modules/next/dist/client/dev/report-hmr-latency.js:13
[  120948ms] [LOG] [Fast Refresh] rebuilding @ webpack-internal:///(app-pages-browser)/./node_modules/next/dist/client/dev/hot-reloader/app/hot-reloader-app.js:196
[  120976ms] [LOG] [Fast Refresh] done in 29ms @ webpack-internal:///(app-pages-browser)/./node_modules/next/dist/client/dev/report-hmr-latency.js:13
[  121172ms] [LOG] [Fast Refresh] rebuilding @ webpack-internal:///(app-pages-browser)/./node_modules/next/dist/client/dev/hot-reloader/app/hot-reloader-app.js:196
[  121203ms] [LOG] [Fast Refresh] done in 31ms @ webpack-internal:///(app-pages-browser)/./node_modules/next/dist/client/dev/report-hmr-latency.js:13
[  121386ms] [LOG] [Fast Refresh] rebuilding @ webpack-internal:///(app-pages-browser)/./node_modules/next/dist/client/dev/hot-reloader/app/hot-reloader-app.js:196
[  121402ms] [LOG] [Fast Refresh] done in 16ms @ webpack-internal:///(app-pages-browser)/./node_modules/next/dist/client/dev/report-hmr-latency.js:13
[  121521ms] [LOG] [Fast Refresh] rebuilding @ webpack-internal:///(app-pages-browser)/./node_modules/next/dist/client/dev/hot-reloader/app/hot-reloader-app.js:196
[  121535ms] [LOG] [Fast Refresh] done in 13ms @ webpack-internal:///(app-pages-browser)/./node_modules/next/dist/client/dev/report-hmr-latency.js:13
[  121670ms] [LOG] [Fast Refresh] rebuilding @ webpack-internal:///(app-pages-browser)/./node_modules/next/dist/client/dev/hot-reloader/app/hot-reloader-app.js:196
[  121688ms] [LOG] [Fast Refresh] done in 17ms @ webpack-internal:///(app-pages-browser)/./node_modules/next/dist/client/dev/report-hmr-latency.js:13
[  121989ms] [LOG] [Fast Refresh] rebuilding @ webpack-internal:///(app-pages-browser)/./node_modules/next/dist/client/dev/hot-reloader/app/hot-reloader-app.js:196
[  122003ms] [LOG] [Fast Refresh] done in 15ms @ webpack-internal:///(app-pages-browser)/./node_modules/next/dist/client/dev/report-hmr-latency.js:13
[  122111ms] [LOG] [Fast Refresh] rebuilding @ webpack-internal:///(app-pages-browser)/./node_modules/next/dist/client/dev/hot-reloader/app/hot-reloader-app.js:196
[  122122ms] [LOG] [Fast Refresh] done in 11ms @ webpack-internal:///(app-pages-browser)/./node_modules/next/dist/client/dev/report-hmr-latency.js:13
[  122218ms] [ERROR] Failed to load resource: the server responded with a status of 500 (Internal Server Error) @ http://localhost:3000/product/dp-002?_rsc=9re8fPIDhkOq5UU3:0
[  122229ms] [LOG] [Fast Refresh] rebuilding @ webpack-internal:///(app-pages-browser)/./node_modules/next/dist/client/dev/hot-reloader/app/hot-reloader-app.js:196
[  122243ms] [LOG] [Fast Refresh] done in 15ms @ webpack-internal:///(app-pages-browser)/./node_modules/next/dist/client/dev/report-hmr-latency.js:13
[  122369ms] [LOG] [Fast Refresh] rebuilding @ webpack-internal:///(app-pages-browser)/./node_modules/next/dist/client/dev/hot-reloader/app/hot-reloader-app.js:196
[  122385ms] [LOG] [Fast Refresh] done in 16ms @ webpack-internal:///(app-pages-browser)/./node_modules/next/dist/client/dev/report-hmr-latency.js:13
[  122505ms] [LOG] [Fast Refresh] rebuilding @ webpack-internal:///(app-pages-browser)/./node_modules/next/dist/client/dev/hot-reloader/app/hot-reloader-app.js:196
[  122518ms] [LOG] [Fast Refresh] done in 14ms @ webpack-internal:///(app-pages-browser)/./node_modules/next/dist/client/dev/report-hmr-latency.js:13
[  122631ms] [LOG] [Fast Refresh] rebuilding @ webpack-internal:///(app-pages-browser)/./node_modules/next/dist/client/dev/hot-reloader/app/hot-reloader-app.js:196
[  122644ms] [LOG] [Fast Refresh] done in 13ms @ webpack-internal:///(app-pages-browser)/./node_modules/next/dist/client/dev/report-hmr-latency.js:13
[  122778ms] [LOG] [Fast Refresh] rebuilding @ webpack-internal:///(app-pages-browser)/./node_modules/next/dist/client/dev/hot-reloader/app/hot-reloader-app.js:196
[  122796ms] [LOG] [Fast Refresh] done in 18ms @ webpack-internal:///(app-pages-browser)/./node_modules/next/dist/client/dev/report-hmr-latency.js:13
[  122984ms] [LOG] [Fast Refresh] rebuilding @ webpack-internal:///(app-pages-browser)/./node_modules/next/dist/client/dev/hot-reloader/app/hot-reloader-app.js:196
[  123032ms] [LOG] [Fast Refresh] done in 47ms @ webpack-internal:///(app-pages-browser)/./node_modules/next/dist/client/dev/report-hmr-latency.js:13
[  123175ms] [LOG] [Fast Refresh] rebuilding @ webpack-internal:///(app-pages-browser)/./node_modules/next/dist/client/dev/hot-reloader/app/hot-reloader-app.js:196
[  123205ms] [LOG] [Fast Refresh] done in 31ms @ webpack-internal:///(app-pages-browser)/./node_modules/next/dist/client/dev/report-hmr-latency.js:13
[  123288ms] [ERROR] Failed to load resource: the server responded with a status of 500 (Internal Server Error) @ http://localhost:3000/product/dp-002?_rsc=9re8fPIDhkOq5UU3:0
[  123328ms] [LOG] [Fast Refresh] rebuilding @ webpack-internal:///(app-pages-browser)/./node_modules/next/dist/client/dev/hot-reloader/app/hot-reloader-app.js:196
[  123339ms] [LOG] [Fast Refresh] done in 12ms @ webpack-internal:///(app-pages-browser)/./node_modules/next/dist/client/dev/report-hmr-latency.js:13
[  123447ms] [LOG] [Fast Refresh] rebuilding @ webpack-internal:///(app-pages-browser)/./node_modules/next/dist/client/dev/hot-reloader/app/hot-reloader-app.js:196
[  123457ms] [LOG] [Fast Refresh] done in 9ms @ webpack-internal:///(app-pages-browser)/./node_modules/next/dist/client/dev/report-hmr-latency.js:13
[  123559ms] [LOG] [Fast Refresh] rebuilding @ webpack-internal:///(app-pages-browser)/./node_modules/next/dist/client/dev/hot-reloader/app/hot-reloader-app.js:196
[  123571ms] [LOG] [Fast Refresh] done in 13ms @ webpack-internal:///(app-pages-browser)/./node_modules/next/dist/client/dev/report-hmr-latency.js:13
[  123682ms] [LOG] [Fast Refresh] rebuilding @ webpack-internal:///(app-pages-browser)/./node_modules/next/dist/client/dev/hot-reloader/app/hot-reloader-app.js:196
[  123699ms] [LOG] [Fast Refresh] done in 16ms @ webpack-internal:///(app-pages-browser)/./node_modules/next/dist/client/dev/report-hmr-latency.js:13
[  123817ms] [LOG] [Fast Refresh] rebuilding @ webpack-internal:///(app-pages-browser)/./node_modules/next/dist/client/dev/hot-reloader/app/hot-reloader-app.js:196
[  123832ms] [LOG] [Fast Refresh] done in 14ms @ webpack-internal:///(app-pages-browser)/./node_modules/next/dist/client/dev/report-hmr-latency.js:13
[  123951ms] [LOG] [Fast Refresh] rebuilding @ webpack-internal:///(app-pages-browser)/./node_modules/next/dist/client/dev/hot-reloader/app/hot-reloader-app.js:196
[  123969ms] [LOG] [Fast Refresh] done in 18ms @ webpack-internal:///(app-pages-browser)/./node_modules/next/dist/client/dev/report-hmr-latency.js:13
[  124109ms] [LOG] [Fast Refresh] rebuilding @ webpack-internal:///(app-pages-browser)/./node_modules/next/dist/client/dev/hot-reloader/app/hot-reloader-app.js:196
[  124125ms] [LOG] [Fast Refresh] done in 16ms @ webpack-internal:///(app-pages-browser)/./node_modules/next/dist/client/dev/report-hmr-latency.js:13
[  124264ms] [LOG] [Fast Refresh] rebuilding @ webpack-internal:///(app-pages-browser)/./node_modules/next/dist/client/dev/hot-reloader/app/hot-reloader-app.js:196
[  124277ms] [LOG] [Fast Refresh] done in 12ms @ webpack-internal:///(app-pages-browser)/./node_modules/next/dist/client/dev/report-hmr-latency.js:13
[  124366ms] [LOG] [Fast Refresh] rebuilding @ webpack-internal:///(app-pages-browser)/./node_modules/next/dist/client/dev/hot-reloader/app/hot-reloader-app.js:196
[  124370ms] [LOG] [Fast Refresh] done in 5ms @ webpack-internal:///(app-pages-browser)/./node_modules/next/dist/client/dev/report-hmr-latency.js:13
[  124432ms] [LOG] [Fast Refresh] rebuilding @ webpack-internal:///(app-pages-browser)/./node_modules/next/dist/client/dev/hot-reloader/app/hot-reloader-app.js:196
[  124437ms] [LOG] [Fast Refresh] done in 4ms @ webpack-internal:///(app-pages-browser)/./node_modules/next/dist/client/dev/report-hmr-latency.js:13
[  124527ms] [LOG] [Fast Refresh] rebuilding @ webpack-internal:///(app-pages-browser)/./node_modules/next/dist/client/dev/hot-reloader/app/hot-reloader-app.js:196
[  124539ms] [LOG] [Fast Refresh] done in 12ms @ webpack-internal:///(app-pages-browser)/./node_modules/next/dist/client/dev/report-hmr-latency.js:13
[  124635ms] [LOG] [Fast Refresh] rebuilding @ webpack-internal:///(app-pages-browser)/./node_modules/next/dist/client/dev/hot-reloader/app/hot-reloader-app.js:196
[  124649ms] [LOG] [Fast Refresh] done in 13ms @ webpack-internal:///(app-pages-browser)/./node_modules/next/dist/client/dev/report-hmr-latency.js:13
[  124763ms] [LOG] [Fast Refresh] rebuilding @ webpack-internal:///(app-pages-browser)/./node_modules/next/dist/client/dev/hot-reloader/app/hot-reloader-app.js:196
[  124779ms] [LOG] [Fast Refresh] done in 16ms @ webpack-internal:///(app-pages-browser)/./node_modules/next/dist/client/dev/report-hmr-latency.js:13
[  125002ms] [LOG] [Fast Refresh] rebuilding @ webpack-internal:///(app-pages-browser)/./node_modules/next/dist/client/dev/hot-reloader/app/hot-reloader-app.js:196
[  125085ms] [LOG] [Fast Refresh] done in 84ms @ webpack-internal:///(app-pages-browser)/./node_modules/next/dist/client/dev/report-hmr-latency.js:13
[  125506ms] [LOG] [Fast Refresh] rebuilding @ webpack-internal:///(app-pages-browser)/./node_modules/next/dist/client/dev/hot-reloader/app/hot-reloader-app.js:196
[  125534ms] [LOG] [Fast Refresh] done in 29ms @ webpack-internal:///(app-pages-browser)/./node_modules/next/dist/client/dev/report-hmr-latency.js:13
[  125749ms] [LOG] [Fast Refresh] rebuilding @ webpack-internal:///(app-pages-browser)/./node_modules/next/dist/client/dev/hot-reloader/app/hot-reloader-app.js:196
[  125766ms] [LOG] [Fast Refresh] done in 16ms @ webpack-internal:///(app-pages-browser)/./node_modules/next/dist/client/dev/report-hmr-latency.js:13
[  125870ms] [LOG] [Fast Refresh] rebuilding @ webpack-internal:///(app-pages-browser)/./node_modules/next/dist/client/dev/hot-reloader/app/hot-reloader-app.js:196
[  125882ms] [LOG] [Fast Refresh] done in 11ms @ webpack-internal:///(app-pages-browser)/./node_modules/next/dist/client/dev/report-hmr-latency.js:13
[  126000ms] [LOG] [Fast Refresh] rebuilding @ webpack-internal:///(app-pages-browser)/./node_modules/next/dist/client/dev/hot-reloader/app/hot-reloader-app.js:196
[  126016ms] [LOG] [Fast Refresh] done in 17ms @ webpack-internal:///(app-pages-browser)/./node_modules/next/dist/client/dev/report-hmr-latency.js:13
[  126113ms] [LOG] [Fast Refresh] rebuilding @ webpack-internal:///(app-pages-browser)/./node_modules/next/dist/client/dev/hot-reloader/app/hot-reloader-app.js:196
[  126127ms] [LOG] [Fast Refresh] done in 15ms @ webpack-internal:///(app-pages-browser)/./node_modules/next/dist/client/dev/report-hmr-latency.js:13
[  126352ms] [LOG] [Fast Refresh] rebuilding @ webpack-internal:///(app-pages-browser)/./node_modules/next/dist/client/dev/hot-reloader/app/hot-reloader-app.js:196
[  126390ms] [LOG] [Fast Refresh] done in 37ms @ webpack-internal:///(app-pages-browser)/./node_modules/next/dist/client/dev/report-hmr-latency.js:13
[  126595ms] [LOG] [Fast Refresh] rebuilding @ webpack-internal:///(app-pages-browser)/./node_modules/next/dist/client/dev/hot-reloader/app/hot-reloader-app.js:196
[  126613ms] [LOG] [Fast Refresh] done in 19ms @ webpack-internal:///(app-pages-browser)/./node_modules/next/dist/client/dev/report-hmr-latency.js:13
[  127073ms] [LOG] [Fast Refresh] rebuilding @ webpack-internal:///(app-pages-browser)/./node_modules/next/dist/client/dev/hot-reloader/app/hot-reloader-app.js:196
[  127149ms] [LOG] [Fast Refresh] done in 75ms @ webpack-internal:///(app-pages-browser)/./node_modules/next/dist/client/dev/report-hmr-latency.js:13
[  127394ms] [LOG] [Fast Refresh] rebuilding @ webpack-internal:///(app-pages-browser)/./node_modules/next/dist/client/dev/hot-reloader/app/hot-reloader-app.js:196
[  127548ms] [LOG] [Fast Refresh] done in 153ms @ webpack-internal:///(app-pages-browser)/./node_modules/next/dist/client/dev/report-hmr-latency.js:13
[  127884ms] [LOG] [Fast Refresh] rebuilding @ webpack-internal:///(app-pages-browser)/./node_modules/next/dist/client/dev/hot-reloader/app/hot-reloader-app.js:196
[  128008ms] [LOG] [Fast Refresh] done in 124ms @ webpack-internal:///(app-pages-browser)/./node_modules/next/dist/client/dev/report-hmr-latency.js:13
[  128335ms] [LOG] [Fast Refresh] rebuilding @ webpack-internal:///(app-pages-browser)/./node_modules/next/dist/client/dev/hot-reloader/app/hot-reloader-app.js:196
[  128371ms] [LOG] [Fast Refresh] done in 36ms @ webpack-internal:///(app-pages-browser)/./node_modules/next/dist/client/dev/report-hmr-latency.js:13
[  128975ms] [LOG] [Fast Refresh] rebuilding @ webpack-internal:///(app-pages-browser)/./node_modules/next/dist/client/dev/hot-reloader/app/hot-reloader-app.js:196
[  129028ms] [LOG] [Fast Refresh] done in 53ms @ webpack-internal:///(app-pages-browser)/./node_modules/next/dist/client/dev/report-hmr-latency.js:13
[  129298ms] [LOG] [Fast Refresh] rebuilding @ webpack-internal:///(app-pages-browser)/./node_modules/next/dist/client/dev/hot-reloader/app/hot-reloader-app.js:196
[  129345ms] [LOG] [Fast Refresh] done in 47ms @ webpack-internal:///(app-pages-browser)/./node_modules/next/dist/client/dev/report-hmr-latency.js:13
[  129514ms] [LOG] [Fast Refresh] rebuilding @ webpack-internal:///(app-pages-browser)/./node_modules/next/dist/client/dev/hot-reloader/app/hot-reloader-app.js:196
[  129556ms] [LOG] [Fast Refresh] done in 42ms @ webpack-internal:///(app-pages-browser)/./node_modules/next/dist/client/dev/report-hmr-latency.js:13
[  129765ms] [LOG] [Fast Refresh] rebuilding @ webpack-internal:///(app-pages-browser)/./node_modules/next/dist/client/dev/hot-reloader/app/hot-reloader-app.js:196
[  129777ms] [LOG] [Fast Refresh] done in 13ms @ webpack-internal:///(app-pages-browser)/./node_modules/next/dist/client/dev/report-hmr-latency.js:13
[  129878ms] [LOG] [Fast Refresh] rebuilding @ webpack-internal:///(app-pages-browser)/./node_modules/next/dist/client/dev/hot-reloader/app/hot-reloader-app.js:196
[  129889ms] [LOG] [Fast Refresh] done in 11ms @ webpack-internal:///(app-pages-browser)/./node_modules/next/dist/client/dev/report-hmr-latency.js:13
[  131223ms] [ERROR] Failed to load resource: the server responded with a status of 500 (Internal Server Error) @ http://localhost:3000/product/dp-002?_rsc=9re8fPIDhkOq5UU3:0
[  131425ms] [LOG] [Fast Refresh] rebuilding @ webpack-internal:///(app-pages-browser)/./node_modules/next/dist/client/dev/hot-reloader/app/hot-reloader-app.js:196
[  131476ms] [LOG] [Fast Refresh] done in 51ms @ webpack-internal:///(app-pages-browser)/./node_modules/next/dist/client/dev/report-hmr-latency.js:13
[  133773ms] [LOG] [Fast Refresh] rebuilding @ webpack-internal:///(app-pages-browser)/./node_modules/next/dist/client/dev/hot-reloader/app/hot-reloader-app.js:196
[  133804ms] [LOG] [Fast Refresh] done in 31ms @ webpack-internal:///(app-pages-browser)/./node_modules/next/dist/client/dev/report-hmr-latency.js:13
[  133972ms] [LOG] [Fast Refresh] rebuilding @ webpack-internal:///(app-pages-browser)/./node_modules/next/dist/client/dev/hot-reloader/app/hot-reloader-app.js:196
[  133991ms] [LOG] [Fast Refresh] done in 19ms @ webpack-internal:///(app-pages-browser)/./node_modules/next/dist/client/dev/report-hmr-latency.js:13
[  134108ms] [LOG] [Fast Refresh] rebuilding @ webpack-internal:///(app-pages-browser)/./node_modules/next/dist/client/dev/hot-reloader/app/hot-reloader-app.js:196
[  134129ms] [LOG] [Fast Refresh] done in 20ms @ webpack-internal:///(app-pages-browser)/./node_modules/next/dist/client/dev/report-hmr-latency.js:13
[  134366ms] [LOG] [Fast Refresh] rebuilding @ webpack-internal:///(app-pages-browser)/./node_modules/next/dist/client/dev/hot-reloader/app/hot-reloader-app.js:196
[  134387ms] [LOG] [Fast Refresh] done in 20ms @ webpack-internal:///(app-pages-browser)/./node_modules/next/dist/client/dev/report-hmr-latency.js:13
[  134669ms] [LOG] [Fast Refresh] rebuilding @ webpack-internal:///(app-pages-browser)/./node_modules/next/dist/client/dev/hot-reloader/app/hot-reloader-app.js:196
[  134753ms] [LOG] [Fast Refresh] done in 85ms @ webpack-internal:///(app-pages-browser)/./node_modules/next/dist/client/dev/report-hmr-latency.js:13
[  134873ms] [LOG] [Fast Refresh] rebuilding @ webpack-internal:///(app-pages-browser)/./node_modules/next/dist/client/dev/hot-reloader/app/hot-reloader-app.js:196
[  134908ms] [LOG] [Fast Refresh] done in 36ms @ webpack-internal:///(app-pages-browser)/./node_modules/next/dist/client/dev/report-hmr-latency.js:13
[  135058ms] [LOG] [Fast Refresh] rebuilding @ webpack-internal:///(app-pages-browser)/./node_modules/next/dist/client/dev/hot-reloader/app/hot-reloader-app.js:196
[  135081ms] [LOG] [Fast Refresh] done in 23ms @ webpack-internal:///(app-pages-browser)/./node_modules/next/dist/client/dev/report-hmr-latency.js:13
[  135257ms] [LOG] [Fast Refresh] rebuilding @ webpack-internal:///(app-pages-browser)/./node_modules/next/dist/client/dev/hot-reloader/app/hot-reloader-app.js:196
[  135282ms] [LOG] [Fast Refresh] done in 25ms @ webpack-internal:///(app-pages-browser)/./node_modules/next/dist/client/dev/report-hmr-latency.js:13
[  135407ms] [LOG] [Fast Refresh] rebuilding @ webpack-internal:///(app-pages-browser)/./node_modules/next/dist/client/dev/hot-reloader/app/hot-reloader-app.js:196
[  135423ms] [LOG] [Fast Refresh] done in 15ms @ webpack-internal:///(app-pages-browser)/./node_modules/next/dist/client/dev/report-hmr-latency.js:13
[  135589ms] [LOG] [Fast Refresh] rebuilding @ webpack-internal:///(app-pages-browser)/./node_modules/next/dist/client/dev/hot-reloader/app/hot-reloader-app.js:196
[  135721ms] [LOG] [Fast Refresh] done in 132ms @ webpack-internal:///(app-pages-browser)/./node_modules/next/dist/client/dev/report-hmr-latency.js:13
[  136456ms] [LOG] [Fast Refresh] rebuilding @ webpack-internal:///(app-pages-browser)/./node_modules/next/dist/client/dev/hot-reloader/app/hot-reloader-app.js:196
[  136477ms] [LOG] [Fast Refresh] done in 22ms @ webpack-internal:///(app-pages-browser)/./node_modules/next/dist/client/dev/report-hmr-latency.js:13
[  136704ms] [LOG] [Fast Refresh] rebuilding @ webpack-internal:///(app-pages-browser)/./node_modules/next/dist/client/dev/hot-reloader/app/hot-reloader-app.js:196
[  136735ms] [LOG] [Fast Refresh] done in 31ms @ webpack-internal:///(app-pages-browser)/./node_modules/next/dist/client/dev/report-hmr-latency.js:13
[  136911ms] [LOG] [Fast Refresh] rebuilding @ webpack-internal:///(app-pages-browser)/./node_modules/next/dist/client/dev/hot-reloader/app/hot-reloader-app.js:196
[  136929ms] [LOG] [Fast Refresh] done in 18ms @ webpack-internal:///(app-pages-browser)/./node_modules/next/dist/client/dev/report-hmr-latency.js:13
[  137057ms] [LOG] [Fast Refresh] rebuilding @ webpack-internal:///(app-pages-browser)/./node_modules/next/dist/client/dev/hot-reloader/app/hot-reloader-app.js:196
[  137071ms] [LOG] [Fast Refresh] done in 13ms @ webpack-internal:///(app-pages-browser)/./node_modules/next/dist/client/dev/report-hmr-latency.js:13
[  137171ms] [LOG] [Fast Refresh] rebuilding @ webpack-internal:///(app-pages-browser)/./node_modules/next/dist/client/dev/hot-reloader/app/hot-reloader-app.js:196
[  137187ms] [LOG] [Fast Refresh] done in 16ms @ webpack-internal:///(app-pages-browser)/./node_modules/next/dist/client/dev/report-hmr-latency.js:13
[  137314ms] [LOG] [Fast Refresh] rebuilding @ webpack-internal:///(app-pages-browser)/./node_modules/next/dist/client/dev/hot-reloader/app/hot-reloader-app.js:196
[  137329ms] [LOG] [Fast Refresh] done in 15ms @ webpack-internal:///(app-pages-browser)/./node_modules/next/dist/client/dev/report-hmr-latency.js:13
[  137587ms] [LOG] [Fast Refresh] rebuilding @ webpack-internal:///(app-pages-browser)/./node_modules/next/dist/client/dev/hot-reloader/app/hot-reloader-app.js:196
[  137647ms] [LOG] [Fast Refresh] done in 60ms @ webpack-internal:///(app-pages-browser)/./node_modules/next/dist/client/dev/report-hmr-latency.js:13
[  137969ms] [LOG] [Fast Refresh] rebuilding @ webpack-internal:///(app-pages-browser)/./node_modules/next/dist/client/dev/hot-reloader/app/hot-reloader-app.js:196
[  138015ms] [LOG] [Fast Refresh] done in 46ms @ webpack-internal:///(app-pages-browser)/./node_modules/next/dist/client/dev/report-hmr-latency.js:13
[  138247ms] [LOG] [Fast Refresh] rebuilding @ webpack-internal:///(app-pages-browser)/./node_modules/next/dist/client/dev/hot-reloader/app/hot-reloader-app.js:196
[  138283ms] [LOG] [Fast Refresh] done in 37ms @ webpack-internal:///(app-pages-browser)/./node_modules/next/dist/client/dev/report-hmr-latency.js:13
[  138386ms] [LOG] [Fast Refresh] rebuilding @ webpack-internal:///(app-pages-browser)/./node_modules/next/dist/client/dev/hot-reloader/app/hot-reloader-app.js:196
[  138420ms] [LOG] [Fast Refresh] done in 33ms @ webpack-internal:///(app-pages-browser)/./node_modules/next/dist/client/dev/report-hmr-latency.js:13
[  138530ms] [LOG] [Fast Refresh] rebuilding @ webpack-internal:///(app-pages-browser)/./node_modules/next/dist/client/dev/hot-reloader/app/hot-reloader-app.js:196
[  138572ms] [LOG] [Fast Refresh] done in 43ms @ webpack-internal:///(app-pages-browser)/./node_modules/next/dist/client/dev/report-hmr-latency.js:13
[  139514ms] [LOG] [Fast Refresh] rebuilding @ webpack-internal:///(app-pages-browser)/./node_modules/next/dist/client/dev/hot-reloader/app/hot-reloader-app.js:196
[  139776ms] [LOG] [Fast Refresh] done in 261ms @ webpack-internal:///(app-pages-browser)/./node_modules/next/dist/client/dev/report-hmr-latency.js:13
[  141347ms] [LOG] [Fast Refresh] rebuilding @ webpack-internal:///(app-pages-browser)/./node_modules/next/dist/client/dev/hot-reloader/app/hot-reloader-app.js:196
[  141664ms] [LOG] [Fast Refresh] done in 316ms @ webpack-internal:///(app-pages-browser)/./node_modules/next/dist/client/dev/report-hmr-latency.js:13
[  142307ms] [LOG] [Fast Refresh] rebuilding @ webpack-internal:///(app-pages-browser)/./node_modules/next/dist/client/dev/hot-reloader/app/hot-reloader-app.js:196
[  142320ms] [LOG] [Fast Refresh] done in 14ms @ webpack-internal:///(app-pages-browser)/./node_modules/next/dist/client/dev/report-hmr-latency.js:13
[  142503ms] [LOG] [Fast Refresh] rebuilding @ webpack-internal:///(app-pages-browser)/./node_modules/next/dist/client/dev/hot-reloader/app/hot-reloader-app.js:196
[  142608ms] [LOG] [Fast Refresh] done in 106ms @ webpack-internal:///(app-pages-browser)/./node_modules/next/dist/client/dev/report-hmr-latency.js:13
[  142834ms] [LOG] [Fast Refresh] rebuilding @ webpack-internal:///(app-pages-browser)/./node_modules/next/dist/client/dev/hot-reloader/app/hot-reloader-app.js:196
[  142850ms] [LOG] [Fast Refresh] done in 17ms @ webpack-internal:///(app-pages-browser)/./node_modules/next/dist/client/dev/report-hmr-latency.js:13
[  142991ms] [LOG] [Fast Refresh] rebuilding @ webpack-internal:///(app-pages-browser)/./node_modules/next/dist/client/dev/hot-reloader/app/hot-reloader-app.js:196
[  143007ms] [LOG] [Fast Refresh] done in 16ms @ webpack-internal:///(app-pages-browser)/./node_modules/next/dist/client/dev/report-hmr-latency.js:13
[  143115ms] [LOG] [Fast Refresh] rebuilding @ webpack-internal:///(app-pages-browser)/./node_modules/next/dist/client/dev/hot-reloader/app/hot-reloader-app.js:196
[  143131ms] [LOG] [Fast Refresh] done in 15ms @ webpack-internal:///(app-pages-browser)/./node_modules/next/dist/client/dev/report-hmr-latency.js:13
[  143244ms] [LOG] [Fast Refresh] rebuilding @ webpack-internal:///(app-pages-browser)/./node_modules/next/dist/client/dev/hot-reloader/app/hot-reloader-app.js:196
[  143258ms] [LOG] [Fast Refresh] done in 13ms @ webpack-internal:///(app-pages-browser)/./node_modules/next/dist/client/dev/report-hmr-latency.js:13
[  143360ms] [LOG] [Fast Refresh] rebuilding @ webpack-internal:///(app-pages-browser)/./node_modules/next/dist/client/dev/hot-reloader/app/hot-reloader-app.js:196
[  143373ms] [LOG] [Fast Refresh] done in 13ms @ webpack-internal:///(app-pages-browser)/./node_modules/next/dist/client/dev/report-hmr-latency.js:13
[  143475ms] [LOG] [Fast Refresh] rebuilding @ webpack-internal:///(app-pages-browser)/./node_modules/next/dist/client/dev/hot-reloader/app/hot-reloader-app.js:196
[  143491ms] [LOG] [Fast Refresh] done in 16ms @ webpack-internal:///(app-pages-browser)/./node_modules/next/dist/client/dev/report-hmr-latency.js:13
[  143615ms] [LOG] [Fast Refresh] rebuilding @ webpack-internal:///(app-pages-browser)/./node_modules/next/dist/client/dev/hot-reloader/app/hot-reloader-app.js:196
[  143629ms] [LOG] [Fast Refresh] done in 14ms @ webpack-internal:///(app-pages-browser)/./node_modules/next/dist/client/dev/report-hmr-latency.js:13
[  143741ms] [LOG] [Fast Refresh] rebuilding @ webpack-internal:///(app-pages-browser)/./node_modules/next/dist/client/dev/hot-reloader/app/hot-reloader-app.js:196
[  143757ms] [LOG] [Fast Refresh] done in 17ms @ webpack-internal:///(app-pages-browser)/./node_modules/next/dist/client/dev/report-hmr-latency.js:13
[  143949ms] [LOG] [Fast Refresh] rebuilding @ webpack-internal:///(app-pages-browser)/./node_modules/next/dist/client/dev/hot-reloader/app/hot-reloader-app.js:196
[  143974ms] [LOG] [Fast Refresh] done in 26ms @ webpack-internal:///(app-pages-browser)/./node_modules/next/dist/client/dev/report-hmr-latency.js:13
[  144158ms] [LOG] [Fast Refresh] rebuilding @ webpack-internal:///(app-pages-browser)/./node_modules/next/dist/client/dev/hot-reloader/app/hot-reloader-app.js:196
[  144176ms] [LOG] [Fast Refresh] done in 17ms @ webpack-internal:///(app-pages-browser)/./node_modules/next/dist/client/dev/report-hmr-latency.js:13
[  144284ms] [LOG] [Fast Refresh] rebuilding @ webpack-internal:///(app-pages-browser)/./node_modules/next/dist/client/dev/hot-reloader/app/hot-reloader-app.js:196
[  144297ms] [LOG] [Fast Refresh] done in 13ms @ webpack-internal:///(app-pages-browser)/./node_modules/next/dist/client/dev/report-hmr-latency.js:13
[  144403ms] [LOG] [Fast Refresh] rebuilding @ webpack-internal:///(app-pages-browser)/./node_modules/next/dist/client/dev/hot-reloader/app/hot-reloader-app.js:196
[  144416ms] [LOG] [Fast Refresh] done in 12ms @ webpack-internal:///(app-pages-browser)/./node_modules/next/dist/client/dev/report-hmr-latency.js:13
[  144541ms] [LOG] [Fast Refresh] rebuilding @ webpack-internal:///(app-pages-browser)/./node_modules/next/dist/client/dev/hot-reloader/app/hot-reloader-app.js:196
[  144557ms] [LOG] [Fast Refresh] done in 15ms @ webpack-internal:///(app-pages-browser)/./node_modules/next/dist/client/dev/report-hmr-latency.js:13
[  144669ms] [LOG] [Fast Refresh] rebuilding @ webpack-internal:///(app-pages-browser)/./node_modules/next/dist/client/dev/hot-reloader/app/hot-reloader-app.js:196
[  144684ms] [LOG] [Fast Refresh] done in 15ms @ webpack-internal:///(app-pages-browser)/./node_modules/next/dist/client/dev/report-hmr-latency.js:13
[  144820ms] [LOG] [Fast Refresh] rebuilding @ webpack-internal:///(app-pages-browser)/./node_modules/next/dist/client/dev/hot-reloader/app/hot-reloader-app.js:196
[  144838ms] [LOG] [Fast Refresh] done in 18ms @ webpack-internal:///(app-pages-browser)/./node_modules/next/dist/client/dev/report-hmr-latency.js:13
[  144969ms] [LOG] [Fast Refresh] rebuilding @ webpack-internal:///(app-pages-browser)/./node_modules/next/dist/client/dev/hot-reloader/app/hot-reloader-app.js:196
[  145006ms] [LOG] [Fast Refresh] done in 36ms @ webpack-internal:///(app-pages-browser)/./node_modules/next/dist/client/dev/report-hmr-latency.js:13
[  145180ms] [LOG] [Fast Refresh] rebuilding @ webpack-internal:///(app-pages-browser)/./node_modules/next/dist/client/dev/hot-reloader/app/hot-reloader-app.js:196
[  145191ms] [LOG] [Fast Refresh] done in 10ms @ webpack-internal:///(app-pages-browser)/./node_modules/next/dist/client/dev/report-hmr-latency.js:13
[  145293ms] [LOG] [Fast Refresh] rebuilding @ webpack-internal:///(app-pages-browser)/./node_modules/next/dist/client/dev/hot-reloader/app/hot-reloader-app.js:196
[  145301ms] [LOG] [Fast Refresh] done in 9ms @ webpack-internal:///(app-pages-browser)/./node_modules/next/dist/client/dev/report-hmr-latency.js:13
[  145406ms] [LOG] [Fast Refresh] rebuilding @ webpack-internal:///(app-pages-browser)/./node_modules/next/dist/client/dev/hot-reloader/app/hot-reloader-app.js:196
[  145420ms] [LOG] [Fast Refresh] done in 14ms @ webpack-internal:///(app-pages-browser)/./node_modules/next/dist/client/dev/report-hmr-latency.js:13
[  145537ms] [LOG] [Fast Refresh] rebuilding @ webpack-internal:///(app-pages-browser)/./node_modules/next/dist/client/dev/hot-reloader/app/hot-reloader-app.js:196
[  145552ms] [LOG] [Fast Refresh] done in 16ms @ webpack-internal:///(app-pages-browser)/./node_modules/next/dist/client/dev/report-hmr-latency.js:13
[  145659ms] [LOG] [Fast Refresh] rebuilding @ webpack-internal:///(app-pages-browser)/./node_modules/next/dist/client/dev/hot-reloader/app/hot-reloader-app.js:196
[  145670ms] [LOG] [Fast Refresh] done in 12ms @ webpack-internal:///(app-pages-browser)/./node_modules/next/dist/client/dev/report-hmr-latency.js:13
[  145818ms] [LOG] [Fast Refresh] rebuilding @ webpack-internal:///(app-pages-browser)/./node_modules/next/dist/client/dev/hot-reloader/app/hot-reloader-app.js:196
[  145846ms] [LOG] [Fast Refresh] done in 28ms @ webpack-internal:///(app-pages-browser)/./node_modules/next/dist/client/dev/report-hmr-latency.js:13
[  146020ms] [LOG] [Fast Refresh] rebuilding @ webpack-internal:///(app-pages-browser)/./node_modules/next/dist/client/dev/hot-reloader/app/hot-reloader-app.js:196
[  146058ms] [LOG] [Fast Refresh] done in 38ms @ webpack-internal:///(app-pages-browser)/./node_modules/next/dist/client/dev/report-hmr-latency.js:13
[  146164ms] [LOG] [Fast Refresh] rebuilding @ webpack-internal:///(app-pages-browser)/./node_modules/next/dist/client/dev/hot-reloader/app/hot-reloader-app.js:196
[  146170ms] [LOG] [Fast Refresh] done in 5ms @ webpack-internal:///(app-pages-browser)/./node_modules/next/dist/client/dev/report-hmr-latency.js:13
[  146247ms] [LOG] [Fast Refresh] rebuilding @ webpack-internal:///(app-pages-browser)/./node_modules/next/dist/client/dev/hot-reloader/app/hot-reloader-app.js:196
[  146251ms] [LOG] [Fast Refresh] done in 5ms @ webpack-internal:///(app-pages-browser)/./node_modules/next/dist/client/dev/report-hmr-latency.js:13
[  146344ms] [LOG] [Fast Refresh] rebuilding @ webpack-internal:///(app-pages-browser)/./node_modules/next/dist/client/dev/hot-reloader/app/hot-reloader-app.js:196
[  146356ms] [LOG] [Fast Refresh] done in 13ms @ webpack-internal:///(app-pages-browser)/./node_modules/next/dist/client/dev/report-hmr-latency.js:13
[  146459ms] [LOG] [Fast Refresh] rebuilding @ webpack-internal:///(app-pages-browser)/./node_modules/next/dist/client/dev/hot-reloader/app/hot-reloader-app.js:196
[  146476ms] [LOG] [Fast Refresh] done in 16ms @ webpack-internal:///(app-pages-browser)/./node_modules/next/dist/client/dev/report-hmr-latency.js:13
[  146602ms] [LOG] [Fast Refresh] rebuilding @ webpack-internal:///(app-pages-browser)/./node_modules/next/dist/client/dev/hot-reloader/app/hot-reloader-app.js:196
[  146616ms] [LOG] [Fast Refresh] done in 15ms @ webpack-internal:///(app-pages-browser)/./node_modules/next/dist/client/dev/report-hmr-latency.js:13
[  146758ms] [LOG] [Fast Refresh] rebuilding @ webpack-internal:///(app-pages-browser)/./node_modules/next/dist/client/dev/hot-reloader/app/hot-reloader-app.js:196
[  146784ms] [LOG] [Fast Refresh] done in 26ms @ webpack-internal:///(app-pages-browser)/./node_modules/next/dist/client/dev/report-hmr-latency.js:13
[  147067ms] [LOG] [Fast Refresh] rebuilding @ webpack-internal:///(app-pages-browser)/./node_modules/next/dist/client/dev/hot-reloader/app/hot-reloader-app.js:196
[  147129ms] [LOG] [Fast Refresh] done in 62ms @ webpack-internal:///(app-pages-browser)/./node_modules/next/dist/client/dev/report-hmr-latency.js:13
[  147283ms] [LOG] [Fast Refresh] rebuilding @ webpack-internal:///(app-pages-browser)/./node_modules/next/dist/client/dev/hot-reloader/app/hot-reloader-app.js:196
[  147329ms] [LOG] [Fast Refresh] done in 46ms @ webpack-internal:///(app-pages-browser)/./node_modules/next/dist/client/dev/report-hmr-latency.js:13
[  147442ms] [LOG] [Fast Refresh] rebuilding @ webpack-internal:///(app-pages-browser)/./node_modules/next/dist/client/dev/hot-reloader/app/hot-reloader-app.js:196
[  147635ms] [LOG] [Fast Refresh] done in 193ms @ webpack-internal:///(app-pages-browser)/./node_modules/next/dist/client/dev/report-hmr-latency.js:13
[  147845ms] [LOG] [Fast Refresh] rebuilding @ webpack-internal:///(app-pages-browser)/./node_modules/next/dist/client/dev/hot-reloader/app/hot-reloader-app.js:196
[  147934ms] [LOG] [Fast Refresh] done in 90ms @ webpack-internal:///(app-pages-browser)/./node_modules/next/dist/client/dev/report-hmr-latency.js:13
[  148399ms] [LOG] [Fast Refresh] rebuilding @ webpack-internal:///(app-pages-browser)/./node_modules/next/dist/client/dev/hot-reloader/app/hot-reloader-app.js:196
[  148427ms] [LOG] [Fast Refresh] done in 28ms @ webpack-internal:///(app-pages-browser)/./node_modules/next/dist/client/dev/report-hmr-latency.js:13
[  148789ms] [LOG] [Fast Refresh] rebuilding @ webpack-internal:///(app-pages-browser)/./node_modules/next/dist/client/dev/hot-reloader/app/hot-reloader-app.js:196
[  148824ms] [LOG] [Fast Refresh] done in 35ms @ webpack-internal:///(app-pages-browser)/./node_modules/next/dist/client/dev/report-hmr-latency.js:13
[  149017ms] [LOG] [Fast Refresh] rebuilding @ webpack-internal:///(app-pages-browser)/./node_modules/next/dist/client/dev/hot-reloader/app/hot-reloader-app.js:196
[  149030ms] [LOG] [Fast Refresh] done in 13ms @ webpack-internal:///(app-pages-browser)/./node_modules/next/dist/client/dev/report-hmr-latency.js:13
[  149167ms] [LOG] [Fast Refresh] rebuilding @ webpack-internal:///(app-pages-browser)/./node_modules/next/dist/client/dev/hot-reloader/app/hot-reloader-app.js:196
[  149192ms] [LOG] [Fast Refresh] done in 26ms @ webpack-internal:///(app-pages-browser)/./node_modules/next/dist/client/dev/report-hmr-latency.js:13
[  149974ms] [LOG] [Fast Refresh] rebuilding @ webpack-internal:///(app-pages-browser)/./node_modules/next/dist/client/dev/hot-reloader/app/hot-reloader-app.js:196
[  150028ms] [LOG] [Fast Refresh] done in 55ms @ webpack-internal:///(app-pages-browser)/./node_modules/next/dist/client/dev/report-hmr-latency.js:13
[  150266ms] [LOG] [Fast Refresh] rebuilding @ webpack-internal:///(app-pages-browser)/./node_modules/next/dist/client/dev/hot-reloader/app/hot-reloader-app.js:196
[  150291ms] [LOG] [Fast Refresh] done in 24ms @ webpack-internal:///(app-pages-browser)/./node_modules/next/dist/client/dev/report-hmr-latency.js:13
[  150674ms] [LOG] [Fast Refresh] rebuilding @ webpack-internal:///(app-pages-browser)/./node_modules/next/dist/client/dev/hot-reloader/app/hot-reloader-app.js:196
[  150722ms] [LOG] [Fast Refresh] done in 47ms @ webpack-internal:///(app-pages-browser)/./node_modules/next/dist/client/dev/report-hmr-latency.js:13
[  150845ms] [LOG] [Fast Refresh] rebuilding @ webpack-internal:///(app-pages-browser)/./node_modules/next/dist/client/dev/hot-reloader/app/hot-reloader-app.js:196
[  150887ms] [LOG] [Fast Refresh] done in 41ms @ webpack-internal:///(app-pages-browser)/./node_modules/next/dist/client/dev/report-hmr-latency.js:13
[  150991ms] [LOG] [Fast Refresh] rebuilding @ webpack-internal:///(app-pages-browser)/./node_modules/next/dist/client/dev/hot-reloader/app/hot-reloader-app.js:196
[  151012ms] [LOG] [Fast Refresh] done in 20ms @ webpack-internal:///(app-pages-browser)/./node_modules/next/dist/client/dev/report-hmr-latency.js:13
[  151134ms] [LOG] [Fast Refresh] rebuilding @ webpack-internal:///(app-pages-browser)/./node_modules/next/dist/client/dev/hot-reloader/app/hot-reloader-app.js:196
[  151148ms] [LOG] [Fast Refresh] done in 14ms @ webpack-internal:///(app-pages-browser)/./node_modules/next/dist/client/dev/report-hmr-latency.js:13
[  151279ms] [LOG] [Fast Refresh] rebuilding @ webpack-internal:///(app-pages-browser)/./node_modules/next/dist/client/dev/hot-reloader/app/hot-reloader-app.js:196
[  151297ms] [LOG] [Fast Refresh] done in 18ms @ webpack-internal:///(app-pages-browser)/./node_modules/next/dist/client/dev/report-hmr-latency.js:13
[  151499ms] [LOG] [Fast Refresh] rebuilding @ webpack-internal:///(app-pages-browser)/./node_modules/next/dist/client/dev/hot-reloader/app/hot-reloader-app.js:196
[  151575ms] [LOG] [Fast Refresh] done in 76ms @ webpack-internal:///(app-pages-browser)/./node_modules/next/dist/client/dev/report-hmr-latency.js:13
[  151745ms] [LOG] [Fast Refresh] rebuilding @ webpack-internal:///(app-pages-browser)/./node_modules/next/dist/client/dev/hot-reloader/app/hot-reloader-app.js:196
[  151761ms] [LOG] [Fast Refresh] done in 15ms @ webpack-internal:///(app-pages-browser)/./node_modules/next/dist/client/dev/report-hmr-latency.js:13
[  151940ms] [LOG] [Fast Refresh] rebuilding @ webpack-internal:///(app-pages-browser)/./node_modules/next/dist/client/dev/hot-reloader/app/hot-reloader-app.js:196
[  151958ms] [LOG] [Fast Refresh] done in 19ms @ webpack-internal:///(app-pages-browser)/./node_modules/next/dist/client/dev/report-hmr-latency.js:13
[  152172ms] [LOG] [Fast Refresh] rebuilding @ webpack-internal:///(app-pages-browser)/./node_modules/next/dist/client/dev/hot-reloader/app/hot-reloader-app.js:196
[  152192ms] [LOG] [Fast Refresh] done in 21ms @ webpack-internal:///(app-pages-browser)/./node_modules/next/dist/client/dev/report-hmr-latency.js:13
[  152301ms] [LOG] [Fast Refresh] rebuilding @ webpack-internal:///(app-pages-browser)/./node_modules/next/dist/client/dev/hot-reloader/app/hot-reloader-app.js:196
[  152310ms] [LOG] [Fast Refresh] done in 9ms @ webpack-internal:///(app-pages-browser)/./node_modules/next/dist/client/dev/report-hmr-latency.js:13
[  152412ms] [LOG] [Fast Refresh] rebuilding @ webpack-internal:///(app-pages-browser)/./node_modules/next/dist/client/dev/hot-reloader/app/hot-reloader-app.js:196
[  152425ms] [LOG] [Fast Refresh] done in 13ms @ webpack-internal:///(app-pages-browser)/./node_modules/next/dist/client/dev/report-hmr-latency.js:13
[  152557ms] [LOG] [Fast Refresh] rebuilding @ webpack-internal:///(app-pages-browser)/./node_modules/next/dist/client/dev/hot-reloader/app/hot-reloader-app.js:196
[  152587ms] [LOG] [Fast Refresh] done in 30ms @ webpack-internal:///(app-pages-browser)/./node_modules/next/dist/client/dev/report-hmr-latency.js:13
[  152901ms] [LOG] [Fast Refresh] rebuilding @ webpack-internal:///(app-pages-browser)/./node_modules/next/dist/client/dev/hot-reloader/app/hot-reloader-app.js:196
[  152951ms] [LOG] [Fast Refresh] done in 50ms @ webpack-internal:///(app-pages-browser)/./node_modules/next/dist/client/dev/report-hmr-latency.js:13
[  153352ms] [LOG] [Fast Refresh] rebuilding @ webpack-internal:///(app-pages-browser)/./node_modules/next/dist/client/dev/hot-reloader/app/hot-reloader-app.js:196
[  153366ms] [LOG] [Fast Refresh] done in 13ms @ webpack-internal:///(app-pages-browser)/./node_modules/next/dist/client/dev/report-hmr-latency.js:13
[  153482ms] [LOG] [Fast Refresh] rebuilding @ webpack-internal:///(app-pages-browser)/./node_modules/next/dist/client/dev/hot-reloader/app/hot-reloader-app.js:196
[  153524ms] [LOG] [Fast Refresh] done in 42ms @ webpack-internal:///(app-pages-browser)/./node_modules/next/dist/client/dev/report-hmr-latency.js:13
[  153835ms] [LOG] [Fast Refresh] rebuilding @ webpack-internal:///(app-pages-browser)/./node_modules/next/dist/client/dev/hot-reloader/app/hot-reloader-app.js:196
[  153855ms] [LOG] [Fast Refresh] done in 21ms @ webpack-internal:///(app-pages-browser)/./node_modules/next/dist/client/dev/report-hmr-latency.js:13
[  154001ms] [LOG] [Fast Refresh] rebuilding @ webpack-internal:///(app-pages-browser)/./node_modules/next/dist/client/dev/hot-reloader/app/hot-reloader-app.js:196
[  154019ms] [LOG] [Fast Refresh] done in 17ms @ webpack-internal:///(app-pages-browser)/./node_modules/next/dist/client/dev/report-hmr-latency.js:13
[  154258ms] [LOG] [Fast Refresh] rebuilding @ webpack-internal:///(app-pages-browser)/./node_modules/next/dist/client/dev/hot-reloader/app/hot-reloader-app.js:196
[  154357ms] [LOG] [Fast Refresh] done in 99ms @ webpack-internal:///(app-pages-browser)/./node_modules/next/dist/client/dev/report-hmr-latency.js:13
[  154518ms] [LOG] [Fast Refresh] rebuilding @ webpack-internal:///(app-pages-browser)/./node_modules/next/dist/client/dev/hot-reloader/app/hot-reloader-app.js:196
[  154547ms] [LOG] [Fast Refresh] done in 28ms @ webpack-internal:///(app-pages-browser)/./node_modules/next/dist/client/dev/report-hmr-latency.js:13
[  154733ms] [LOG] [Fast Refresh] rebuilding @ webpack-internal:///(app-pages-browser)/./node_modules/next/dist/client/dev/hot-reloader/app/hot-reloader-app.js:196
[  154766ms] [LOG] [Fast Refresh] done in 32ms @ webpack-internal:///(app-pages-browser)/./node_modules/next/dist/client/dev/report-hmr-latency.js:13
[  154930ms] [LOG] [Fast Refresh] rebuilding @ webpack-internal:///(app-pages-browser)/./node_modules/next/dist/client/dev/hot-reloader/app/hot-reloader-app.js:196
[  154948ms] [LOG] [Fast Refresh] done in 18ms @ webpack-internal:///(app-pages-browser)/./node_modules/next/dist/client/dev/report-hmr-latency.js:13
[  155059ms] [LOG] [Fast Refresh] rebuilding @ webpack-internal:///(app-pages-browser)/./node_modules/next/dist/client/dev/hot-reloader/app/hot-reloader-app.js:196
[  155073ms] [LOG] [Fast Refresh] done in 15ms @ webpack-internal:///(app-pages-browser)/./node_modules/next/dist/client/dev/report-hmr-latency.js:13
[  155306ms] [LOG] [Fast Refresh] rebuilding @ webpack-internal:///(app-pages-browser)/./node_modules/next/dist/client/dev/hot-reloader/app/hot-reloader-app.js:196
[  155334ms] [LOG] [Fast Refresh] done in 28ms @ webpack-internal:///(app-pages-browser)/./node_modules/next/dist/client/dev/report-hmr-latency.js:13
[  155465ms] [LOG] [Fast Refresh] rebuilding @ webpack-internal:///(app-pages-browser)/./node_modules/next/dist/client/dev/hot-reloader/app/hot-reloader-app.js:196
[  155516ms] [LOG] [Fast Refresh] done in 51ms @ webpack-internal:///(app-pages-browser)/./node_modules/next/dist/client/dev/report-hmr-latency.js:13
[  155623ms] [LOG] [Fast Refresh] rebuilding @ webpack-internal:///(app-pages-browser)/./node_modules/next/dist/client/dev/hot-reloader/app/hot-reloader-app.js:196
[  155640ms] [LOG] [Fast Refresh] done in 17ms @ webpack-internal:///(app-pages-browser)/./node_modules/next/dist/client/dev/report-hmr-latency.js:13
[  155770ms] [LOG] [Fast Refresh] rebuilding @ webpack-internal:///(app-pages-browser)/./node_modules/next/dist/client/dev/hot-reloader/app/hot-reloader-app.js:196
[  155788ms] [LOG] [Fast Refresh] done in 17ms @ webpack-internal:///(app-pages-browser)/./node_modules/next/dist/client/dev/report-hmr-latency.js:13
[  155912ms] [LOG] [Fast Refresh] rebuilding @ webpack-internal:///(app-pages-browser)/./node_modules/next/dist/client/dev/hot-reloader/app/hot-reloader-app.js:196
[  155930ms] [LOG] [Fast Refresh] done in 17ms @ webpack-internal:///(app-pages-browser)/./node_modules/next/dist/client/dev/report-hmr-latency.js:13
[  156052ms] [LOG] [Fast Refresh] rebuilding @ webpack-internal:///(app-pages-browser)/./node_modules/next/dist/client/dev/hot-reloader/app/hot-reloader-app.js:196
[  156071ms] [LOG] [Fast Refresh] done in 18ms @ webpack-internal:///(app-pages-browser)/./node_modules/next/dist/client/dev/report-hmr-latency.js:13
[  156455ms] [LOG] [Fast Refresh] rebuilding @ webpack-internal:///(app-pages-browser)/./node_modules/next/dist/client/dev/hot-reloader/app/hot-reloader-app.js:196
[  156530ms] [LOG] [Fast Refresh] done in 75ms @ webpack-internal:///(app-pages-browser)/./node_modules/next/dist/client/dev/report-hmr-latency.js:13
[  156787ms] [LOG] [Fast Refresh] rebuilding @ webpack-internal:///(app-pages-browser)/./node_modules/next/dist/client/dev/hot-reloader/app/hot-reloader-app.js:196
[  156861ms] [LOG] [Fast Refresh] done in 74ms @ webpack-internal:///(app-pages-browser)/./node_modules/next/dist/client/dev/report-hmr-latency.js:13
[  157065ms] [LOG] [Fast Refresh] rebuilding @ webpack-internal:///(app-pages-browser)/./node_modules/next/dist/client/dev/hot-reloader/app/hot-reloader-app.js:196
[  157115ms] [LOG] [Fast Refresh] done in 50ms @ webpack-internal:///(app-pages-browser)/./node_modules/next/dist/client/dev/report-hmr-latency.js:13
[  157236ms] [LOG] [Fast Refresh] rebuilding @ webpack-internal:///(app-pages-browser)/./node_modules/next/dist/client/dev/hot-reloader/app/hot-reloader-app.js:196
[  157251ms] [LOG] [Fast Refresh] done in 15ms @ webpack-internal:///(app-pages-browser)/./node_modules/next/dist/client/dev/report-hmr-latency.js:13
[  157606ms] [LOG] [Fast Refresh] rebuilding @ webpack-internal:///(app-pages-browser)/./node_modules/next/dist/client/dev/hot-reloader/app/hot-reloader-app.js:196
[  157672ms] [LOG] [Fast Refresh] done in 67ms @ webpack-internal:///(app-pages-browser)/./node_modules/next/dist/client/dev/report-hmr-latency.js:13
[  157817ms] [LOG] [Fast Refresh] rebuilding @ webpack-internal:///(app-pages-browser)/./node_modules/next/dist/client/dev/hot-reloader/app/hot-reloader-app.js:196
[  157834ms] [LOG] [Fast Refresh] done in 18ms @ webpack-internal:///(app-pages-browser)/./node_modules/next/dist/client/dev/report-hmr-latency.js:13
[  157986ms] [LOG] [Fast Refresh] rebuilding @ webpack-internal:///(app-pages-browser)/./node_modules/next/dist/client/dev/hot-reloader/app/hot-reloader-app.js:196
[  158188ms] [LOG] [Fast Refresh] done in 201ms @ webpack-internal:///(app-pages-browser)/./node_modules/next/dist/client/dev/report-hmr-latency.js:13
[  158267ms] [LOG] [Fast Refresh] rebuilding @ webpack-internal:///(app-pages-browser)/./node_modules/next/dist/client/dev/hot-reloader/app/hot-reloader-app.js:196
[  158284ms] [LOG] [Fast Refresh] done in 16ms @ webpack-internal:///(app-pages-browser)/./node_modules/next/dist/client/dev/report-hmr-latency.js:13
[  158387ms] [LOG] [Fast Refresh] rebuilding @ webpack-internal:///(app-pages-browser)/./node_modules/next/dist/client/dev/hot-reloader/app/hot-reloader-app.js:196
[  158401ms] [LOG] [Fast Refresh] done in 15ms @ webpack-internal:///(app-pages-browser)/./node_modules/next/dist/client/dev/report-hmr-latency.js:13
[  158524ms] [LOG] [Fast Refresh] rebuilding @ webpack-internal:///(app-pages-browser)/./node_modules/next/dist/client/dev/hot-reloader/app/hot-reloader-app.js:196
[  158535ms] [LOG] [Fast Refresh] done in 12ms @ webpack-internal:///(app-pages-browser)/./node_modules/next/dist/client/dev/report-hmr-latency.js:13
[  158974ms] [LOG] [Fast Refresh] rebuilding @ webpack-internal:///(app-pages-browser)/./node_modules/next/dist/client/dev/hot-reloader/app/hot-reloader-app.js:196
[  159000ms] [LOG] [Fast Refresh] done in 27ms @ webpack-internal:///(app-pages-browser)/./node_modules/next/dist/client/dev/report-hmr-latency.js:13
[  159144ms] [LOG] [Fast Refresh] rebuilding @ webpack-internal:///(app-pages-browser)/./node_modules/next/dist/client/dev/hot-reloader/app/hot-reloader-app.js:196
[  159162ms] [LOG] [Fast Refresh] done in 19ms @ webpack-internal:///(app-pages-browser)/./node_modules/next/dist/client/dev/report-hmr-latency.js:13
[  159303ms] [LOG] [Fast Refresh] rebuilding @ webpack-internal:///(app-pages-browser)/./node_modules/next/dist/client/dev/hot-reloader/app/hot-reloader-app.js:196
[  159325ms] [LOG] [Fast Refresh] done in 21ms @ webpack-internal:///(app-pages-browser)/./node_modules/next/dist/client/dev/report-hmr-latency.js:13
[  159500ms] [LOG] [Fast Refresh] rebuilding @ webpack-internal:///(app-pages-browser)/./node_modules/next/dist/client/dev/hot-reloader/app/hot-reloader-app.js:196
[  159518ms] [LOG] [Fast Refresh] done in 19ms @ webpack-internal:///(app-pages-browser)/./node_modules/next/dist/client/dev/report-hmr-latency.js:13
[  159714ms] [LOG] [Fast Refresh] rebuilding @ webpack-internal:///(app-pages-browser)/./node_modules/next/dist/client/dev/hot-reloader/app/hot-reloader-app.js:196
[  159730ms] [LOG] [Fast Refresh] done in 15ms @ webpack-internal:///(app-pages-browser)/./node_modules/next/dist/client/dev/report-hmr-latency.js:13
[  159878ms] [LOG] [Fast Refresh] rebuilding @ webpack-internal:///(app-pages-browser)/./node_modules/next/dist/client/dev/hot-reloader/app/hot-reloader-app.js:196
[  159892ms] [LOG] [Fast Refresh] done in 13ms @ webpack-internal:///(app-pages-browser)/./node_modules/next/dist/client/dev/report-hmr-latency.js:13
[  160071ms] [LOG] [Fast Refresh] rebuilding @ webpack-internal:///(app-pages-browser)/./node_modules/next/dist/client/dev/hot-reloader/app/hot-reloader-app.js:196
[  160160ms] [LOG] [Fast Refresh] done in 89ms @ webpack-internal:///(app-pages-browser)/./node_modules/next/dist/client/dev/report-hmr-latency.js:13
[  160448ms] [LOG] [Fast Refresh] rebuilding @ webpack-internal:///(app-pages-browser)/./node_modules/next/dist/client/dev/hot-reloader/app/hot-reloader-app.js:196
[  160485ms] [LOG] [Fast Refresh] done in 36ms @ webpack-internal:///(app-pages-browser)/./node_modules/next/dist/client/dev/report-hmr-latency.js:13
[  160676ms] [LOG] [Fast Refresh] rebuilding @ webpack-internal:///(app-pages-browser)/./node_modules/next/dist/client/dev/hot-reloader/app/hot-reloader-app.js:196
[  160701ms] [LOG] [Fast Refresh] done in 25ms @ webpack-internal:///(app-pages-browser)/./node_modules/next/dist/client/dev/report-hmr-latency.js:13
[  161219ms] [LOG] [Fast Refresh] rebuilding @ webpack-internal:///(app-pages-browser)/./node_modules/next/dist/client/dev/hot-reloader/app/hot-reloader-app.js:196
[  161309ms] [LOG] [Fast Refresh] done in 91ms @ webpack-internal:///(app-pages-browser)/./node_modules/next/dist/client/dev/report-hmr-latency.js:13
[  161501ms] [LOG] [Fast Refresh] rebuilding @ webpack-internal:///(app-pages-browser)/./node_modules/next/dist/client/dev/hot-reloader/app/hot-reloader-app.js:196
[  161525ms] [LOG] [Fast Refresh] done in 24ms @ webpack-internal:///(app-pages-browser)/./node_modules/next/dist/client/dev/report-hmr-latency.js:13
[  161831ms] [LOG] [Fast Refresh] rebuilding @ webpack-internal:///(app-pages-browser)/./node_modules/next/dist/client/dev/hot-reloader/app/hot-reloader-app.js:196
[  161851ms] [LOG] [Fast Refresh] done in 20ms @ webpack-internal:///(app-pages-browser)/./node_modules/next/dist/client/dev/report-hmr-latency.js:13
[  161991ms] [LOG] [Fast Refresh] rebuilding @ webpack-internal:///(app-pages-browser)/./node_modules/next/dist/client/dev/hot-reloader/app/hot-reloader-app.js:196
[  162028ms] [LOG] [Fast Refresh] done in 38ms @ webpack-internal:///(app-pages-browser)/./node_modules/next/dist/client/dev/report-hmr-latency.js:13
[  162138ms] [LOG] [Fast Refresh] rebuilding @ webpack-internal:///(app-pages-browser)/./node_modules/next/dist/client/dev/hot-reloader/app/hot-reloader-app.js:196
[  162178ms] [LOG] [Fast Refresh] done in 39ms @ webpack-internal:///(app-pages-browser)/./node_modules/next/dist/client/dev/report-hmr-latency.js:13
[  162290ms] [LOG] [Fast Refresh] rebuilding @ webpack-internal:///(app-pages-browser)/./node_modules/next/dist/client/dev/hot-reloader/app/hot-reloader-app.js:196
[  162306ms] [LOG] [Fast Refresh] done in 15ms @ webpack-internal:///(app-pages-browser)/./node_modules/next/dist/client/dev/report-hmr-latency.js:13
[  162470ms] [LOG] [Fast Refresh] rebuilding @ webpack-internal:///(app-pages-browser)/./node_modules/next/dist/client/dev/hot-reloader/app/hot-reloader-app.js:196
[  162490ms] [LOG] [Fast Refresh] done in 19ms @ webpack-internal:///(app-pages-browser)/./node_modules/next/dist/client/dev/report-hmr-latency.js:13
[  162631ms] [LOG] [Fast Refresh] rebuilding @ webpack-internal:///(app-pages-browser)/./node_modules/next/dist/client/dev/hot-reloader/app/hot-reloader-app.js:196
[  162650ms] [LOG] [Fast Refresh] done in 20ms @ webpack-internal:///(app-pages-browser)/./node_modules/next/dist/client/dev/report-hmr-latency.js:13
[  162774ms] [LOG] [Fast Refresh] rebuilding @ webpack-internal:///(app-pages-browser)/./node_modules/next/dist/client/dev/hot-reloader/app/hot-reloader-app.js:196
[  162789ms] [LOG] [Fast Refresh] done in 14ms @ webpack-internal:///(app-pages-browser)/./node_modules/next/dist/client/dev/report-hmr-latency.js:13
[  162895ms] [LOG] [Fast Refresh] rebuilding @ webpack-internal:///(app-pages-browser)/./node_modules/next/dist/client/dev/hot-reloader/app/hot-reloader-app.js:196
[  162909ms] [LOG] [Fast Refresh] done in 14ms @ webpack-internal:///(app-pages-browser)/./node_modules/next/dist/client/dev/report-hmr-latency.js:13
[  163022ms] [LOG] [Fast Refresh] rebuilding @ webpack-internal:///(app-pages-browser)/./node_modules/next/dist/client/dev/hot-reloader/app/hot-reloader-app.js:196
[  163037ms] [LOG] [Fast Refresh] done in 14ms @ webpack-internal:///(app-pages-browser)/./node_modules/next/dist/client/dev/report-hmr-latency.js:13
[  163164ms] [LOG] [Fast Refresh] rebuilding @ webpack-internal:///(app-pages-browser)/./node_modules/next/dist/client/dev/hot-reloader/app/hot-reloader-app.js:196
[  163181ms] [LOG] [Fast Refresh] done in 18ms @ webpack-internal:///(app-pages-browser)/./node_modules/next/dist/client/dev/report-hmr-latency.js:13
[  163311ms] [LOG] [Fast Refresh] rebuilding @ webpack-internal:///(app-pages-browser)/./node_modules/next/dist/client/dev/hot-reloader/app/hot-reloader-app.js:196
[  163325ms] [LOG] [Fast Refresh] done in 13ms @ webpack-internal:///(app-pages-browser)/./node_modules/next/dist/client/dev/report-hmr-latency.js:13
[  163485ms] [LOG] [Fast Refresh] rebuilding @ webpack-internal:///(app-pages-browser)/./node_modules/next/dist/client/dev/hot-reloader/app/hot-reloader-app.js:196
[  163506ms] [LOG] [Fast Refresh] done in 21ms @ webpack-internal:///(app-pages-browser)/./node_modules/next/dist/client/dev/report-hmr-latency.js:13
[  163760ms] [LOG] [Fast Refresh] rebuilding @ webpack-internal:///(app-pages-browser)/./node_modules/next/dist/client/dev/hot-reloader/app/hot-reloader-app.js:196
[  163805ms] [LOG] [Fast Refresh] done in 44ms @ webpack-internal:///(app-pages-browser)/./node_modules/next/dist/client/dev/report-hmr-latency.js:13
[  163926ms] [LOG] [Fast Refresh] rebuilding @ webpack-internal:///(app-pages-browser)/./node_modules/next/dist/client/dev/hot-reloader/app/hot-reloader-app.js:196
[  163962ms] [LOG] [Fast Refresh] done in 36ms @ webpack-internal:///(app-pages-browser)/./node_modules/next/dist/client/dev/report-hmr-latency.js:13
[  164062ms] [LOG] [Fast Refresh] rebuilding @ webpack-internal:///(app-pages-browser)/./node_modules/next/dist/client/dev/hot-reloader/app/hot-reloader-app.js:196
[  164098ms] [LOG] [Fast Refresh] done in 36ms @ webpack-internal:///(app-pages-browser)/./node_modules/next/dist/client/dev/report-hmr-latency.js:13
[  164209ms] [LOG] [Fast Refresh] rebuilding @ webpack-internal:///(app-pages-browser)/./node_modules/next/dist/client/dev/hot-reloader/app/hot-reloader-app.js:196
[  164243ms] [LOG] [Fast Refresh] done in 34ms @ webpack-internal:///(app-pages-browser)/./node_modules/next/dist/client/dev/report-hmr-latency.js:13
[  164346ms] [LOG] [Fast Refresh] rebuilding @ webpack-internal:///(app-pages-browser)/./node_modules/next/dist/client/dev/hot-reloader/app/hot-reloader-app.js:196
[  164380ms] [LOG] [Fast Refresh] done in 34ms @ webpack-internal:///(app-pages-browser)/./node_modules/next/dist/client/dev/report-hmr-latency.js:13
[  164473ms] [LOG] [Fast Refresh] rebuilding @ webpack-internal:///(app-pages-browser)/./node_modules/next/dist/client/dev/hot-reloader/app/hot-reloader-app.js:196
[  164488ms] [LOG] [Fast Refresh] done in 16ms @ webpack-internal:///(app-pages-browser)/./node_modules/next/dist/client/dev/report-hmr-latency.js:13
[  164609ms] [LOG] [Fast Refresh] rebuilding @ webpack-internal:///(app-pages-browser)/./node_modules/next/dist/client/dev/hot-reloader/app/hot-reloader-app.js:196
[  164622ms] [LOG] [Fast Refresh] done in 13ms @ webpack-internal:///(app-pages-browser)/./node_modules/next/dist/client/dev/report-hmr-latency.js:13
[  164731ms] [LOG] [Fast Refresh] rebuilding @ webpack-internal:///(app-pages-browser)/./node_modules/next/dist/client/dev/hot-reloader/app/hot-reloader-app.js:196
[  164748ms] [LOG] [Fast Refresh] done in 18ms @ webpack-internal:///(app-pages-browser)/./node_modules/next/dist/client/dev/report-hmr-latency.js:13
[  164857ms] [LOG] [Fast Refresh] rebuilding @ webpack-internal:///(app-pages-browser)/./node_modules/next/dist/client/dev/hot-reloader/app/hot-reloader-app.js:196
[  164873ms] [LOG] [Fast Refresh] done in 17ms @ webpack-internal:///(app-pages-browser)/./node_modules/next/dist/client/dev/report-hmr-latency.js:13
[  164999ms] [LOG] [Fast Refresh] rebuilding @ webpack-internal:///(app-pages-browser)/./node_modules/next/dist/client/dev/hot-reloader/app/hot-reloader-app.js:196
[  165017ms] [LOG] [Fast Refresh] done in 18ms @ webpack-internal:///(app-pages-browser)/./node_modules/next/dist/client/dev/report-hmr-latency.js:13
[  165147ms] [LOG] [Fast Refresh] rebuilding @ webpack-internal:///(app-pages-browser)/./node_modules/next/dist/client/dev/hot-reloader/app/hot-reloader-app.js:196
[  165165ms] [LOG] [Fast Refresh] done in 17ms @ webpack-internal:///(app-pages-browser)/./node_modules/next/dist/client/dev/report-hmr-latency.js:13
[  165342ms] [LOG] [Fast Refresh] rebuilding @ webpack-internal:///(app-pages-browser)/./node_modules/next/dist/client/dev/hot-reloader/app/hot-reloader-app.js:196
[  165373ms] [LOG] [Fast Refresh] done in 31ms @ webpack-internal:///(app-pages-browser)/./node_modules/next/dist/client/dev/report-hmr-latency.js:13
[  165508ms] [LOG] [Fast Refresh] rebuilding @ webpack-internal:///(app-pages-browser)/./node_modules/next/dist/client/dev/hot-reloader/app/hot-reloader-app.js:196
[  165543ms] [LOG] [Fast Refresh] done in 36ms @ webpack-internal:///(app-pages-browser)/./node_modules/next/dist/client/dev/report-hmr-latency.js:13
[  165646ms] [LOG] [Fast Refresh] rebuilding @ webpack-internal:///(app-pages-browser)/./node_modules/next/dist/client/dev/hot-reloader/app/hot-reloader-app.js:196
[  165675ms] [LOG] [Fast Refresh] done in 30ms @ webpack-internal:///(app-pages-browser)/./node_modules/next/dist/client/dev/report-hmr-latency.js:13
[  165772ms] [LOG] [Fast Refresh] rebuilding @ webpack-internal:///(app-pages-browser)/./node_modules/next/dist/client/dev/hot-reloader/app/hot-reloader-app.js:196
[  165807ms] [LOG] [Fast Refresh] done in 34ms @ webpack-internal:///(app-pages-browser)/./node_modules/next/dist/client/dev/report-hmr-latency.js:13
[  165908ms] [LOG] [Fast Refresh] rebuilding @ webpack-internal:///(app-pages-browser)/./node_modules/next/dist/client/dev/hot-reloader/app/hot-reloader-app.js:196
[  165943ms] [LOG] [Fast Refresh] done in 35ms @ webpack-internal:///(app-pages-browser)/./node_modules/next/dist/client/dev/report-hmr-latency.js:13
[  166051ms] [LOG] [Fast Refresh] rebuilding @ webpack-internal:///(app-pages-browser)/./node_modules/next/dist/client/dev/hot-reloader/app/hot-reloader-app.js:196
[  166068ms] [LOG] [Fast Refresh] done in 18ms @ webpack-internal:///(app-pages-browser)/./node_modules/next/dist/client/dev/report-hmr-latency.js:13
[  166197ms] [LOG] [Fast Refresh] rebuilding @ webpack-internal:///(app-pages-browser)/./node_modules/next/dist/client/dev/hot-reloader/app/hot-reloader-app.js:196
[  166226ms] [LOG] [Fast Refresh] done in 29ms @ webpack-internal:///(app-pages-browser)/./node_modules/next/dist/client/dev/report-hmr-latency.js:13
[  166373ms] [LOG] [Fast Refresh] rebuilding @ webpack-internal:///(app-pages-browser)/./node_modules/next/dist/client/dev/hot-reloader/app/hot-reloader-app.js:196
[  166396ms] [LOG] [Fast Refresh] done in 23ms @ webpack-internal:///(app-pages-browser)/./node_modules/next/dist/client/dev/report-hmr-latency.js:13
[  166516ms] [LOG] [Fast Refresh] rebuilding @ webpack-internal:///(app-pages-browser)/./node_modules/next/dist/client/dev/hot-reloader/app/hot-reloader-app.js:196
[  166530ms] [LOG] [Fast Refresh] done in 15ms @ webpack-internal:///(app-pages-browser)/./node_modules/next/dist/client/dev/report-hmr-latency.js:13
[  166632ms] [LOG] [Fast Refresh] rebuilding @ webpack-internal:///(app-pages-browser)/./node_modules/next/dist/client/dev/hot-reloader/app/hot-reloader-app.js:196
[  166646ms] [LOG] [Fast Refresh] done in 14ms @ webpack-internal:///(app-pages-browser)/./node_modules/next/dist/client/dev/report-hmr-latency.js:13
[  166783ms] [LOG] [Fast Refresh] rebuilding @ webpack-internal:///(app-pages-browser)/./node_modules/next/dist/client/dev/hot-reloader/app/hot-reloader-app.js:196
[  166800ms] [LOG] [Fast Refresh] done in 16ms @ webpack-internal:///(app-pages-browser)/./node_modules/next/dist/client/dev/report-hmr-latency.js:13
[  166924ms] [LOG] [Fast Refresh] rebuilding @ webpack-internal:///(app-pages-browser)/./node_modules/next/dist/client/dev/hot-reloader/app/hot-reloader-app.js:196
[  166942ms] [LOG] [Fast Refresh] done in 19ms @ webpack-internal:///(app-pages-browser)/./node_modules/next/dist/client/dev/report-hmr-latency.js:13
[  167166ms] [LOG] [Fast Refresh] rebuilding @ webpack-internal:///(app-pages-browser)/./node_modules/next/dist/client/dev/hot-reloader/app/hot-reloader-app.js:196
[  167181ms] [LOG] [Fast Refresh] done in 15ms @ webpack-internal:///(app-pages-browser)/./node_modules/next/dist/client/dev/report-hmr-latency.js:13
[  167295ms] [LOG] [Fast Refresh] rebuilding @ webpack-internal:///(app-pages-browser)/./node_modules/next/dist/client/dev/hot-reloader/app/hot-reloader-app.js:196
[  167331ms] [LOG] [Fast Refresh] done in 36ms @ webpack-internal:///(app-pages-browser)/./node_modules/next/dist/client/dev/report-hmr-latency.js:13
[  167424ms] [LOG] [Fast Refresh] rebuilding @ webpack-internal:///(app-pages-browser)/./node_modules/next/dist/client/dev/hot-reloader/app/hot-reloader-app.js:196
[  167451ms] [LOG] [Fast Refresh] done in 28ms @ webpack-internal:///(app-pages-browser)/./node_modules/next/dist/client/dev/report-hmr-latency.js:13
[  167524ms] [LOG] [Fast Refresh] rebuilding @ webpack-internal:///(app-pages-browser)/./node_modules/next/dist/client/dev/hot-reloader/app/hot-reloader-app.js:196
[  167535ms] [LOG] [Fast Refresh] done in 12ms @ webpack-internal:///(app-pages-browser)/./node_modules/next/dist/client/dev/report-hmr-latency.js:13
[  167654ms] [LOG] [Fast Refresh] rebuilding @ webpack-internal:///(app-pages-browser)/./node_modules/next/dist/client/dev/hot-reloader/app/hot-reloader-app.js:196
[  167692ms] [LOG] [Fast Refresh] done in 38ms @ webpack-internal:///(app-pages-browser)/./node_modules/next/dist/client/dev/report-hmr-latency.js:13
[  167818ms] [LOG] [Fast Refresh] rebuilding @ webpack-internal:///(app-pages-browser)/./node_modules/next/dist/client/dev/hot-reloader/app/hot-reloader-app.js:196
[  167833ms] [LOG] [Fast Refresh] done in 15ms @ webpack-internal:///(app-pages-browser)/./node_modules/next/dist/client/dev/report-hmr-latency.js:13
[  167960ms] [LOG] [Fast Refresh] rebuilding @ webpack-internal:///(app-pages-browser)/./node_modules/next/dist/client/dev/hot-reloader/app/hot-reloader-app.js:196
[  168014ms] [LOG] [Fast Refresh] done in 55ms @ webpack-internal:///(app-pages-browser)/./node_modules/next/dist/client/dev/report-hmr-latency.js:13
[  168212ms] [LOG] [Fast Refresh] rebuilding @ webpack-internal:///(app-pages-browser)/./node_modules/next/dist/client/dev/hot-reloader/app/hot-reloader-app.js:196
[  168229ms] [LOG] [Fast Refresh] done in 16ms @ webpack-internal:///(app-pages-browser)/./node_modules/next/dist/client/dev/report-hmr-latency.js:13
[  168348ms] [LOG] [Fast Refresh] rebuilding @ webpack-internal:///(app-pages-browser)/./node_modules/next/dist/client/dev/hot-reloader/app/hot-reloader-app.js:196
[  168366ms] [LOG] [Fast Refresh] done in 17ms @ webpack-internal:///(app-pages-browser)/./node_modules/next/dist/client/dev/report-hmr-latency.js:13
[  168479ms] [LOG] [Fast Refresh] rebuilding @ webpack-internal:///(app-pages-browser)/./node_modules/next/dist/client/dev/hot-reloader/app/hot-reloader-app.js:196
[  168492ms] [LOG] [Fast Refresh] done in 14ms @ webpack-internal:///(app-pages-browser)/./node_modules/next/dist/client/dev/report-hmr-latency.js:13
[  168615ms] [LOG] [Fast Refresh] rebuilding @ webpack-internal:///(app-pages-browser)/./node_modules/next/dist/client/dev/hot-reloader/app/hot-reloader-app.js:196
[  168628ms] [LOG] [Fast Refresh] done in 13ms @ webpack-internal:///(app-pages-browser)/./node_modules/next/dist/client/dev/report-hmr-latency.js:13
[  168758ms] [LOG] [Fast Refresh] rebuilding @ webpack-internal:///(app-pages-browser)/./node_modules/next/dist/client/dev/hot-reloader/app/hot-reloader-app.js:196
[  168773ms] [LOG] [Fast Refresh] done in 15ms @ webpack-internal:///(app-pages-browser)/./node_modules/next/dist/client/dev/report-hmr-latency.js:13
[  168890ms] [LOG] [Fast Refresh] rebuilding @ webpack-internal:///(app-pages-browser)/./node_modules/next/dist/client/dev/hot-reloader/app/hot-reloader-app.js:196
[  168906ms] [LOG] [Fast Refresh] done in 16ms @ webpack-internal:///(app-pages-browser)/./node_modules/next/dist/client/dev/report-hmr-latency.js:13
[  169011ms] [LOG] [Fast Refresh] rebuilding @ webpack-internal:///(app-pages-browser)/./node_modules/next/dist/client/dev/hot-reloader/app/hot-reloader-app.js:196
[  169023ms] [LOG] [Fast Refresh] done in 12ms @ webpack-internal:///(app-pages-browser)/./node_modules/next/dist/client/dev/report-hmr-latency.js:13
[  169158ms] [LOG] [Fast Refresh] rebuilding @ webpack-internal:///(app-pages-browser)/./node_modules/next/dist/client/dev/hot-reloader/app/hot-reloader-app.js:196
[  169179ms] [LOG] [Fast Refresh] done in 20ms @ webpack-internal:///(app-pages-browser)/./node_modules/next/dist/client/dev/report-hmr-latency.js:13
[  169308ms] [LOG] [Fast Refresh] rebuilding @ webpack-internal:///(app-pages-browser)/./node_modules/next/dist/client/dev/hot-reloader/app/hot-reloader-app.js:196
[  169320ms] [LOG] [Fast Refresh] done in 12ms @ webpack-internal:///(app-pages-browser)/./node_modules/next/dist/client/dev/report-hmr-latency.js:13
[  169419ms] [LOG] [Fast Refresh] rebuilding @ webpack-internal:///(app-pages-browser)/./node_modules/next/dist/client/dev/hot-reloader/app/hot-reloader-app.js:196
[  169432ms] [LOG] [Fast Refresh] done in 12ms @ webpack-internal:///(app-pages-browser)/./node_modules/next/dist/client/dev/report-hmr-latency.js:13
[  169540ms] [ERROR] Failed to load resource: the server responded with a status of 500 (Internal Server Error) @ http://localhost:3000/product/dp-002?_rsc=9re8fPIDhkOq5UU3:0
[  169554ms] [LOG] [Fast Refresh] rebuilding @ webpack-internal:///(app-pages-browser)/./node_modules/next/dist/client/dev/hot-reloader/app/hot-reloader-app.js:196
[  169568ms] [LOG] [Fast Refresh] done in 14ms @ webpack-internal:///(app-pages-browser)/./node_modules/next/dist/client/dev/report-hmr-latency.js:13
[  169712ms] [LOG] [Fast Refresh] rebuilding @ webpack-internal:///(app-pages-browser)/./node_modules/next/dist/client/dev/hot-reloader/app/hot-reloader-app.js:196
[  169758ms] [LOG] [Fast Refresh] done in 46ms @ webpack-internal:///(app-pages-browser)/./node_modules/next/dist/client/dev/report-hmr-latency.js:13
[  169906ms] [LOG] [Fast Refresh] rebuilding @ webpack-internal:///(app-pages-browser)/./node_modules/next/dist/client/dev/hot-reloader/app/hot-reloader-app.js:196
[  169922ms] [LOG] [Fast Refresh] done in 15ms @ webpack-internal:///(app-pages-browser)/./node_modules/next/dist/client/dev/report-hmr-latency.js:13
[  170066ms] [LOG] [Fast Refresh] rebuilding @ webpack-internal:///(app-pages-browser)/./node_modules/next/dist/client/dev/hot-reloader/app/hot-reloader-app.js:196
[  170075ms] [LOG] [Fast Refresh] done in 10ms @ webpack-internal:///(app-pages-browser)/./node_modules/next/dist/client/dev/report-hmr-latency.js:13
[  170192ms] [LOG] [Fast Refresh] rebuilding @ webpack-internal:///(app-pages-browser)/./node_modules/next/dist/client/dev/hot-reloader/app/hot-reloader-app.js:196
[  170203ms] [LOG] [Fast Refresh] done in 11ms @ webpack-internal:///(app-pages-browser)/./node_modules/next/dist/client/dev/report-hmr-latency.js:13
[  170299ms] [LOG] [Fast Refresh] rebuilding @ webpack-internal:///(app-pages-browser)/./node_modules/next/dist/client/dev/hot-reloader/app/hot-reloader-app.js:196
[  170331ms] [LOG] [Fast Refresh] done in 33ms @ webpack-internal:///(app-pages-browser)/./node_modules/next/dist/client/dev/report-hmr-latency.js:13
[  170432ms] [LOG] [Fast Refresh] rebuilding @ webpack-internal:///(app-pages-browser)/./node_modules/next/dist/client/dev/hot-reloader/app/hot-reloader-app.js:196
[  170467ms] [LOG] [Fast Refresh] done in 36ms @ webpack-internal:///(app-pages-browser)/./node_modules/next/dist/client/dev/report-hmr-latency.js:13
[  170594ms] [LOG] [Fast Refresh] rebuilding @ webpack-internal:///(app-pages-browser)/./node_modules/next/dist/client/dev/hot-reloader/app/hot-reloader-app.js:196
[  170631ms] [LOG] [Fast Refresh] done in 37ms @ webpack-internal:///(app-pages-browser)/./node_modules/next/dist/client/dev/report-hmr-latency.js:13
[  170724ms] [LOG] [Fast Refresh] rebuilding @ webpack-internal:///(app-pages-browser)/./node_modules/next/dist/client/dev/hot-reloader/app/hot-reloader-app.js:196
[  170740ms] [LOG] [Fast Refresh] done in 15ms @ webpack-internal:///(app-pages-browser)/./node_modules/next/dist/client/dev/report-hmr-latency.js:13
[  170864ms] [LOG] [Fast Refresh] rebuilding @ webpack-internal:///(app-pages-browser)/./node_modules/next/dist/client/dev/hot-reloader/app/hot-reloader-app.js:196
[  170876ms] [LOG] [Fast Refresh] done in 11ms @ webpack-internal:///(app-pages-browser)/./node_modules/next/dist/client/dev/report-hmr-latency.js:13
[  170987ms] [LOG] [Fast Refresh] rebuilding @ webpack-internal:///(app-pages-browser)/./node_modules/next/dist/client/dev/hot-reloader/app/hot-reloader-app.js:196
[  171005ms] [LOG] [Fast Refresh] done in 18ms @ webpack-internal:///(app-pages-browser)/./node_modules/next/dist/client/dev/report-hmr-latency.js:13
[  171124ms] [LOG] [Fast Refresh] rebuilding @ webpack-internal:///(app-pages-browser)/./node_modules/next/dist/client/dev/hot-reloader/app/hot-reloader-app.js:196
[  171145ms] [LOG] [Fast Refresh] done in 21ms @ webpack-internal:///(app-pages-browser)/./node_modules/next/dist/client/dev/report-hmr-latency.js:13
[  171283ms] [LOG] [Fast Refresh] rebuilding @ webpack-internal:///(app-pages-browser)/./node_modules/next/dist/client/dev/hot-reloader/app/hot-reloader-app.js:196
[  171304ms] [LOG] [Fast Refresh] done in 22ms @ webpack-internal:///(app-pages-browser)/./node_modules/next/dist/client/dev/report-hmr-latency.js:13
[  171507ms] [LOG] [Fast Refresh] rebuilding @ webpack-internal:///(app-pages-browser)/./node_modules/next/dist/client/dev/hot-reloader/app/hot-reloader-app.js:196
[  171537ms] [LOG] [Fast Refresh] done in 29ms @ webpack-internal:///(app-pages-browser)/./node_modules/next/dist/client/dev/report-hmr-latency.js:13
[  171661ms] [LOG] [Fast Refresh] rebuilding @ webpack-internal:///(app-pages-browser)/./node_modules/next/dist/client/dev/hot-reloader/app/hot-reloader-app.js:196
[  171675ms] [LOG] [Fast Refresh] done in 13ms @ webpack-internal:///(app-pages-browser)/./node_modules/next/dist/client/dev/report-hmr-latency.js:13
[  171803ms] [LOG] [Fast Refresh] rebuilding @ webpack-internal:///(app-pages-browser)/./node_modules/next/dist/client/dev/hot-reloader/app/hot-reloader-app.js:196
[  171814ms] [LOG] [Fast Refresh] done in 10ms @ webpack-internal:///(app-pages-browser)/./node_modules/next/dist/client/dev/report-hmr-latency.js:13
[  171921ms] [LOG] [Fast Refresh] rebuilding @ webpack-internal:///(app-pages-browser)/./node_modules/next/dist/client/dev/hot-reloader/app/hot-reloader-app.js:196
[  171929ms] [LOG] [Fast Refresh] done in 9ms @ webpack-internal:///(app-pages-browser)/./node_modules/next/dist/client/dev/report-hmr-latency.js:13
[  172026ms] [LOG] [Fast Refresh] rebuilding @ webpack-internal:///(app-pages-browser)/./node_modules/next/dist/client/dev/hot-reloader/app/hot-reloader-app.js:196
[  172036ms] [LOG] [Fast Refresh] done in 11ms @ webpack-internal:///(app-pages-browser)/./node_modules/next/dist/client/dev/report-hmr-latency.js:13
[  172155ms] [LOG] [Fast Refresh] rebuilding @ webpack-internal:///(app-pages-browser)/./node_modules/next/dist/client/dev/hot-reloader/app/hot-reloader-app.js:196
[  172169ms] [LOG] [Fast Refresh] done in 15ms @ webpack-internal:///(app-pages-browser)/./node_modules/next/dist/client/dev/report-hmr-latency.js:13
[  172304ms] [LOG] [Fast Refresh] rebuilding @ webpack-internal:///(app-pages-browser)/./node_modules/next/dist/client/dev/hot-reloader/app/hot-reloader-app.js:196
[  172322ms] [LOG] [Fast Refresh] done in 17ms @ webpack-internal:///(app-pages-browser)/./node_modules/next/dist/client/dev/report-hmr-latency.js:13
[  172445ms] [LOG] [Fast Refresh] rebuilding @ webpack-internal:///(app-pages-browser)/./node_modules/next/dist/client/dev/hot-reloader/app/hot-reloader-app.js:196
[  172456ms] [LOG] [Fast Refresh] done in 11ms @ webpack-internal:///(app-pages-browser)/./node_modules/next/dist/client/dev/report-hmr-latency.js:13
[  172571ms] [LOG] [Fast Refresh] rebuilding @ webpack-internal:///(app-pages-browser)/./node_modules/next/dist/client/dev/hot-reloader/app/hot-reloader-app.js:196
[  172614ms] [LOG] [Fast Refresh] done in 42ms @ webpack-internal:///(app-pages-browser)/./node_modules/next/dist/client/dev/report-hmr-latency.js:13
[  172711ms] [LOG] [Fast Refresh] rebuilding @ webpack-internal:///(app-pages-browser)/./node_modules/next/dist/client/dev/hot-reloader/app/hot-reloader-app.js:196
[  172766ms] [LOG] [Fast Refresh] done in 55ms @ webpack-internal:///(app-pages-browser)/./node_modules/next/dist/client/dev/report-hmr-latency.js:13
[  172861ms] [LOG] [Fast Refresh] rebuilding @ webpack-internal:///(app-pages-browser)/./node_modules/next/dist/client/dev/hot-reloader/app/hot-reloader-app.js:196
[  172875ms] [LOG] [Fast Refresh] done in 14ms @ webpack-internal:///(app-pages-browser)/./node_modules/next/dist/client/dev/report-hmr-latency.js:13
[  173020ms] [LOG] [Fast Refresh] rebuilding @ webpack-internal:///(app-pages-browser)/./node_modules/next/dist/client/dev/hot-reloader/app/hot-reloader-app.js:196
[  173037ms] [LOG] [Fast Refresh] done in 18ms @ webpack-internal:///(app-pages-browser)/./node_modules/next/dist/client/dev/report-hmr-latency.js:13
[  173252ms] [LOG] [Fast Refresh] rebuilding @ webpack-internal:///(app-pages-browser)/./node_modules/next/dist/client/dev/hot-reloader/app/hot-reloader-app.js:196
[  173273ms] [LOG] [Fast Refresh] done in 20ms @ webpack-internal:///(app-pages-browser)/./node_modules/next/dist/client/dev/report-hmr-latency.js:13
[  173390ms] [LOG] [Fast Refresh] rebuilding @ webpack-internal:///(app-pages-browser)/./node_modules/next/dist/client/dev/hot-reloader/app/hot-reloader-app.js:196
[  173406ms] [LOG] [Fast Refresh] done in 17ms @ webpack-internal:///(app-pages-browser)/./node_modules/next/dist/client/dev/report-hmr-latency.js:13
[  173517ms] [LOG] [Fast Refresh] rebuilding @ webpack-internal:///(app-pages-browser)/./node_modules/next/dist/client/dev/hot-reloader/app/hot-reloader-app.js:196
[  173531ms] [LOG] [Fast Refresh] done in 15ms @ webpack-internal:///(app-pages-browser)/./node_modules/next/dist/client/dev/report-hmr-latency.js:13
[  173641ms] [LOG] [Fast Refresh] rebuilding @ webpack-internal:///(app-pages-browser)/./node_modules/next/dist/client/dev/hot-reloader/app/hot-reloader-app.js:196
[  173656ms] [LOG] [Fast Refresh] done in 15ms @ webpack-internal:///(app-pages-browser)/./node_modules/next/dist/client/dev/report-hmr-latency.js:13
[  173773ms] [LOG] [Fast Refresh] rebuilding @ webpack-internal:///(app-pages-browser)/./node_modules/next/dist/client/dev/hot-reloader/app/hot-reloader-app.js:196
[  173789ms] [LOG] [Fast Refresh] done in 16ms @ webpack-internal:///(app-pages-browser)/./node_modules/next/dist/client/dev/report-hmr-latency.js:13
[  173915ms] [LOG] [Fast Refresh] rebuilding @ webpack-internal:///(app-pages-browser)/./node_modules/next/dist/client/dev/hot-reloader/app/hot-reloader-app.js:196
[  173948ms] [LOG] [Fast Refresh] done in 34ms @ webpack-internal:///(app-pages-browser)/./node_modules/next/dist/client/dev/report-hmr-latency.js:13
[  174314ms] [LOG] [Fast Refresh] rebuilding @ webpack-internal:///(app-pages-browser)/./node_modules/next/dist/client/dev/hot-reloader/app/hot-reloader-app.js:196
[  174335ms] [LOG] [Fast Refresh] done in 21ms @ webpack-internal:///(app-pages-browser)/./node_modules/next/dist/client/dev/report-hmr-latency.js:13
[  174449ms] [LOG] [Fast Refresh] rebuilding @ webpack-internal:///(app-pages-browser)/./node_modules/next/dist/client/dev/hot-reloader/app/hot-reloader-app.js:196
[  174465ms] [LOG] [Fast Refresh] done in 15ms @ webpack-internal:///(app-pages-browser)/./node_modules/next/dist/client/dev/report-hmr-latency.js:13
[  174569ms] [LOG] [Fast Refresh] rebuilding @ webpack-internal:///(app-pages-browser)/./node_modules/next/dist/client/dev/hot-reloader/app/hot-reloader-app.js:196
[  174582ms] [LOG] [Fast Refresh] done in 13ms @ webpack-internal:///(app-pages-browser)/./node_modules/next/dist/client/dev/report-hmr-latency.js:13
[  174690ms] [LOG] [Fast Refresh] rebuilding @ webpack-internal:///(app-pages-browser)/./node_modules/next/dist/client/dev/hot-reloader/app/hot-reloader-app.js:196
[  174706ms] [LOG] [Fast Refresh] done in 17ms @ webpack-internal:///(app-pages-browser)/./node_modules/next/dist/client/dev/report-hmr-latency.js:13
[  174818ms] [LOG] [Fast Refresh] rebuilding @ webpack-internal:///(app-pages-browser)/./node_modules/next/dist/client/dev/hot-reloader/app/hot-reloader-app.js:196
[  174839ms] [LOG] [Fast Refresh] done in 21ms @ webpack-internal:///(app-pages-browser)/./node_modules/next/dist/client/dev/report-hmr-latency.js:13
[  174964ms] [LOG] [Fast Refresh] rebuilding @ webpack-internal:///(app-pages-browser)/./node_modules/next/dist/client/dev/hot-reloader/app/hot-reloader-app.js:196
[  174982ms] [LOG] [Fast Refresh] done in 18ms @ webpack-internal:///(app-pages-browser)/./node_modules/next/dist/client/dev/report-hmr-latency.js:13
[  175185ms] [LOG] [Fast Refresh] rebuilding @ webpack-internal:///(app-pages-browser)/./node_modules/next/dist/client/dev/hot-reloader/app/hot-reloader-app.js:196
[  175206ms] [LOG] [Fast Refresh] done in 20ms @ webpack-internal:///(app-pages-browser)/./node_modules/next/dist/client/dev/report-hmr-latency.js:13
[  175335ms] [LOG] [Fast Refresh] rebuilding @ webpack-internal:///(app-pages-browser)/./node_modules/next/dist/client/dev/hot-reloader/app/hot-reloader-app.js:196
[  175516ms] [LOG] [Fast Refresh] done in 180ms @ webpack-internal:///(app-pages-browser)/./node_modules/next/dist/client/dev/report-hmr-latency.js:13
[  177590ms] [LOG] [Fast Refresh] rebuilding @ webpack-internal:///(app-pages-browser)/./node_modules/next/dist/client/dev/hot-reloader/app/hot-reloader-app.js:196
[  177622ms] [LOG] [Fast Refresh] done in 33ms @ webpack-internal:///(app-pages-browser)/./node_modules/next/dist/client/dev/report-hmr-latency.js:13
[  177856ms] [LOG] [Fast Refresh] rebuilding @ webpack-internal:///(app-pages-browser)/./node_modules/next/dist/client/dev/hot-reloader/app/hot-reloader-app.js:196
[  177881ms] [LOG] [Fast Refresh] done in 25ms @ webpack-internal:///(app-pages-browser)/./node_modules/next/dist/client/dev/report-hmr-latency.js:13
[  178095ms] [LOG] [Fast Refresh] rebuilding @ webpack-internal:///(app-pages-browser)/./node_modules/next/dist/client/dev/hot-reloader/app/hot-reloader-app.js:196
[  178155ms] [LOG] [Fast Refresh] done in 60ms @ webpack-internal:///(app-pages-browser)/./node_modules/next/dist/client/dev/report-hmr-latency.js:13
[  178344ms] [LOG] [Fast Refresh] rebuilding @ webpack-internal:///(app-pages-browser)/./node_modules/next/dist/client/dev/hot-reloader/app/hot-reloader-app.js:196
[  178398ms] [LOG] [Fast Refresh] done in 54ms @ webpack-internal:///(app-pages-browser)/./node_modules/next/dist/client/dev/report-hmr-latency.js:13
[  178525ms] [LOG] [Fast Refresh] rebuilding @ webpack-internal:///(app-pages-browser)/./node_modules/next/dist/client/dev/hot-reloader/app/hot-reloader-app.js:196
[  178564ms] [LOG] [Fast Refresh] done in 40ms @ webpack-internal:///(app-pages-browser)/./node_modules/next/dist/client/dev/report-hmr-latency.js:13
[  178685ms] [LOG] [Fast Refresh] rebuilding @ webpack-internal:///(app-pages-browser)/./node_modules/next/dist/client/dev/hot-reloader/app/hot-reloader-app.js:196
[  178701ms] [LOG] [Fast Refresh] done in 16ms @ webpack-internal:///(app-pages-browser)/./node_modules/next/dist/client/dev/report-hmr-latency.js:13
[  178812ms] [LOG] [Fast Refresh] rebuilding @ webpack-internal:///(app-pages-browser)/./node_modules/next/dist/client/dev/hot-reloader/app/hot-reloader-app.js:196
[  178829ms] [LOG] [Fast Refresh] done in 18ms @ webpack-internal:///(app-pages-browser)/./node_modules/next/dist/client/dev/report-hmr-latency.js:13
[  179356ms] [LOG] [Fast Refresh] rebuilding @ webpack-internal:///(app-pages-browser)/./node_modules/next/dist/client/dev/hot-reloader/app/hot-reloader-app.js:196
[  179402ms] [LOG] [Fast Refresh] done in 47ms @ webpack-internal:///(app-pages-browser)/./node_modules/next/dist/client/dev/report-hmr-latency.js:13
[  179655ms] [LOG] [Fast Refresh] rebuilding @ webpack-internal:///(app-pages-browser)/./node_modules/next/dist/client/dev/hot-reloader/app/hot-reloader-app.js:196
[  179696ms] [LOG] [Fast Refresh] done in 41ms @ webpack-internal:///(app-pages-browser)/./node_modules/next/dist/client/dev/report-hmr-latency.js:13
[  179940ms] [LOG] [Fast Refresh] rebuilding @ webpack-internal:///(app-pages-browser)/./node_modules/next/dist/client/dev/hot-reloader/app/hot-reloader-app.js:196
[  179977ms] [LOG] [Fast Refresh] done in 37ms @ webpack-internal:///(app-pages-browser)/./node_modules/next/dist/client/dev/report-hmr-latency.js:13
[  181526ms] [LOG] [Fast Refresh] done in 1587ms @ webpack-internal:///(app-pages-browser)/./node_modules/next/dist/client/dev/report-hmr-latency.js:13
[  181567ms] [LOG] [Fast Refresh] rebuilding @ webpack-internal:///(app-pages-browser)/./node_modules/next/dist/client/dev/hot-reloader/app/hot-reloader-app.js:196
[  181764ms] [ERROR] Failed to load resource: the server responded with a status of 500 (Internal Server Error) @ http://localhost:3000/product/dp-002?_rsc=9re8fPIDhkOq5UU3:0
[  181774ms] [LOG] [Fast Refresh] rebuilding @ webpack-internal:///(app-pages-browser)/./node_modules/next/dist/client/dev/hot-reloader/app/hot-reloader-app.js:196
[  181789ms] [LOG] [Fast Refresh] done in 15ms @ webpack-internal:///(app-pages-browser)/./node_modules/next/dist/client/dev/report-hmr-latency.js:13
[  182045ms] [LOG] [Fast Refresh] rebuilding @ webpack-internal:///(app-pages-browser)/./node_modules/next/dist/client/dev/hot-reloader/app/hot-reloader-app.js:196
[  182058ms] [LOG] [Fast Refresh] done in 14ms @ webpack-internal:///(app-pages-browser)/./node_modules/next/dist/client/dev/report-hmr-latency.js:13
[  182210ms] [LOG] [Fast Refresh] rebuilding @ webpack-internal:///(app-pages-browser)/./node_modules/next/dist/client/dev/hot-reloader/app/hot-reloader-app.js:196
[  182243ms] [LOG] [Fast Refresh] done in 33ms @ webpack-internal:///(app-pages-browser)/./node_modules/next/dist/client/dev/report-hmr-latency.js:13
[  182430ms] [LOG] [Fast Refresh] rebuilding @ webpack-internal:///(app-pages-browser)/./node_modules/next/dist/client/dev/hot-reloader/app/hot-reloader-app.js:196
[  182485ms] [LOG] [Fast Refresh] done in 55ms @ webpack-internal:///(app-pages-browser)/./node_modules/next/dist/client/dev/report-hmr-latency.js:13
[  182679ms] [LOG] [Fast Refresh] rebuilding @ webpack-internal:///(app-pages-browser)/./node_modules/next/dist/client/dev/hot-reloader/app/hot-reloader-app.js:196
[  182712ms] [LOG] [Fast Refresh] done in 33ms @ webpack-internal:///(app-pages-browser)/./node_modules/next/dist/client/dev/report-hmr-latency.js:13
[  182936ms] [LOG] [Fast Refresh] done in 256ms @ webpack-internal:///(app-pages-browser)/./node_modules/next/dist/client/dev/report-hmr-latency.js:13
[  182964ms] [LOG] [Fast Refresh] rebuilding @ webpack-internal:///(app-pages-browser)/./node_modules/next/dist/client/dev/hot-reloader/app/hot-reloader-app.js:196
[  183041ms] [LOG] [Fast Refresh] rebuilding @ webpack-internal:///(app-pages-browser)/./node_modules/next/dist/client/dev/hot-reloader/app/hot-reloader-app.js:196
[  183048ms] [LOG] [Fast Refresh] done in 7ms @ webpack-internal:///(app-pages-browser)/./node_modules/next/dist/client/dev/report-hmr-latency.js:13
[  183125ms] [LOG] [Fast Refresh] rebuilding @ webpack-internal:///(app-pages-browser)/./node_modules/next/dist/client/dev/hot-reloader/app/hot-reloader-app.js:196
[  183130ms] [LOG] [Fast Refresh] done in 6ms @ webpack-internal:///(app-pages-browser)/./node_modules/next/dist/client/dev/report-hmr-latency.js:13
[  183153ms] [ERROR] Failed to load resource: the server responded with a status of 500 (Internal Server Error) @ http://localhost:3000/product/dp-002?_rsc=9re8fPIDhkOq5UU3:0
[  183231ms] [LOG] [Fast Refresh] rebuilding @ webpack-internal:///(app-pages-browser)/./node_modules/next/dist/client/dev/hot-reloader/app/hot-reloader-app.js:196
[  183284ms] [LOG] [Fast Refresh] done in 53ms @ webpack-internal:///(app-pages-browser)/./node_modules/next/dist/client/dev/report-hmr-latency.js:13
[  183358ms] [LOG] [Fast Refresh] rebuilding @ webpack-internal:///(app-pages-browser)/./node_modules/next/dist/client/dev/hot-reloader/app/hot-reloader-app.js:196
[  183410ms] [LOG] [Fast Refresh] done in 53ms @ webpack-internal:///(app-pages-browser)/./node_modules/next/dist/client/dev/report-hmr-latency.js:13
[  183604ms] [LOG] [Fast Refresh] rebuilding @ webpack-internal:///(app-pages-browser)/./node_modules/next/dist/client/dev/hot-reloader/app/hot-reloader-app.js:196
[  183691ms] [LOG] [Fast Refresh] done in 88ms @ webpack-internal:///(app-pages-browser)/./node_modules/next/dist/client/dev/report-hmr-latency.js:13
[  183836ms] [LOG] [Fast Refresh] rebuilding @ webpack-internal:///(app-pages-browser)/./node_modules/next/dist/client/dev/hot-reloader/app/hot-reloader-app.js:196
[  183858ms] [LOG] [Fast Refresh] done in 23ms @ webpack-internal:///(app-pages-browser)/./node_modules/next/dist/client/dev/report-hmr-latency.js:13
[  184055ms] [LOG] [Fast Refresh] rebuilding @ webpack-internal:///(app-pages-browser)/./node_modules/next/dist/client/dev/hot-reloader/app/hot-reloader-app.js:196
[  184079ms] [LOG] [Fast Refresh] done in 24ms @ webpack-internal:///(app-pages-browser)/./node_modules/next/dist/client/dev/report-hmr-latency.js:13
[  184241ms] [LOG] [Fast Refresh] rebuilding @ webpack-internal:///(app-pages-browser)/./node_modules/next/dist/client/dev/hot-reloader/app/hot-reloader-app.js:196
[  184268ms] [LOG] [Fast Refresh] done in 27ms @ webpack-internal:///(app-pages-browser)/./node_modules/next/dist/client/dev/report-hmr-latency.js:13
[  184426ms] [LOG] [Fast Refresh] rebuilding @ webpack-internal:///(app-pages-browser)/./node_modules/next/dist/client/dev/hot-reloader/app/hot-reloader-app.js:196
[  184441ms] [LOG] [Fast Refresh] done in 16ms @ webpack-internal:///(app-pages-browser)/./node_modules/next/dist/client/dev/report-hmr-latency.js:13
[  184689ms] [LOG] [Fast Refresh] rebuilding @ webpack-internal:///(app-pages-browser)/./node_modules/next/dist/client/dev/hot-reloader/app/hot-reloader-app.js:196
[  184708ms] [LOG] [Fast Refresh] done in 18ms @ webpack-internal:///(app-pages-browser)/./node_modules/next/dist/client/dev/report-hmr-latency.js:13
[  184840ms] [LOG] [Fast Refresh] rebuilding @ webpack-internal:///(app-pages-browser)/./node_modules/next/dist/client/dev/hot-reloader/app/hot-reloader-app.js:196
[  184858ms] [LOG] [Fast Refresh] done in 18ms @ webpack-internal:///(app-pages-browser)/./node_modules/next/dist/client/dev/report-hmr-latency.js:13
[  184991ms] [LOG] [Fast Refresh] rebuilding @ webpack-internal:///(app-pages-browser)/./node_modules/next/dist/client/dev/hot-reloader/app/hot-reloader-app.js:196
[  185007ms] [LOG] [Fast Refresh] done in 17ms @ webpack-internal:///(app-pages-browser)/./node_modules/next/dist/client/dev/report-hmr-latency.js:13
[  185145ms] [LOG] [Fast Refresh] rebuilding @ webpack-internal:///(app-pages-browser)/./node_modules/next/dist/client/dev/hot-reloader/app/hot-reloader-app.js:196
[  185162ms] [LOG] [Fast Refresh] done in 17ms @ webpack-internal:///(app-pages-browser)/./node_modules/next/dist/client/dev/report-hmr-latency.js:13
[  185294ms] [LOG] [Fast Refresh] rebuilding @ webpack-internal:///(app-pages-browser)/./node_modules/next/dist/client/dev/hot-reloader/app/hot-reloader-app.js:196
[  185309ms] [LOG] [Fast Refresh] done in 15ms @ webpack-internal:///(app-pages-browser)/./node_modules/next/dist/client/dev/report-hmr-latency.js:13
[  185426ms] [LOG] [Fast Refresh] rebuilding @ webpack-internal:///(app-pages-browser)/./node_modules/next/dist/client/dev/hot-reloader/app/hot-reloader-app.js:196
[  185436ms] [LOG] [Fast Refresh] done in 9ms @ webpack-internal:///(app-pages-browser)/./node_modules/next/dist/client/dev/report-hmr-latency.js:13
[  185553ms] [LOG] [Fast Refresh] rebuilding @ webpack-internal:///(app-pages-browser)/./node_modules/next/dist/client/dev/hot-reloader/app/hot-reloader-app.js:196
[  185568ms] [LOG] [Fast Refresh] done in 15ms @ webpack-internal:///(app-pages-browser)/./node_modules/next/dist/client/dev/report-hmr-latency.js:13
[  185690ms] [LOG] [Fast Refresh] rebuilding @ webpack-internal:///(app-pages-browser)/./node_modules/next/dist/client/dev/hot-reloader/app/hot-reloader-app.js:196
[  185706ms] [LOG] [Fast Refresh] done in 16ms @ webpack-internal:///(app-pages-browser)/./node_modules/next/dist/client/dev/report-hmr-latency.js:13
[  185887ms] [LOG] [Fast Refresh] rebuilding @ webpack-internal:///(app-pages-browser)/./node_modules/next/dist/client/dev/hot-reloader/app/hot-reloader-app.js:196
[  185922ms] [LOG] [Fast Refresh] done in 35ms @ webpack-internal:///(app-pages-browser)/./node_modules/next/dist/client/dev/report-hmr-latency.js:13
[  186108ms] [LOG] [Fast Refresh] rebuilding @ webpack-internal:///(app-pages-browser)/./node_modules/next/dist/client/dev/hot-reloader/app/hot-reloader-app.js:196
[  186121ms] [LOG] [Fast Refresh] done in 13ms @ webpack-internal:///(app-pages-browser)/./node_modules/next/dist/client/dev/report-hmr-latency.js:13
[  186216ms] [LOG] [Fast Refresh] rebuilding @ webpack-internal:///(app-pages-browser)/./node_modules/next/dist/client/dev/hot-reloader/app/hot-reloader-app.js:196
[  186229ms] [LOG] [Fast Refresh] done in 12ms @ webpack-internal:///(app-pages-browser)/./node_modules/next/dist/client/dev/report-hmr-latency.js:13
[  186331ms] [ERROR] Failed to load resource: the server responded with a status of 500 (Internal Server Error) @ http://localhost:3000/product/dp-002?_rsc=9re8fPIDhkOq5UU3:0
[  186340ms] [LOG] [Fast Refresh] rebuilding @ webpack-internal:///(app-pages-browser)/./node_modules/next/dist/client/dev/hot-reloader/app/hot-reloader-app.js:196
[  186352ms] [LOG] [Fast Refresh] done in 12ms @ webpack-internal:///(app-pages-browser)/./node_modules/next/dist/client/dev/report-hmr-latency.js:13
[  186445ms] [LOG] [Fast Refresh] rebuilding @ webpack-internal:///(app-pages-browser)/./node_modules/next/dist/client/dev/hot-reloader/app/hot-reloader-app.js:196
[  186457ms] [LOG] [Fast Refresh] done in 12ms @ webpack-internal:///(app-pages-browser)/./node_modules/next/dist/client/dev/report-hmr-latency.js:13
[  186563ms] [LOG] [Fast Refresh] rebuilding @ webpack-internal:///(app-pages-browser)/./node_modules/next/dist/client/dev/hot-reloader/app/hot-reloader-app.js:196
[  186578ms] [LOG] [Fast Refresh] done in 16ms @ webpack-internal:///(app-pages-browser)/./node_modules/next/dist/client/dev/report-hmr-latency.js:13
[  186696ms] [LOG] [Fast Refresh] rebuilding @ webpack-internal:///(app-pages-browser)/./node_modules/next/dist/client/dev/hot-reloader/app/hot-reloader-app.js:196
[  186712ms] [LOG] [Fast Refresh] done in 15ms @ webpack-internal:///(app-pages-browser)/./node_modules/next/dist/client/dev/report-hmr-latency.js:13
[  186837ms] [LOG] [Fast Refresh] rebuilding @ webpack-internal:///(app-pages-browser)/./node_modules/next/dist/client/dev/hot-reloader/app/hot-reloader-app.js:196
[  186854ms] [LOG] [Fast Refresh] done in 17ms @ webpack-internal:///(app-pages-browser)/./node_modules/next/dist/client/dev/report-hmr-latency.js:13
[  186997ms] [LOG] [Fast Refresh] rebuilding @ webpack-internal:///(app-pages-browser)/./node_modules/next/dist/client/dev/hot-reloader/app/hot-reloader-app.js:196
[  187012ms] [LOG] [Fast Refresh] done in 15ms @ webpack-internal:///(app-pages-browser)/./node_modules/next/dist/client/dev/report-hmr-latency.js:13
[  187189ms] [LOG] [Fast Refresh] rebuilding @ webpack-internal:///(app-pages-browser)/./node_modules/next/dist/client/dev/hot-reloader/app/hot-reloader-app.js:196
[  187208ms] [LOG] [Fast Refresh] done in 18ms @ webpack-internal:///(app-pages-browser)/./node_modules/next/dist/client/dev/report-hmr-latency.js:13
[  187320ms] [LOG] [Fast Refresh] rebuilding @ webpack-internal:///(app-pages-browser)/./node_modules/next/dist/client/dev/hot-reloader/app/hot-reloader-app.js:196
[  187332ms] [LOG] [Fast Refresh] done in 13ms @ webpack-internal:///(app-pages-browser)/./node_modules/next/dist/client/dev/report-hmr-latency.js:13
[  187440ms] [LOG] [Fast Refresh] rebuilding @ webpack-internal:///(app-pages-browser)/./node_modules/next/dist/client/dev/hot-reloader/app/hot-reloader-app.js:196
[  187457ms] [LOG] [Fast Refresh] done in 17ms @ webpack-internal:///(app-pages-browser)/./node_modules/next/dist/client/dev/report-hmr-latency.js:13
[  187572ms] [LOG] [Fast Refresh] rebuilding @ webpack-internal:///(app-pages-browser)/./node_modules/next/dist/client/dev/hot-reloader/app/hot-reloader-app.js:196
[  187587ms] [LOG] [Fast Refresh] done in 15ms @ webpack-internal:///(app-pages-browser)/./node_modules/next/dist/client/dev/report-hmr-latency.js:13
[  187716ms] [LOG] [Fast Refresh] rebuilding @ webpack-internal:///(app-pages-browser)/./node_modules/next/dist/client/dev/hot-reloader/app/hot-reloader-app.js:196
[  187737ms] [LOG] [Fast Refresh] done in 21ms @ webpack-internal:///(app-pages-browser)/./node_modules/next/dist/client/dev/report-hmr-latency.js:13
[  187933ms] [LOG] [Fast Refresh] rebuilding @ webpack-internal:///(app-pages-browser)/./node_modules/next/dist/client/dev/hot-reloader/app/hot-reloader-app.js:196
[  187957ms] [LOG] [Fast Refresh] done in 23ms @ webpack-internal:///(app-pages-browser)/./node_modules/next/dist/client/dev/report-hmr-latency.js:13
[  188090ms] [LOG] [Fast Refresh] rebuilding @ webpack-internal:///(app-pages-browser)/./node_modules/next/dist/client/dev/hot-reloader/app/hot-reloader-app.js:196
[  188153ms] [LOG] [Fast Refresh] done in 63ms @ webpack-internal:///(app-pages-browser)/./node_modules/next/dist/client/dev/report-hmr-latency.js:13
[  188253ms] [LOG] [Fast Refresh] rebuilding @ webpack-internal:///(app-pages-browser)/./node_modules/next/dist/client/dev/hot-reloader/app/hot-reloader-app.js:196
[  188279ms] [LOG] [Fast Refresh] done in 26ms @ webpack-internal:///(app-pages-browser)/./node_modules/next/dist/client/dev/report-hmr-latency.js:13
[  188403ms] [LOG] [Fast Refresh] rebuilding @ webpack-internal:///(app-pages-browser)/./node_modules/next/dist/client/dev/hot-reloader/app/hot-reloader-app.js:196
[  188608ms] [LOG] [Fast Refresh] done in 206ms @ webpack-internal:///(app-pages-browser)/./node_modules/next/dist/client/dev/report-hmr-latency.js:13
[  188836ms] [LOG] [Fast Refresh] rebuilding @ webpack-internal:///(app-pages-browser)/./node_modules/next/dist/client/dev/hot-reloader/app/hot-reloader-app.js:196
[  188876ms] [LOG] [Fast Refresh] done in 40ms @ webpack-internal:///(app-pages-browser)/./node_modules/next/dist/client/dev/report-hmr-latency.js:13
[  189073ms] [LOG] [Fast Refresh] rebuilding @ webpack-internal:///(app-pages-browser)/./node_modules/next/dist/client/dev/hot-reloader/app/hot-reloader-app.js:196
[  189092ms] [LOG] [Fast Refresh] done in 19ms @ webpack-internal:///(app-pages-browser)/./node_modules/next/dist/client/dev/report-hmr-latency.js:13
[  189257ms] [LOG] [Fast Refresh] rebuilding @ webpack-internal:///(app-pages-browser)/./node_modules/next/dist/client/dev/hot-reloader/app/hot-reloader-app.js:196
[  189272ms] [LOG] [Fast Refresh] done in 16ms @ webpack-internal:///(app-pages-browser)/./node_modules/next/dist/client/dev/report-hmr-latency.js:13
[  189415ms] [LOG] [Fast Refresh] rebuilding @ webpack-internal:///(app-pages-browser)/./node_modules/next/dist/client/dev/hot-reloader/app/hot-reloader-app.js:196
[  189432ms] [LOG] [Fast Refresh] done in 16ms @ webpack-internal:///(app-pages-browser)/./node_modules/next/dist/client/dev/report-hmr-latency.js:13
[  189532ms] [LOG] [Fast Refresh] rebuilding @ webpack-internal:///(app-pages-browser)/./node_modules/next/dist/client/dev/hot-reloader/app/hot-reloader-app.js:196
[  189544ms] [LOG] [Fast Refresh] done in 12ms @ webpack-internal:///(app-pages-browser)/./node_modules/next/dist/client/dev/report-hmr-latency.js:13
[  189659ms] [LOG] [Fast Refresh] rebuilding @ webpack-internal:///(app-pages-browser)/./node_modules/next/dist/client/dev/hot-reloader/app/hot-reloader-app.js:196
[  189678ms] [LOG] [Fast Refresh] done in 18ms @ webpack-internal:///(app-pages-browser)/./node_modules/next/dist/client/dev/report-hmr-latency.js:13
[  189813ms] [LOG] [Fast Refresh] rebuilding @ webpack-internal:///(app-pages-browser)/./node_modules/next/dist/client/dev/hot-reloader/app/hot-reloader-app.js:196
[  189835ms] [LOG] [Fast Refresh] done in 21ms @ webpack-internal:///(app-pages-browser)/./node_modules/next/dist/client/dev/report-hmr-latency.js:13
[  189953ms] [LOG] [Fast Refresh] rebuilding @ webpack-internal:///(app-pages-browser)/./node_modules/next/dist/client/dev/hot-reloader/app/hot-reloader-app.js:196
[  189970ms] [LOG] [Fast Refresh] done in 17ms @ webpack-internal:///(app-pages-browser)/./node_modules/next/dist/client/dev/report-hmr-latency.js:13
[  190117ms] [LOG] [Fast Refresh] rebuilding @ webpack-internal:///(app-pages-browser)/./node_modules/next/dist/client/dev/hot-reloader/app/hot-reloader-app.js:196
[  190137ms] [LOG] [Fast Refresh] done in 21ms @ webpack-internal:///(app-pages-browser)/./node_modules/next/dist/client/dev/report-hmr-latency.js:13
[  190253ms] [LOG] [Fast Refresh] rebuilding @ webpack-internal:///(app-pages-browser)/./node_modules/next/dist/client/dev/hot-reloader/app/hot-reloader-app.js:196
[  190271ms] [LOG] [Fast Refresh] done in 18ms @ webpack-internal:///(app-pages-browser)/./node_modules/next/dist/client/dev/report-hmr-latency.js:13
[  190410ms] [LOG] [Fast Refresh] rebuilding @ webpack-internal:///(app-pages-browser)/./node_modules/next/dist/client/dev/hot-reloader/app/hot-reloader-app.js:196
[  190428ms] [LOG] [Fast Refresh] done in 18ms @ webpack-internal:///(app-pages-browser)/./node_modules/next/dist/client/dev/report-hmr-latency.js:13
[  190566ms] [LOG] [Fast Refresh] rebuilding @ webpack-internal:///(app-pages-browser)/./node_modules/next/dist/client/dev/hot-reloader/app/hot-reloader-app.js:196
[  190584ms] [LOG] [Fast Refresh] done in 17ms @ webpack-internal:///(app-pages-browser)/./node_modules/next/dist/client/dev/report-hmr-latency.js:13
[  190706ms] [LOG] [Fast Refresh] rebuilding @ webpack-internal:///(app-pages-browser)/./node_modules/next/dist/client/dev/hot-reloader/app/hot-reloader-app.js:196
[  190719ms] [LOG] [Fast Refresh] done in 13ms @ webpack-internal:///(app-pages-browser)/./node_modules/next/dist/client/dev/report-hmr-latency.js:13
[  190834ms] [LOG] [Fast Refresh] rebuilding @ webpack-internal:///(app-pages-browser)/./node_modules/next/dist/client/dev/hot-reloader/app/hot-reloader-app.js:196
[  190849ms] [LOG] [Fast Refresh] done in 14ms @ webpack-internal:///(app-pages-browser)/./node_modules/next/dist/client/dev/report-hmr-latency.js:13
[  190957ms] [LOG] [Fast Refresh] rebuilding @ webpack-internal:///(app-pages-browser)/./node_modules/next/dist/client/dev/hot-reloader/app/hot-reloader-app.js:196
[  190967ms] [LOG] [Fast Refresh] done in 11ms @ webpack-internal:///(app-pages-browser)/./node_modules/next/dist/client/dev/report-hmr-latency.js:13
[  191119ms] [LOG] [Fast Refresh] rebuilding @ webpack-internal:///(app-pages-browser)/./node_modules/next/dist/client/dev/hot-reloader/app/hot-reloader-app.js:196
[  191159ms] [LOG] [Fast Refresh] done in 40ms @ webpack-internal:///(app-pages-browser)/./node_modules/next/dist/client/dev/report-hmr-latency.js:13
[  191319ms] [LOG] [Fast Refresh] rebuilding @ webpack-internal:///(app-pages-browser)/./node_modules/next/dist/client/dev/hot-reloader/app/hot-reloader-app.js:196
[  191340ms] [LOG] [Fast Refresh] done in 21ms @ webpack-internal:///(app-pages-browser)/./node_modules/next/dist/client/dev/report-hmr-latency.js:13
[  191453ms] [LOG] [Fast Refresh] rebuilding @ webpack-internal:///(app-pages-browser)/./node_modules/next/dist/client/dev/hot-reloader/app/hot-reloader-app.js:196
[  191465ms] [LOG] [Fast Refresh] done in 11ms @ webpack-internal:///(app-pages-browser)/./node_modules/next/dist/client/dev/report-hmr-latency.js:13
[  191584ms] [LOG] [Fast Refresh] rebuilding @ webpack-internal:///(app-pages-browser)/./node_modules/next/dist/client/dev/hot-reloader/app/hot-reloader-app.js:196
[  191598ms] [LOG] [Fast Refresh] done in 15ms @ webpack-internal:///(app-pages-browser)/./node_modules/next/dist/client/dev/report-hmr-latency.js:13
[  191721ms] [LOG] [Fast Refresh] rebuilding @ webpack-internal:///(app-pages-browser)/./node_modules/next/dist/client/dev/hot-reloader/app/hot-reloader-app.js:196
[  191736ms] [LOG] [Fast Refresh] done in 15ms @ webpack-internal:///(app-pages-browser)/./node_modules/next/dist/client/dev/report-hmr-latency.js:13
[  191833ms] [LOG] [Fast Refresh] rebuilding @ webpack-internal:///(app-pages-browser)/./node_modules/next/dist/client/dev/hot-reloader/app/hot-reloader-app.js:196
[  191925ms] [LOG] [Fast Refresh] done in 93ms @ webpack-internal:///(app-pages-browser)/./node_modules/next/dist/client/dev/report-hmr-latency.js:13
[  192207ms] [LOG] [Fast Refresh] rebuilding @ webpack-internal:///(app-pages-browser)/./node_modules/next/dist/client/dev/hot-reloader/app/hot-reloader-app.js:196
[  192231ms] [LOG] [Fast Refresh] done in 23ms @ webpack-internal:///(app-pages-browser)/./node_modules/next/dist/client/dev/report-hmr-latency.js:13
[  192391ms] [LOG] [Fast Refresh] rebuilding @ webpack-internal:///(app-pages-browser)/./node_modules/next/dist/client/dev/hot-reloader/app/hot-reloader-app.js:196
[  192409ms] [LOG] [Fast Refresh] done in 19ms @ webpack-internal:///(app-pages-browser)/./node_modules/next/dist/client/dev/report-hmr-latency.js:13
[  192546ms] [LOG] [Fast Refresh] rebuilding @ webpack-internal:///(app-pages-browser)/./node_modules/next/dist/client/dev/hot-reloader/app/hot-reloader-app.js:196
[  192559ms] [LOG] [Fast Refresh] done in 12ms @ webpack-internal:///(app-pages-browser)/./node_modules/next/dist/client/dev/report-hmr-latency.js:13
[  192667ms] [LOG] [Fast Refresh] rebuilding @ webpack-internal:///(app-pages-browser)/./node_modules/next/dist/client/dev/hot-reloader/app/hot-reloader-app.js:196
[  192683ms] [LOG] [Fast Refresh] done in 16ms @ webpack-internal:///(app-pages-browser)/./node_modules/next/dist/client/dev/report-hmr-latency.js:13
[  192906ms] [LOG] [Fast Refresh] rebuilding @ webpack-internal:///(app-pages-browser)/./node_modules/next/dist/client/dev/hot-reloader/app/hot-reloader-app.js:196
[  193010ms] [LOG] [Fast Refresh] done in 103ms @ webpack-internal:///(app-pages-browser)/./node_modules/next/dist/client/dev/report-hmr-latency.js:13
[  193154ms] [LOG] [Fast Refresh] rebuilding @ webpack-internal:///(app-pages-browser)/./node_modules/next/dist/client/dev/hot-reloader/app/hot-reloader-app.js:196
[  193215ms] [LOG] [Fast Refresh] done in 62ms @ webpack-internal:///(app-pages-browser)/./node_modules/next/dist/client/dev/report-hmr-latency.js:13
[  193351ms] [LOG] [Fast Refresh] rebuilding @ webpack-internal:///(app-pages-browser)/./node_modules/next/dist/client/dev/hot-reloader/app/hot-reloader-app.js:196
[  193387ms] [LOG] [Fast Refresh] done in 35ms @ webpack-internal:///(app-pages-browser)/./node_modules/next/dist/client/dev/report-hmr-latency.js:13
[  193493ms] [LOG] [Fast Refresh] rebuilding @ webpack-internal:///(app-pages-browser)/./node_modules/next/dist/client/dev/hot-reloader/app/hot-reloader-app.js:196
[  193523ms] [LOG] [Fast Refresh] done in 29ms @ webpack-internal:///(app-pages-browser)/./node_modules/next/dist/client/dev/report-hmr-latency.js:13
[  193605ms] [LOG] [Fast Refresh] rebuilding @ webpack-internal:///(app-pages-browser)/./node_modules/next/dist/client/dev/hot-reloader/app/hot-reloader-app.js:196
[  193634ms] [LOG] [Fast Refresh] done in 30ms @ webpack-internal:///(app-pages-browser)/./node_modules/next/dist/client/dev/report-hmr-latency.js:13
[  193740ms] [LOG] [Fast Refresh] rebuilding @ webpack-internal:///(app-pages-browser)/./node_modules/next/dist/client/dev/hot-reloader/app/hot-reloader-app.js:196
[  193774ms] [LOG] [Fast Refresh] done in 33ms @ webpack-internal:///(app-pages-browser)/./node_modules/next/dist/client/dev/report-hmr-latency.js:13
[  193884ms] [LOG] [Fast Refresh] rebuilding @ webpack-internal:///(app-pages-browser)/./node_modules/next/dist/client/dev/hot-reloader/app/hot-reloader-app.js:196
[  193898ms] [LOG] [Fast Refresh] done in 14ms @ webpack-internal:///(app-pages-browser)/./node_modules/next/dist/client/dev/report-hmr-latency.js:13
[  194043ms] [LOG] [Fast Refresh] rebuilding @ webpack-internal:///(app-pages-browser)/./node_modules/next/dist/client/dev/hot-reloader/app/hot-reloader-app.js:196
[  194066ms] [LOG] [Fast Refresh] done in 22ms @ webpack-internal:///(app-pages-browser)/./node_modules/next/dist/client/dev/report-hmr-latency.js:13
[  194243ms] [LOG] [Fast Refresh] rebuilding @ webpack-internal:///(app-pages-browser)/./node_modules/next/dist/client/dev/hot-reloader/app/hot-reloader-app.js:196
[  194265ms] [LOG] [Fast Refresh] done in 22ms @ webpack-internal:///(app-pages-browser)/./node_modules/next/dist/client/dev/report-hmr-latency.js:13
[  194391ms] [LOG] [Fast Refresh] rebuilding @ webpack-internal:///(app-pages-browser)/./node_modules/next/dist/client/dev/hot-reloader/app/hot-reloader-app.js:196
[  194404ms] [LOG] [Fast Refresh] done in 12ms @ webpack-internal:///(app-pages-browser)/./node_modules/next/dist/client/dev/report-hmr-latency.js:13
[  194512ms] [LOG] [Fast Refresh] rebuilding @ webpack-internal:///(app-pages-browser)/./node_modules/next/dist/client/dev/hot-reloader/app/hot-reloader-app.js:196
[  194526ms] [LOG] [Fast Refresh] done in 14ms @ webpack-internal:///(app-pages-browser)/./node_modules/next/dist/client/dev/report-hmr-latency.js:13
[  194625ms] [LOG] [Fast Refresh] rebuilding @ webpack-internal:///(app-pages-browser)/./node_modules/next/dist/client/dev/hot-reloader/app/hot-reloader-app.js:196
[  194637ms] [LOG] [Fast Refresh] done in 11ms @ webpack-internal:///(app-pages-browser)/./node_modules/next/dist/client/dev/report-hmr-latency.js:13
[  194758ms] [LOG] [Fast Refresh] rebuilding @ webpack-internal:///(app-pages-browser)/./node_modules/next/dist/client/dev/hot-reloader/app/hot-reloader-app.js:196
[  194774ms] [LOG] [Fast Refresh] done in 16ms @ webpack-internal:///(app-pages-browser)/./node_modules/next/dist/client/dev/report-hmr-latency.js:13
[  195152ms] [LOG] [Fast Refresh] rebuilding @ webpack-internal:///(app-pages-browser)/./node_modules/next/dist/client/dev/hot-reloader/app/hot-reloader-app.js:196
[  195168ms] [LOG] [Fast Refresh] done in 16ms @ webpack-internal:///(app-pages-browser)/./node_modules/next/dist/client/dev/report-hmr-latency.js:13
[  195279ms] [LOG] [Fast Refresh] rebuilding @ webpack-internal:///(app-pages-browser)/./node_modules/next/dist/client/dev/hot-reloader/app/hot-reloader-app.js:196
[  195315ms] [LOG] [Fast Refresh] done in 37ms @ webpack-internal:///(app-pages-browser)/./node_modules/next/dist/client/dev/report-hmr-latency.js:13
[  195416ms] [LOG] [Fast Refresh] rebuilding @ webpack-internal:///(app-pages-browser)/./node_modules/next/dist/client/dev/hot-reloader/app/hot-reloader-app.js:196
[  195443ms] [LOG] [Fast Refresh] done in 26ms @ webpack-internal:///(app-pages-browser)/./node_modules/next/dist/client/dev/report-hmr-latency.js:13
[  195530ms] [LOG] [Fast Refresh] rebuilding @ webpack-internal:///(app-pages-browser)/./node_modules/next/dist/client/dev/hot-reloader/app/hot-reloader-app.js:196
[  195559ms] [LOG] [Fast Refresh] done in 29ms @ webpack-internal:///(app-pages-browser)/./node_modules/next/dist/client/dev/report-hmr-latency.js:13
[  195662ms] [LOG] [Fast Refresh] rebuilding @ webpack-internal:///(app-pages-browser)/./node_modules/next/dist/client/dev/hot-reloader/app/hot-reloader-app.js:196
[  195699ms] [LOG] [Fast Refresh] done in 38ms @ webpack-internal:///(app-pages-browser)/./node_modules/next/dist/client/dev/report-hmr-latency.js:13
[  195812ms] [LOG] [Fast Refresh] rebuilding @ webpack-internal:///(app-pages-browser)/./node_modules/next/dist/client/dev/hot-reloader/app/hot-reloader-app.js:196
[  195826ms] [LOG] [Fast Refresh] done in 13ms @ webpack-internal:///(app-pages-browser)/./node_modules/next/dist/client/dev/report-hmr-latency.js:13
[  196024ms] [LOG] [Fast Refresh] rebuilding @ webpack-internal:///(app-pages-browser)/./node_modules/next/dist/client/dev/hot-reloader/app/hot-reloader-app.js:196
[  196089ms] [LOG] [Fast Refresh] done in 65ms @ webpack-internal:///(app-pages-browser)/./node_modules/next/dist/client/dev/report-hmr-latency.js:13
[  196219ms] [LOG] [Fast Refresh] rebuilding @ webpack-internal:///(app-pages-browser)/./node_modules/next/dist/client/dev/hot-reloader/app/hot-reloader-app.js:196
[  196236ms] [LOG] [Fast Refresh] done in 16ms @ webpack-internal:///(app-pages-browser)/./node_modules/next/dist/client/dev/report-hmr-latency.js:13
[  196371ms] [LOG] [Fast Refresh] rebuilding @ webpack-internal:///(app-pages-browser)/./node_modules/next/dist/client/dev/hot-reloader/app/hot-reloader-app.js:196
[  196381ms] [LOG] [Fast Refresh] done in 10ms @ webpack-internal:///(app-pages-browser)/./node_modules/next/dist/client/dev/report-hmr-latency.js:13
[  196499ms] [LOG] [Fast Refresh] rebuilding @ webpack-internal:///(app-pages-browser)/./node_modules/next/dist/client/dev/hot-reloader/app/hot-reloader-app.js:196
[  196512ms] [LOG] [Fast Refresh] done in 14ms @ webpack-internal:///(app-pages-browser)/./node_modules/next/dist/client/dev/report-hmr-latency.js:13
[  196628ms] [LOG] [Fast Refresh] rebuilding @ webpack-internal:///(app-pages-browser)/./node_modules/next/dist/client/dev/hot-reloader/app/hot-reloader-app.js:196
[  196642ms] [LOG] [Fast Refresh] done in 14ms @ webpack-internal:///(app-pages-browser)/./node_modules/next/dist/client/dev/report-hmr-latency.js:13
[  196767ms] [LOG] [Fast Refresh] rebuilding @ webpack-internal:///(app-pages-browser)/./node_modules/next/dist/client/dev/hot-reloader/app/hot-reloader-app.js:196
[  196778ms] [LOG] [Fast Refresh] done in 11ms @ webpack-internal:///(app-pages-browser)/./node_modules/next/dist/client/dev/report-hmr-latency.js:13
[  196925ms] [LOG] [Fast Refresh] rebuilding @ webpack-internal:///(app-pages-browser)/./node_modules/next/dist/client/dev/hot-reloader/app/hot-reloader-app.js:196
[  196948ms] [LOG] [Fast Refresh] done in 22ms @ webpack-internal:///(app-pages-browser)/./node_modules/next/dist/client/dev/report-hmr-latency.js:13
[  197123ms] [LOG] [Fast Refresh] rebuilding @ webpack-internal:///(app-pages-browser)/./node_modules/next/dist/client/dev/hot-reloader/app/hot-reloader-app.js:196
[  197139ms] [LOG] [Fast Refresh] done in 16ms @ webpack-internal:///(app-pages-browser)/./node_modules/next/dist/client/dev/report-hmr-latency.js:13
[  197240ms] [LOG] [Fast Refresh] rebuilding @ webpack-internal:///(app-pages-browser)/./node_modules/next/dist/client/dev/hot-reloader/app/hot-reloader-app.js:196
[  197270ms] [LOG] [Fast Refresh] done in 30ms @ webpack-internal:///(app-pages-browser)/./node_modules/next/dist/client/dev/report-hmr-latency.js:13
[  197350ms] [LOG] [Fast Refresh] rebuilding @ webpack-internal:///(app-pages-browser)/./node_modules/next/dist/client/dev/hot-reloader/app/hot-reloader-app.js:196
[  197379ms] [LOG] [Fast Refresh] done in 28ms @ webpack-internal:///(app-pages-browser)/./node_modules/next/dist/client/dev/report-hmr-latency.js:13
[  197477ms] [LOG] [Fast Refresh] rebuilding @ webpack-internal:///(app-pages-browser)/./node_modules/next/dist/client/dev/hot-reloader/app/hot-reloader-app.js:196
[  197510ms] [LOG] [Fast Refresh] done in 33ms @ webpack-internal:///(app-pages-browser)/./node_modules/next/dist/client/dev/report-hmr-latency.js:13
[  197609ms] [LOG] [Fast Refresh] rebuilding @ webpack-internal:///(app-pages-browser)/./node_modules/next/dist/client/dev/hot-reloader/app/hot-reloader-app.js:196
[  197648ms] [LOG] [Fast Refresh] done in 38ms @ webpack-internal:///(app-pages-browser)/./node_modules/next/dist/client/dev/report-hmr-latency.js:13
[  197793ms] [LOG] [Fast Refresh] rebuilding @ webpack-internal:///(app-pages-browser)/./node_modules/next/dist/client/dev/hot-reloader/app/hot-reloader-app.js:196
[  197850ms] [LOG] [Fast Refresh] done in 58ms @ webpack-internal:///(app-pages-browser)/./node_modules/next/dist/client/dev/report-hmr-latency.js:13
[  198109ms] [LOG] [Fast Refresh] rebuilding @ webpack-internal:///(app-pages-browser)/./node_modules/next/dist/client/dev/hot-reloader/app/hot-reloader-app.js:196
[  198144ms] [LOG] [Fast Refresh] done in 34ms @ webpack-internal:///(app-pages-browser)/./node_modules/next/dist/client/dev/report-hmr-latency.js:13
[  198272ms] [LOG] [Fast Refresh] rebuilding @ webpack-internal:///(app-pages-browser)/./node_modules/next/dist/client/dev/hot-reloader/app/hot-reloader-app.js:196
[  198284ms] [LOG] [Fast Refresh] done in 11ms @ webpack-internal:///(app-pages-browser)/./node_modules/next/dist/client/dev/report-hmr-latency.js:13
[  199147ms] [LOG] [Fast Refresh] rebuilding @ webpack-internal:///(app-pages-browser)/./node_modules/next/dist/client/dev/hot-reloader/app/hot-reloader-app.js:196
[  199240ms] [LOG] [Fast Refresh] done in 93ms @ webpack-internal:///(app-pages-browser)/./node_modules/next/dist/client/dev/report-hmr-latency.js:13
[  199766ms] [LOG] [Fast Refresh] rebuilding @ webpack-internal:///(app-pages-browser)/./node_modules/next/dist/client/dev/hot-reloader/app/hot-reloader-app.js:196
[  199783ms] [LOG] [Fast Refresh] done in 17ms @ webpack-internal:///(app-pages-browser)/./node_modules/next/dist/client/dev/report-hmr-latency.js:13
[  199948ms] [LOG] [Fast Refresh] rebuilding @ webpack-internal:///(app-pages-browser)/./node_modules/next/dist/client/dev/hot-reloader/app/hot-reloader-app.js:196
[  199968ms] [LOG] [Fast Refresh] done in 21ms @ webpack-internal:///(app-pages-browser)/./node_modules/next/dist/client/dev/report-hmr-latency.js:13
[  200050ms] [ERROR] Failed to load resource: the server responded with a status of 500 (Internal Server Error) @ http://localhost:3000/product/dp-002?_rsc=9re8fPIDhkOq5UU3:0
[  200274ms] [LOG] [Fast Refresh] rebuilding @ webpack-internal:///(app-pages-browser)/./node_modules/next/dist/client/dev/hot-reloader/app/hot-reloader-app.js:196
[  200359ms] [LOG] [Fast Refresh] done in 85ms @ webpack-internal:///(app-pages-browser)/./node_modules/next/dist/client/dev/report-hmr-latency.js:13
[  200624ms] [LOG] [Fast Refresh] rebuilding @ webpack-internal:///(app-pages-browser)/./node_modules/next/dist/client/dev/hot-reloader/app/hot-reloader-app.js:196
[  200646ms] [LOG] [Fast Refresh] done in 22ms @ webpack-internal:///(app-pages-browser)/./node_modules/next/dist/client/dev/report-hmr-latency.js:13
[  200922ms] [LOG] [Fast Refresh] rebuilding @ webpack-internal:///(app-pages-browser)/./node_modules/next/dist/client/dev/hot-reloader/app/hot-reloader-app.js:196
[  201001ms] [LOG] [Fast Refresh] done in 79ms @ webpack-internal:///(app-pages-browser)/./node_modules/next/dist/client/dev/report-hmr-latency.js:13
[  201190ms] [LOG] [Fast Refresh] rebuilding @ webpack-internal:///(app-pages-browser)/./node_modules/next/dist/client/dev/hot-reloader/app/hot-reloader-app.js:196
[  201208ms] [LOG] [Fast Refresh] done in 18ms @ webpack-internal:///(app-pages-browser)/./node_modules/next/dist/client/dev/report-hmr-latency.js:13
[  201375ms] [LOG] [Fast Refresh] rebuilding @ webpack-internal:///(app-pages-browser)/./node_modules/next/dist/client/dev/hot-reloader/app/hot-reloader-app.js:196
[  201427ms] [LOG] [Fast Refresh] done in 52ms @ webpack-internal:///(app-pages-browser)/./node_modules/next/dist/client/dev/report-hmr-latency.js:13
[  201584ms] [LOG] [Fast Refresh] rebuilding @ webpack-internal:///(app-pages-browser)/./node_modules/next/dist/client/dev/hot-reloader/app/hot-reloader-app.js:196
[  201607ms] [LOG] [Fast Refresh] done in 23ms @ webpack-internal:///(app-pages-browser)/./node_modules/next/dist/client/dev/report-hmr-latency.js:13
[  201717ms] [LOG] [Fast Refresh] rebuilding @ webpack-internal:///(app-pages-browser)/./node_modules/next/dist/client/dev/hot-reloader/app/hot-reloader-app.js:196
[  201731ms] [LOG] [Fast Refresh] done in 14ms @ webpack-internal:///(app-pages-browser)/./node_modules/next/dist/client/dev/report-hmr-latency.js:13
[  201846ms] [LOG] [Fast Refresh] rebuilding @ webpack-internal:///(app-pages-browser)/./node_modules/next/dist/client/dev/hot-reloader/app/hot-reloader-app.js:196
[  201858ms] [LOG] [Fast Refresh] done in 12ms @ webpack-internal:///(app-pages-browser)/./node_modules/next/dist/client/dev/report-hmr-latency.js:13
[  201969ms] [LOG] [Fast Refresh] rebuilding @ webpack-internal:///(app-pages-browser)/./node_modules/next/dist/client/dev/hot-reloader/app/hot-reloader-app.js:196
[  201979ms] [LOG] [Fast Refresh] done in 9ms @ webpack-internal:///(app-pages-browser)/./node_modules/next/dist/client/dev/report-hmr-latency.js:13
[  202092ms] [LOG] [Fast Refresh] rebuilding @ webpack-internal:///(app-pages-browser)/./node_modules/next/dist/client/dev/hot-reloader/app/hot-reloader-app.js:196
[  202111ms] [LOG] [Fast Refresh] done in 18ms @ webpack-internal:///(app-pages-browser)/./node_modules/next/dist/client/dev/report-hmr-latency.js:13
[  202318ms] [LOG] [Fast Refresh] rebuilding @ webpack-internal:///(app-pages-browser)/./node_modules/next/dist/client/dev/hot-reloader/app/hot-reloader-app.js:196
[  202359ms] [LOG] [Fast Refresh] done in 40ms @ webpack-internal:///(app-pages-browser)/./node_modules/next/dist/client/dev/report-hmr-latency.js:13
[  202546ms] [LOG] [Fast Refresh] rebuilding @ webpack-internal:///(app-pages-browser)/./node_modules/next/dist/client/dev/hot-reloader/app/hot-reloader-app.js:196
[  202613ms] [LOG] [Fast Refresh] done in 68ms @ webpack-internal:///(app-pages-browser)/./node_modules/next/dist/client/dev/report-hmr-latency.js:13
[  202723ms] [LOG] [Fast Refresh] rebuilding @ webpack-internal:///(app-pages-browser)/./node_modules/next/dist/client/dev/hot-reloader/app/hot-reloader-app.js:196
[  202750ms] [LOG] [Fast Refresh] done in 27ms @ webpack-internal:///(app-pages-browser)/./node_modules/next/dist/client/dev/report-hmr-latency.js:13
[  202831ms] [LOG] [Fast Refresh] rebuilding @ webpack-internal:///(app-pages-browser)/./node_modules/next/dist/client/dev/hot-reloader/app/hot-reloader-app.js:196
[  202841ms] [LOG] [Fast Refresh] done in 11ms @ webpack-internal:///(app-pages-browser)/./node_modules/next/dist/client/dev/report-hmr-latency.js:13
[  202956ms] [LOG] [Fast Refresh] rebuilding @ webpack-internal:///(app-pages-browser)/./node_modules/next/dist/client/dev/hot-reloader/app/hot-reloader-app.js:196
[  202971ms] [LOG] [Fast Refresh] done in 16ms @ webpack-internal:///(app-pages-browser)/./node_modules/next/dist/client/dev/report-hmr-latency.js:13
[  203093ms] [LOG] [Fast Refresh] rebuilding @ webpack-internal:///(app-pages-browser)/./node_modules/next/dist/client/dev/hot-reloader/app/hot-reloader-app.js:196
[  203149ms] [LOG] [Fast Refresh] done in 56ms @ webpack-internal:///(app-pages-browser)/./node_modules/next/dist/client/dev/report-hmr-latency.js:13
[  203617ms] [LOG] [Fast Refresh] rebuilding @ webpack-internal:///(app-pages-browser)/./node_modules/next/dist/client/dev/hot-reloader/app/hot-reloader-app.js:196
[  203634ms] [LOG] [Fast Refresh] done in 18ms @ webpack-internal:///(app-pages-browser)/./node_modules/next/dist/client/dev/report-hmr-latency.js:13
[  203932ms] [LOG] [Fast Refresh] rebuilding @ webpack-internal:///(app-pages-browser)/./node_modules/next/dist/client/dev/hot-reloader/app/hot-reloader-app.js:196
[  203986ms] [LOG] [Fast Refresh] done in 55ms @ webpack-internal:///(app-pages-browser)/./node_modules/next/dist/client/dev/report-hmr-latency.js:13
[  204500ms] [LOG] [Fast Refresh] rebuilding @ webpack-internal:///(app-pages-browser)/./node_modules/next/dist/client/dev/hot-reloader/app/hot-reloader-app.js:196
[  204657ms] [LOG] [Fast Refresh] done in 157ms @ webpack-internal:///(app-pages-browser)/./node_modules/next/dist/client/dev/report-hmr-latency.js:13
[  205172ms] [LOG] [Fast Refresh] rebuilding @ webpack-internal:///(app-pages-browser)/./node_modules/next/dist/client/dev/hot-reloader/app/hot-reloader-app.js:196
[  205356ms] [LOG] [Fast Refresh] done in 184ms @ webpack-internal:///(app-pages-browser)/./node_modules/next/dist/client/dev/report-hmr-latency.js:13
[  206832ms] [LOG] [Fast Refresh] rebuilding @ webpack-internal:///(app-pages-browser)/./node_modules/next/dist/client/dev/hot-reloader/app/hot-reloader-app.js:196
[  206937ms] [LOG] [Fast Refresh] done in 105ms @ webpack-internal:///(app-pages-browser)/./node_modules/next/dist/client/dev/report-hmr-latency.js:13
[  207236ms] [LOG] [Fast Refresh] rebuilding @ webpack-internal:///(app-pages-browser)/./node_modules/next/dist/client/dev/hot-reloader/app/hot-reloader-app.js:196
[  207281ms] [LOG] [Fast Refresh] done in 44ms @ webpack-internal:///(app-pages-browser)/./node_modules/next/dist/client/dev/report-hmr-latency.js:13
[  207557ms] [LOG] [Fast Refresh] rebuilding @ webpack-internal:///(app-pages-browser)/./node_modules/next/dist/client/dev/hot-reloader/app/hot-reloader-app.js:196
[  207593ms] [LOG] [Fast Refresh] done in 37ms @ webpack-internal:///(app-pages-browser)/./node_modules/next/dist/client/dev/report-hmr-latency.js:13
[  207857ms] [LOG] [Fast Refresh] rebuilding @ webpack-internal:///(app-pages-browser)/./node_modules/next/dist/client/dev/hot-reloader/app/hot-reloader-app.js:196
[  208369ms] [LOG] [Fast Refresh] done in 513ms @ webpack-internal:///(app-pages-browser)/./node_modules/next/dist/client/dev/report-hmr-latency.js:13
[  208606ms] [LOG] [Fast Refresh] rebuilding @ webpack-internal:///(app-pages-browser)/./node_modules/next/dist/client/dev/hot-reloader/app/hot-reloader-app.js:196
[  208738ms] [LOG] [Fast Refresh] done in 131ms @ webpack-internal:///(app-pages-browser)/./node_modules/next/dist/client/dev/report-hmr-latency.js:13
[  209373ms] [LOG] [Fast Refresh] rebuilding @ webpack-internal:///(app-pages-browser)/./node_modules/next/dist/client/dev/hot-reloader/app/hot-reloader-app.js:196
[  209416ms] [LOG] [Fast Refresh] done in 43ms @ webpack-internal:///(app-pages-browser)/./node_modules/next/dist/client/dev/report-hmr-latency.js:13
[  209971ms] [LOG] [Fast Refresh] rebuilding @ webpack-internal:///(app-pages-browser)/./node_modules/next/dist/client/dev/hot-reloader/app/hot-reloader-app.js:196
[  209999ms] [LOG] [Fast Refresh] done in 29ms @ webpack-internal:///(app-pages-browser)/./node_modules/next/dist/client/dev/report-hmr-latency.js:13
[  210452ms] [LOG] [Fast Refresh] rebuilding @ webpack-internal:///(app-pages-browser)/./node_modules/next/dist/client/dev/hot-reloader/app/hot-reloader-app.js:196
[  210494ms] [LOG] [Fast Refresh] done in 42ms @ webpack-internal:///(app-pages-browser)/./node_modules/next/dist/client/dev/report-hmr-latency.js:13
[  212201ms] [LOG] [Fast Refresh] rebuilding @ webpack-internal:///(app-pages-browser)/./node_modules/next/dist/client/dev/hot-reloader/app/hot-reloader-app.js:196
[  212297ms] [LOG] [Fast Refresh] done in 96ms @ webpack-internal:///(app-pages-browser)/./node_modules/next/dist/client/dev/report-hmr-latency.js:13
[  212657ms] [LOG] [Fast Refresh] rebuilding @ webpack-internal:///(app-pages-browser)/./node_modules/next/dist/client/dev/hot-reloader/app/hot-reloader-app.js:196
[  212733ms] [LOG] [Fast Refresh] done in 75ms @ webpack-internal:///(app-pages-browser)/./node_modules/next/dist/client/dev/report-hmr-latency.js:13
[  213455ms] [LOG] [Fast Refresh] rebuilding @ webpack-internal:///(app-pages-browser)/./node_modules/next/dist/client/dev/hot-reloader/app/hot-reloader-app.js:196
[  214043ms] [ERROR] Failed to load resource: the server responded with a status of 404 (Not Found) @ http://localhost:3000/_next/static/webpack/01185238b3df4bd2.webpack.hot-update.json:0
[  214467ms] [LOG] [Fast Refresh] rebuilding @ webpack-internal:///(app-pages-browser)/./node_modules/next/dist/client/dev/hot-reloader/app/hot-reloader-app.js:196
[  214589ms] [ERROR] Failed to load resource: the server responded with a status of 404 (Not Found) @ http://localhost:3000/_next/static/webpack/01185238b3df4bd2.webpack.hot-update.json:0
[  215978ms] [LOG] [Fast Refresh] rebuilding @ webpack-internal:///(app-pages-browser)/./node_modules/next/dist/client/dev/hot-reloader/app/hot-reloader-app.js:196
[  216076ms] [ERROR] Failed to load resource: the server responded with a status of 404 (Not Found) @ http://localhost:3000/_next/static/webpack/01185238b3df4bd2.webpack.hot-update.json:0
[  216676ms] [ERROR] Failed to load resource: the server responded with a status of 500 (Internal Server Error) @ http://localhost:3000/product/dp-002?_rsc=9re8fPIDhkOq5UU3:0
[  216733ms] [WARNING] [Fast Refresh] performing full reload

Fast Refresh will perform a full reload when you edit a file that's imported by modules outside of the React rendering tree.
You might have a file which exports a React component but also exports a value that is imported by a non-React component file.
Consider migrating the non-React component export to a separate file and importing it into both files.

It is also possible the parent component of the component you edited is a class component, which disables Fast Refresh.
Fast Refresh requires at least one parent function component in your React tree. @ webpack-internal:///(app-pages-browser)/./node_modules/next/dist/client/dev/hot-reloader/app/hot-reloader-app.js:111
[  216773ms] [ERROR] Failed to load resource: the server responded with a status of 500 (Internal Server Error) @ http://localhost:3000/product/dp-002:0
