[    1617ms] [INFO] %cDownload the React DevTools for a better development experience: https://react.dev/link/react-devtools font-weight:bold @ webpack-internal:///(app-pages-browser)/./node_modules/next/dist/compiled/react-dom/cjs/react-dom-client.development.js:25630
[    2391ms] [LOG] [Fast Refresh] rebuilding @ webpack-internal:///(app-pages-browser)/./node_modules/next/dist/client/dev/hot-reloader/app/hot-reloader-app.js:196
[    2427ms] [LOG] [Fast Refresh] done in 36ms @ webpack-internal:///(app-pages-browser)/./node_modules/next/dist/client/dev/report-hmr-latency.js:13
[    2568ms] [LOG] [Fast Refresh] rebuilding @ webpack-internal:///(app-pages-browser)/./node_modules/next/dist/client/dev/hot-reloader/app/hot-reloader-app.js:196
[    2604ms] [LOG] [Fast Refresh] done in 36ms @ webpack-internal:///(app-pages-browser)/./node_modules/next/dist/client/dev/report-hmr-latency.js:13
[    2685ms] [LOG] [Fast Refresh] rebuilding @ webpack-internal:///(app-pages-browser)/./node_modules/next/dist/client/dev/hot-reloader/app/hot-reloader-app.js:196
[    2723ms] [LOG] [Fast Refresh] done in 38ms @ webpack-internal:///(app-pages-browser)/./node_modules/next/dist/client/dev/report-hmr-latency.js:13
[    2823ms] [LOG] [Fast Refresh] rebuilding @ webpack-internal:///(app-pages-browser)/./node_modules/next/dist/client/dev/hot-reloader/app/hot-reloader-app.js:196
[    2856ms] [LOG] [Fast Refresh] done in 34ms @ webpack-internal:///(app-pages-browser)/./node_modules/next/dist/client/dev/report-hmr-latency.js:13
[    2948ms] [LOG] [Fast Refresh] rebuilding @ webpack-internal:///(app-pages-browser)/./node_modules/next/dist/client/dev/hot-reloader/app/hot-reloader-app.js:196
[    2971ms] [LOG] [Fast Refresh] done in 22ms @ webpack-internal:///(app-pages-browser)/./node_modules/next/dist/client/dev/report-hmr-latency.js:13
[    3080ms] [LOG] [Fast Refresh] rebuilding @ webpack-internal:///(app-pages-browser)/./node_modules/next/dist/client/dev/hot-reloader/app/hot-reloader-app.js:196
[    3098ms] [LOG] [Fast Refresh] done in 18ms @ webpack-internal:///(app-pages-browser)/./node_modules/next/dist/client/dev/report-hmr-latency.js:13
[    3254ms] [LOG] [Fast Refresh] rebuilding @ webpack-internal:///(app-pages-browser)/./node_modules/next/dist/client/dev/hot-reloader/app/hot-reloader-app.js:196
[    3279ms] [LOG] [Fast Refresh] done in 26ms @ webpack-internal:///(app-pages-browser)/./node_modules/next/dist/client/dev/report-hmr-latency.js:13
[    3381ms] [LOG] [Fast Refresh] rebuilding @ webpack-internal:///(app-pages-browser)/./node_modules/next/dist/client/dev/hot-reloader/app/hot-reloader-app.js:196
[    3400ms] [LOG] [Fast Refresh] done in 18ms @ webpack-internal:///(app-pages-browser)/./node_modules/next/dist/client/dev/report-hmr-latency.js:13
[    3503ms] [LOG] [Fast Refresh] rebuilding @ webpack-internal:///(app-pages-browser)/./node_modules/next/dist/client/dev/hot-reloader/app/hot-reloader-app.js:196
[    3520ms] [LOG] [Fast Refresh] done in 17ms @ webpack-internal:///(app-pages-browser)/./node_modules/next/dist/client/dev/report-hmr-latency.js:13
[    3637ms] [LOG] [Fast Refresh] rebuilding @ webpack-internal:///(app-pages-browser)/./node_modules/next/dist/client/dev/hot-reloader/app/hot-reloader-app.js:196
[    3653ms] [LOG] [Fast Refresh] done in 16ms @ webpack-internal:///(app-pages-browser)/./node_modules/next/dist/client/dev/report-hmr-latency.js:13
[    3820ms] [LOG] [Fast Refresh] rebuilding @ webpack-internal:///(app-pages-browser)/./node_modules/next/dist/client/dev/hot-reloader/app/hot-reloader-app.js:196
[    3843ms] [LOG] [Fast Refresh] done in 22ms @ webpack-internal:///(app-pages-browser)/./node_modules/next/dist/client/dev/report-hmr-latency.js:13
[    3991ms] [LOG] [Fast Refresh] rebuilding @ webpack-internal:///(app-pages-browser)/./node_modules/next/dist/client/dev/hot-reloader/app/hot-reloader-app.js:196
[    4003ms] [LOG] [Fast Refresh] done in 13ms @ webpack-internal:///(app-pages-browser)/./node_modules/next/dist/client/dev/report-hmr-latency.js:13
[    4578ms] [LOG] [Fast Refresh] rebuilding @ webpack-internal:///(app-pages-browser)/./node_modules/next/dist/client/dev/hot-reloader/app/hot-reloader-app.js:196
[    4711ms] [LOG] [Fast Refresh] done in 132ms @ webpack-internal:///(app-pages-browser)/./node_modules/next/dist/client/dev/report-hmr-latency.js:13
[   14365ms] [LOG] [Fast Refresh] rebuilding @ webpack-internal:///(app-pages-browser)/./node_modules/next/dist/client/dev/hot-reloader/app/hot-reloader-app.js:196
[   14433ms] [LOG] [Fast Refresh] done in 67ms @ webpack-internal:///(app-pages-browser)/./node_modules/next/dist/client/dev/report-hmr-latency.js:13
[   15512ms] [ERROR] Failed to load resource: the server responded with a status of 500 (Internal Server Error) @ http://localhost:3000/product/dp-002?_rsc=9re8fPIDhkOq5UU3:0
[   15670ms] [LOG] [Fast Refresh] rebuilding @ webpack-internal:///(app-pages-browser)/./node_modules/next/dist/client/dev/hot-reloader/app/hot-reloader-app.js:196
[   16135ms] [LOG] [Fast Refresh] done in 466ms @ webpack-internal:///(app-pages-browser)/./node_modules/next/dist/client/dev/report-hmr-latency.js:13
[   16552ms] [LOG] [Fast Refresh] rebuilding @ webpack-internal:///(app-pages-browser)/./node_modules/next/dist/client/dev/hot-reloader/app/hot-reloader-app.js:196
[   16621ms] [LOG] [Fast Refresh] done in 69ms @ webpack-internal:///(app-pages-browser)/./node_modules/next/dist/client/dev/report-hmr-latency.js:13
[   16935ms] [LOG] [Fast Refresh] rebuilding @ webpack-internal:///(app-pages-browser)/./node_modules/next/dist/client/dev/hot-reloader/app/hot-reloader-app.js:196
[   16998ms] [LOG] [Fast Refresh] done in 62ms @ webpack-internal:///(app-pages-browser)/./node_modules/next/dist/client/dev/report-hmr-latency.js:13
[   17245ms] [LOG] [Fast Refresh] rebuilding @ webpack-internal:///(app-pages-browser)/./node_modules/next/dist/client/dev/hot-reloader/app/hot-reloader-app.js:196
[   17273ms] [LOG] [Fast Refresh] done in 27ms @ webpack-internal:///(app-pages-browser)/./node_modules/next/dist/client/dev/report-hmr-latency.js:13
[   17599ms] [LOG] [Fast Refresh] rebuilding @ webpack-internal:///(app-pages-browser)/./node_modules/next/dist/client/dev/hot-reloader/app/hot-reloader-app.js:196
[   17753ms] [LOG] [Fast Refresh] done in 153ms @ webpack-internal:///(app-pages-browser)/./node_modules/next/dist/client/dev/report-hmr-latency.js:13
[   18032ms] [LOG] [Fast Refresh] rebuilding @ webpack-internal:///(app-pages-browser)/./node_modules/next/dist/client/dev/hot-reloader/app/hot-reloader-app.js:196
[   18059ms] [LOG] [Fast Refresh] done in 26ms @ webpack-internal:///(app-pages-browser)/./node_modules/next/dist/client/dev/report-hmr-latency.js:13
[   18303ms] [LOG] [Fast Refresh] rebuilding @ webpack-internal:///(app-pages-browser)/./node_modules/next/dist/client/dev/hot-reloader/app/hot-reloader-app.js:196
[   18326ms] [LOG] [Fast Refresh] done in 24ms @ webpack-internal:///(app-pages-browser)/./node_modules/next/dist/client/dev/report-hmr-latency.js:13
[   18518ms] [LOG] [Fast Refresh] rebuilding @ webpack-internal:///(app-pages-browser)/./node_modules/next/dist/client/dev/hot-reloader/app/hot-reloader-app.js:196
[   18548ms] [LOG] [Fast Refresh] done in 30ms @ webpack-internal:///(app-pages-browser)/./node_modules/next/dist/client/dev/report-hmr-latency.js:13
[   18951ms] [LOG] [Fast Refresh] rebuilding @ webpack-internal:///(app-pages-browser)/./node_modules/next/dist/client/dev/hot-reloader/app/hot-reloader-app.js:196
[   18991ms] [LOG] [Fast Refresh] done in 41ms @ webpack-internal:///(app-pages-browser)/./node_modules/next/dist/client/dev/report-hmr-latency.js:13
[   19217ms] [LOG] [Fast Refresh] rebuilding @ webpack-internal:///(app-pages-browser)/./node_modules/next/dist/client/dev/hot-reloader/app/hot-reloader-app.js:196
[   19272ms] [LOG] [Fast Refresh] done in 55ms @ webpack-internal:///(app-pages-browser)/./node_modules/next/dist/client/dev/report-hmr-latency.js:13
[   19581ms] [LOG] [Fast Refresh] rebuilding @ webpack-internal:///(app-pages-browser)/./node_modules/next/dist/client/dev/hot-reloader/app/hot-reloader-app.js:196
[   19607ms] [LOG] [Fast Refresh] done in 25ms @ webpack-internal:///(app-pages-browser)/./node_modules/next/dist/client/dev/report-hmr-latency.js:13
[   19808ms] [LOG] [Fast Refresh] rebuilding @ webpack-internal:///(app-pages-browser)/./node_modules/next/dist/client/dev/hot-reloader/app/hot-reloader-app.js:196
[   19842ms] [LOG] [Fast Refresh] done in 33ms @ webpack-internal:///(app-pages-browser)/./node_modules/next/dist/client/dev/report-hmr-latency.js:13
[   20041ms] [LOG] [Fast Refresh] rebuilding @ webpack-internal:///(app-pages-browser)/./node_modules/next/dist/client/dev/hot-reloader/app/hot-reloader-app.js:196
[   20063ms] [LOG] [Fast Refresh] done in 22ms @ webpack-internal:///(app-pages-browser)/./node_modules/next/dist/client/dev/report-hmr-latency.js:13
[   20354ms] [LOG] [Fast Refresh] rebuilding @ webpack-internal:///(app-pages-browser)/./node_modules/next/dist/client/dev/hot-reloader/app/hot-reloader-app.js:196
[   20408ms] [LOG] [Fast Refresh] done in 54ms @ webpack-internal:///(app-pages-browser)/./node_modules/next/dist/client/dev/report-hmr-latency.js:13
[   20772ms] [LOG] [Fast Refresh] rebuilding @ webpack-internal:///(app-pages-browser)/./node_modules/next/dist/client/dev/hot-reloader/app/hot-reloader-app.js:196
[   20806ms] [LOG] [Fast Refresh] done in 34ms @ webpack-internal:///(app-pages-browser)/./node_modules/next/dist/client/dev/report-hmr-latency.js:13
[   21020ms] [LOG] [Fast Refresh] rebuilding @ webpack-internal:///(app-pages-browser)/./node_modules/next/dist/client/dev/hot-reloader/app/hot-reloader-app.js:196
[   21056ms] [LOG] [Fast Refresh] done in 36ms @ webpack-internal:///(app-pages-browser)/./node_modules/next/dist/client/dev/report-hmr-latency.js:13
[   21288ms] [LOG] [Fast Refresh] rebuilding @ webpack-internal:///(app-pages-browser)/./node_modules/next/dist/client/dev/hot-reloader/app/hot-reloader-app.js:196
[   21314ms] [LOG] [Fast Refresh] done in 25ms @ webpack-internal:///(app-pages-browser)/./node_modules/next/dist/client/dev/report-hmr-latency.js:13
[   21470ms] [LOG] [Fast Refresh] rebuilding @ webpack-internal:///(app-pages-browser)/./node_modules/next/dist/client/dev/hot-reloader/app/hot-reloader-app.js:196
[   21513ms] [LOG] [Fast Refresh] done in 43ms @ webpack-internal:///(app-pages-browser)/./node_modules/next/dist/client/dev/report-hmr-latency.js:13
[   21830ms] [LOG] [Fast Refresh] rebuilding @ webpack-internal:///(app-pages-browser)/./node_modules/next/dist/client/dev/hot-reloader/app/hot-reloader-app.js:196
[   21868ms] [LOG] [Fast Refresh] done in 39ms @ webpack-internal:///(app-pages-browser)/./node_modules/next/dist/client/dev/report-hmr-latency.js:13
[   22106ms] [LOG] [Fast Refresh] rebuilding @ webpack-internal:///(app-pages-browser)/./node_modules/next/dist/client/dev/hot-reloader/app/hot-reloader-app.js:196
[   22153ms] [LOG] [Fast Refresh] done in 46ms @ webpack-internal:///(app-pages-browser)/./node_modules/next/dist/client/dev/report-hmr-latency.js:13
[   22407ms] [LOG] [Fast Refresh] rebuilding @ webpack-internal:///(app-pages-browser)/./node_modules/next/dist/client/dev/hot-reloader/app/hot-reloader-app.js:196
[   22454ms] [LOG] [Fast Refresh] done in 46ms @ webpack-internal:///(app-pages-browser)/./node_modules/next/dist/client/dev/report-hmr-latency.js:13
[   24146ms] [LOG] [Fast Refresh] done in 1738ms @ webpack-internal:///(app-pages-browser)/./node_modules/next/dist/client/dev/report-hmr-latency.js:13
[   24197ms] [LOG] [Fast Refresh] rebuilding @ webpack-internal:///(app-pages-browser)/./node_modules/next/dist/client/dev/hot-reloader/app/hot-reloader-app.js:196
[   24474ms] [ERROR] Failed to load resource: the server responded with a status of 500 (Internal Server Error) @ http://localhost:3000/product/dp-002?_rsc=9re8fPIDhkOq5UU3:0
[   24935ms] [LOG] [Fast Refresh] rebuilding @ webpack-internal:///(app-pages-browser)/./node_modules/next/dist/client/dev/hot-reloader/app/hot-reloader-app.js:196
[   25314ms] [LOG] [Fast Refresh] done in 378ms @ webpack-internal:///(app-pages-browser)/./node_modules/next/dist/client/dev/report-hmr-latency.js:13
[   25804ms] [LOG] [Fast Refresh] rebuilding @ webpack-internal:///(app-pages-browser)/./node_modules/next/dist/client/dev/hot-reloader/app/hot-reloader-app.js:196
[   25900ms] [LOG] [Fast Refresh] done in 96ms @ webpack-internal:///(app-pages-browser)/./node_modules/next/dist/client/dev/report-hmr-latency.js:13
[   27486ms] [LOG] [Fast Refresh] rebuilding @ webpack-internal:///(app-pages-browser)/./node_modules/next/dist/client/dev/hot-reloader/app/hot-reloader-app.js:196
[   27838ms] [LOG] [Fast Refresh] done in 353ms @ webpack-internal:///(app-pages-browser)/./node_modules/next/dist/client/dev/report-hmr-latency.js:13
[   28604ms] [LOG] [Fast Refresh] rebuilding @ webpack-internal:///(app-pages-browser)/./node_modules/next/dist/client/dev/hot-reloader/app/hot-reloader-app.js:196
[   28790ms] [LOG] [Fast Refresh] done in 186ms @ webpack-internal:///(app-pages-browser)/./node_modules/next/dist/client/dev/report-hmr-latency.js:13
[   29550ms] [LOG] [Fast Refresh] rebuilding @ webpack-internal:///(app-pages-browser)/./node_modules/next/dist/client/dev/hot-reloader/app/hot-reloader-app.js:196
[   30362ms] [LOG] [Fast Refresh] done in 811ms @ webpack-internal:///(app-pages-browser)/./node_modules/next/dist/client/dev/report-hmr-latency.js:13
[   34226ms] [LOG] [Fast Refresh] rebuilding @ webpack-internal:///(app-pages-browser)/./node_modules/next/dist/client/dev/hot-reloader/app/hot-reloader-app.js:196
[   35611ms] [LOG] [Fast Refresh] done in 1384ms @ webpack-internal:///(app-pages-browser)/./node_modules/next/dist/client/dev/report-hmr-latency.js:13
[   36750ms] [LOG] [Fast Refresh] rebuilding @ webpack-internal:///(app-pages-browser)/./node_modules/next/dist/client/dev/hot-reloader/app/hot-reloader-app.js:196
[   36780ms] [LOG] [Fast Refresh] done in 30ms @ webpack-internal:///(app-pages-browser)/./node_modules/next/dist/client/dev/report-hmr-latency.js:13
[   37286ms] [LOG] [Fast Refresh] rebuilding @ webpack-internal:///(app-pages-browser)/./node_modules/next/dist/client/dev/hot-reloader/app/hot-reloader-app.js:196
[   37340ms] [LOG] [Fast Refresh] done in 53ms @ webpack-internal:///(app-pages-browser)/./node_modules/next/dist/client/dev/report-hmr-latency.js:13
[   37715ms] [LOG] [Fast Refresh] rebuilding @ webpack-internal:///(app-pages-browser)/./node_modules/next/dist/client/dev/hot-reloader/app/hot-reloader-app.js:196
[   37748ms] [LOG] [Fast Refresh] done in 32ms @ webpack-internal:///(app-pages-browser)/./node_modules/next/dist/client/dev/report-hmr-latency.js:13
[   38138ms] [LOG] [Fast Refresh] rebuilding @ webpack-internal:///(app-pages-browser)/./node_modules/next/dist/client/dev/hot-reloader/app/hot-reloader-app.js:196
[   38165ms] [LOG] [Fast Refresh] done in 27ms @ webpack-internal:///(app-pages-browser)/./node_modules/next/dist/client/dev/report-hmr-latency.js:13
[   38348ms] [LOG] [Fast Refresh] rebuilding @ webpack-internal:///(app-pages-browser)/./node_modules/next/dist/client/dev/hot-reloader/app/hot-reloader-app.js:196
[   38366ms] [LOG] [Fast Refresh] done in 17ms @ webpack-internal:///(app-pages-browser)/./node_modules/next/dist/client/dev/report-hmr-latency.js:13
[   38607ms] [LOG] [Fast Refresh] rebuilding @ webpack-internal:///(app-pages-browser)/./node_modules/next/dist/client/dev/hot-reloader/app/hot-reloader-app.js:196
[   38635ms] [LOG] [Fast Refresh] done in 29ms @ webpack-internal:///(app-pages-browser)/./node_modules/next/dist/client/dev/report-hmr-latency.js:13
[   38874ms] [LOG] [Fast Refresh] rebuilding @ webpack-internal:///(app-pages-browser)/./node_modules/next/dist/client/dev/hot-reloader/app/hot-reloader-app.js:196
[   38911ms] [LOG] [Fast Refresh] done in 36ms @ webpack-internal:///(app-pages-browser)/./node_modules/next/dist/client/dev/report-hmr-latency.js:13
[   39114ms] [LOG] [Fast Refresh] rebuilding @ webpack-internal:///(app-pages-browser)/./node_modules/next/dist/client/dev/hot-reloader/app/hot-reloader-app.js:196
[   39137ms] [LOG] [Fast Refresh] done in 23ms @ webpack-internal:///(app-pages-browser)/./node_modules/next/dist/client/dev/report-hmr-latency.js:13
[   39369ms] [LOG] [Fast Refresh] rebuilding @ webpack-internal:///(app-pages-browser)/./node_modules/next/dist/client/dev/hot-reloader/app/hot-reloader-app.js:196
[   39405ms] [LOG] [Fast Refresh] done in 35ms @ webpack-internal:///(app-pages-browser)/./node_modules/next/dist/client/dev/report-hmr-latency.js:13
[   39721ms] [LOG] [Fast Refresh] rebuilding @ webpack-internal:///(app-pages-browser)/./node_modules/next/dist/client/dev/hot-reloader/app/hot-reloader-app.js:196
[   39754ms] [LOG] [Fast Refresh] done in 32ms @ webpack-internal:///(app-pages-browser)/./node_modules/next/dist/client/dev/report-hmr-latency.js:13
[   39996ms] [LOG] [Fast Refresh] rebuilding @ webpack-internal:///(app-pages-browser)/./node_modules/next/dist/client/dev/hot-reloader/app/hot-reloader-app.js:196
[   40036ms] [LOG] [Fast Refresh] done in 40ms @ webpack-internal:///(app-pages-browser)/./node_modules/next/dist/client/dev/report-hmr-latency.js:13
[   40336ms] [LOG] [Fast Refresh] rebuilding @ webpack-internal:///(app-pages-browser)/./node_modules/next/dist/client/dev/hot-reloader/app/hot-reloader-app.js:196
[   40366ms] [LOG] [Fast Refresh] done in 30ms @ webpack-internal:///(app-pages-browser)/./node_modules/next/dist/client/dev/report-hmr-latency.js:13
[   40750ms] [LOG] [Fast Refresh] rebuilding @ webpack-internal:///(app-pages-browser)/./node_modules/next/dist/client/dev/hot-reloader/app/hot-reloader-app.js:196
[   40778ms] [LOG] [Fast Refresh] done in 27ms @ webpack-internal:///(app-pages-browser)/./node_modules/next/dist/client/dev/report-hmr-latency.js:13
[   41064ms] [LOG] [Fast Refresh] rebuilding @ webpack-internal:///(app-pages-browser)/./node_modules/next/dist/client/dev/hot-reloader/app/hot-reloader-app.js:196
[   41250ms] [LOG] [Fast Refresh] done in 186ms @ webpack-internal:///(app-pages-browser)/./node_modules/next/dist/client/dev/report-hmr-latency.js:13
[   42056ms] [LOG] [Fast Refresh] rebuilding @ webpack-internal:///(app-pages-browser)/./node_modules/next/dist/client/dev/hot-reloader/app/hot-reloader-app.js:196
[   42155ms] [LOG] [Fast Refresh] done in 98ms @ webpack-internal:///(app-pages-browser)/./node_modules/next/dist/client/dev/report-hmr-latency.js:13
[   42647ms] [LOG] [Fast Refresh] rebuilding @ webpack-internal:///(app-pages-browser)/./node_modules/next/dist/client/dev/hot-reloader/app/hot-reloader-app.js:196
[   42725ms] [LOG] [Fast Refresh] done in 78ms @ webpack-internal:///(app-pages-browser)/./node_modules/next/dist/client/dev/report-hmr-latency.js:13
[   43999ms] [LOG] [Fast Refresh] rebuilding @ webpack-internal:///(app-pages-browser)/./node_modules/next/dist/client/dev/hot-reloader/app/hot-reloader-app.js:196
[   44108ms] [LOG] [Fast Refresh] done in 109ms @ webpack-internal:///(app-pages-browser)/./node_modules/next/dist/client/dev/report-hmr-latency.js:13
[   44503ms] [LOG] [Fast Refresh] rebuilding @ webpack-internal:///(app-pages-browser)/./node_modules/next/dist/client/dev/hot-reloader/app/hot-reloader-app.js:196
[   44535ms] [LOG] [Fast Refresh] done in 31ms @ webpack-internal:///(app-pages-browser)/./node_modules/next/dist/client/dev/report-hmr-latency.js:13
[   44970ms] [LOG] [Fast Refresh] rebuilding @ webpack-internal:///(app-pages-browser)/./node_modules/next/dist/client/dev/hot-reloader/app/hot-reloader-app.js:196
[   45015ms] [LOG] [Fast Refresh] done in 46ms @ webpack-internal:///(app-pages-browser)/./node_modules/next/dist/client/dev/report-hmr-latency.js:13
[   45302ms] [LOG] [Fast Refresh] rebuilding @ webpack-internal:///(app-pages-browser)/./node_modules/next/dist/client/dev/hot-reloader/app/hot-reloader-app.js:196
[   45352ms] [LOG] [Fast Refresh] done in 51ms @ webpack-internal:///(app-pages-browser)/./node_modules/next/dist/client/dev/report-hmr-latency.js:13
[   45752ms] [LOG] [Fast Refresh] rebuilding @ webpack-internal:///(app-pages-browser)/./node_modules/next/dist/client/dev/hot-reloader/app/hot-reloader-app.js:196
[   45780ms] [LOG] [Fast Refresh] done in 27ms @ webpack-internal:///(app-pages-browser)/./node_modules/next/dist/client/dev/report-hmr-latency.js:13
[   46022ms] [LOG] [Fast Refresh] rebuilding @ webpack-internal:///(app-pages-browser)/./node_modules/next/dist/client/dev/hot-reloader/app/hot-reloader-app.js:196
[   46050ms] [LOG] [Fast Refresh] done in 27ms @ webpack-internal:///(app-pages-browser)/./node_modules/next/dist/client/dev/report-hmr-latency.js:13
[   46250ms] [LOG] [Fast Refresh] rebuilding @ webpack-internal:///(app-pages-browser)/./node_modules/next/dist/client/dev/hot-reloader/app/hot-reloader-app.js:196
[   46435ms] [LOG] [Fast Refresh] done in 185ms @ webpack-internal:///(app-pages-browser)/./node_modules/next/dist/client/dev/report-hmr-latency.js:13
[   47308ms] [LOG] [Fast Refresh] rebuilding @ webpack-internal:///(app-pages-browser)/./node_modules/next/dist/client/dev/hot-reloader/app/hot-reloader-app.js:196
[   47697ms] [LOG] [Fast Refresh] done in 389ms @ webpack-internal:///(app-pages-browser)/./node_modules/next/dist/client/dev/report-hmr-latency.js:13
[   48504ms] [LOG] [Fast Refresh] rebuilding @ webpack-internal:///(app-pages-browser)/./node_modules/next/dist/client/dev/hot-reloader/app/hot-reloader-app.js:196
[   48648ms] [LOG] [Fast Refresh] done in 145ms @ webpack-internal:///(app-pages-browser)/./node_modules/next/dist/client/dev/report-hmr-latency.js:13
[   50094ms] [LOG] [Fast Refresh] rebuilding @ webpack-internal:///(app-pages-browser)/./node_modules/next/dist/client/dev/hot-reloader/app/hot-reloader-app.js:196
[   50254ms] [LOG] [Fast Refresh] done in 160ms @ webpack-internal:///(app-pages-browser)/./node_modules/next/dist/client/dev/report-hmr-latency.js:13
[   53244ms] [LOG] [Fast Refresh] rebuilding @ webpack-internal:///(app-pages-browser)/./node_modules/next/dist/client/dev/hot-reloader/app/hot-reloader-app.js:196
[   53792ms] [LOG] [Fast Refresh] done in 549ms @ webpack-internal:///(app-pages-browser)/./node_modules/next/dist/client/dev/report-hmr-latency.js:13
[   53892ms] [LOG] [Fast Refresh] rebuilding @ webpack-internal:///(app-pages-browser)/./node_modules/next/dist/client/dev/hot-reloader/app/hot-reloader-app.js:196
[   54286ms] [LOG] [Fast Refresh] done in 395ms @ webpack-internal:///(app-pages-browser)/./node_modules/next/dist/client/dev/report-hmr-latency.js:13
[   54573ms] [LOG] [Fast Refresh] rebuilding @ webpack-internal:///(app-pages-browser)/./node_modules/next/dist/client/dev/hot-reloader/app/hot-reloader-app.js:196
[   54596ms] [LOG] [Fast Refresh] done in 23ms @ webpack-internal:///(app-pages-browser)/./node_modules/next/dist/client/dev/report-hmr-latency.js:13
[   54806ms] [LOG] [Fast Refresh] rebuilding @ webpack-internal:///(app-pages-browser)/./node_modules/next/dist/client/dev/hot-reloader/app/hot-reloader-app.js:196
[   54825ms] [LOG] [Fast Refresh] done in 18ms @ webpack-internal:///(app-pages-browser)/./node_modules/next/dist/client/dev/report-hmr-latency.js:13
[   55091ms] [LOG] [Fast Refresh] rebuilding @ webpack-internal:///(app-pages-browser)/./node_modules/next/dist/client/dev/hot-reloader/app/hot-reloader-app.js:196
[   55114ms] [LOG] [Fast Refresh] done in 22ms @ webpack-internal:///(app-pages-browser)/./node_modules/next/dist/client/dev/report-hmr-latency.js:13
[   55273ms] [LOG] [Fast Refresh] rebuilding @ webpack-internal:///(app-pages-browser)/./node_modules/next/dist/client/dev/hot-reloader/app/hot-reloader-app.js:196
[   55308ms] [LOG] [Fast Refresh] done in 34ms @ webpack-internal:///(app-pages-browser)/./node_modules/next/dist/client/dev/report-hmr-latency.js:13
[   55667ms] [LOG] [Fast Refresh] rebuilding @ webpack-internal:///(app-pages-browser)/./node_modules/next/dist/client/dev/hot-reloader/app/hot-reloader-app.js:196
[   55796ms] [LOG] [Fast Refresh] done in 128ms @ webpack-internal:///(app-pages-browser)/./node_modules/next/dist/client/dev/report-hmr-latency.js:13
[   56141ms] [LOG] [Fast Refresh] rebuilding @ webpack-internal:///(app-pages-browser)/./node_modules/next/dist/client/dev/hot-reloader/app/hot-reloader-app.js:196
[   56238ms] [LOG] [Fast Refresh] done in 96ms @ webpack-internal:///(app-pages-browser)/./node_modules/next/dist/client/dev/report-hmr-latency.js:13
[   56683ms] [LOG] [Fast Refresh] rebuilding @ webpack-internal:///(app-pages-browser)/./node_modules/next/dist/client/dev/hot-reloader/app/hot-reloader-app.js:196
[   56790ms] [LOG] [Fast Refresh] done in 107ms @ webpack-internal:///(app-pages-browser)/./node_modules/next/dist/client/dev/report-hmr-latency.js:13
[   57284ms] [LOG] [Fast Refresh] rebuilding @ webpack-internal:///(app-pages-browser)/./node_modules/next/dist/client/dev/hot-reloader/app/hot-reloader-app.js:196
[   57373ms] [LOG] [Fast Refresh] done in 90ms @ webpack-internal:///(app-pages-browser)/./node_modules/next/dist/client/dev/report-hmr-latency.js:13
[   57577ms] [LOG] [Fast Refresh] rebuilding @ webpack-internal:///(app-pages-browser)/./node_modules/next/dist/client/dev/hot-reloader/app/hot-reloader-app.js:196
[   57631ms] [LOG] [Fast Refresh] done in 54ms @ webpack-internal:///(app-pages-browser)/./node_modules/next/dist/client/dev/report-hmr-latency.js:13
[   57852ms] [LOG] [Fast Refresh] rebuilding @ webpack-internal:///(app-pages-browser)/./node_modules/next/dist/client/dev/hot-reloader/app/hot-reloader-app.js:196
[   57904ms] [LOG] [Fast Refresh] done in 52ms @ webpack-internal:///(app-pages-browser)/./node_modules/next/dist/client/dev/report-hmr-latency.js:13
[   58067ms] [LOG] [Fast Refresh] rebuilding @ webpack-internal:///(app-pages-browser)/./node_modules/next/dist/client/dev/hot-reloader/app/hot-reloader-app.js:196
[   58116ms] [LOG] [Fast Refresh] done in 48ms @ webpack-internal:///(app-pages-browser)/./node_modules/next/dist/client/dev/report-hmr-latency.js:13
[   58246ms] [LOG] [Fast Refresh] rebuilding @ webpack-internal:///(app-pages-browser)/./node_modules/next/dist/client/dev/hot-reloader/app/hot-reloader-app.js:196
[   58264ms] [LOG] [Fast Refresh] done in 18ms @ webpack-internal:///(app-pages-browser)/./node_modules/next/dist/client/dev/report-hmr-latency.js:13
[   58531ms] [LOG] [Fast Refresh] rebuilding @ webpack-internal:///(app-pages-browser)/./node_modules/next/dist/client/dev/hot-reloader/app/hot-reloader-app.js:196
[   58548ms] [LOG] [Fast Refresh] done in 16ms @ webpack-internal:///(app-pages-browser)/./node_modules/next/dist/client/dev/report-hmr-latency.js:13
[   58678ms] [LOG] [Fast Refresh] rebuilding @ webpack-internal:///(app-pages-browser)/./node_modules/next/dist/client/dev/hot-reloader/app/hot-reloader-app.js:196
[   58689ms] [LOG] [Fast Refresh] done in 12ms @ webpack-internal:///(app-pages-browser)/./node_modules/next/dist/client/dev/report-hmr-latency.js:13
[   58838ms] [LOG] [Fast Refresh] rebuilding @ webpack-internal:///(app-pages-browser)/./node_modules/next/dist/client/dev/hot-reloader/app/hot-reloader-app.js:196
[   58854ms] [LOG] [Fast Refresh] done in 17ms @ webpack-internal:///(app-pages-browser)/./node_modules/next/dist/client/dev/report-hmr-latency.js:13
[   59085ms] [LOG] [Fast Refresh] rebuilding @ webpack-internal:///(app-pages-browser)/./node_modules/next/dist/client/dev/hot-reloader/app/hot-reloader-app.js:196
[   59139ms] [LOG] [Fast Refresh] done in 54ms @ webpack-internal:///(app-pages-browser)/./node_modules/next/dist/client/dev/report-hmr-latency.js:13
[   59373ms] [LOG] [Fast Refresh] rebuilding @ webpack-internal:///(app-pages-browser)/./node_modules/next/dist/client/dev/hot-reloader/app/hot-reloader-app.js:196
[   59396ms] [LOG] [Fast Refresh] done in 22ms @ webpack-internal:///(app-pages-browser)/./node_modules/next/dist/client/dev/report-hmr-latency.js:13
[   59600ms] [LOG] [Fast Refresh] rebuilding @ webpack-internal:///(app-pages-browser)/./node_modules/next/dist/client/dev/hot-reloader/app/hot-reloader-app.js:196
[   59752ms] [LOG] [Fast Refresh] done in 152ms @ webpack-internal:///(app-pages-browser)/./node_modules/next/dist/client/dev/report-hmr-latency.js:13
[   60048ms] [LOG] [Fast Refresh] rebuilding @ webpack-internal:///(app-pages-browser)/./node_modules/next/dist/client/dev/hot-reloader/app/hot-reloader-app.js:196
[   60078ms] [LOG] [Fast Refresh] done in 30ms @ webpack-internal:///(app-pages-browser)/./node_modules/next/dist/client/dev/report-hmr-latency.js:13
[   60220ms] [LOG] [Fast Refresh] rebuilding @ webpack-internal:///(app-pages-browser)/./node_modules/next/dist/client/dev/hot-reloader/app/hot-reloader-app.js:196
[   60241ms] [LOG] [Fast Refresh] done in 20ms @ webpack-internal:///(app-pages-browser)/./node_modules/next/dist/client/dev/report-hmr-latency.js:13
[   60449ms] [LOG] [Fast Refresh] rebuilding @ webpack-internal:///(app-pages-browser)/./node_modules/next/dist/client/dev/hot-reloader/app/hot-reloader-app.js:196
[   60607ms] [LOG] [Fast Refresh] done in 158ms @ webpack-internal:///(app-pages-browser)/./node_modules/next/dist/client/dev/report-hmr-latency.js:13
[   60831ms] [LOG] [Fast Refresh] rebuilding @ webpack-internal:///(app-pages-browser)/./node_modules/next/dist/client/dev/hot-reloader/app/hot-reloader-app.js:196
[   60881ms] [LOG] [Fast Refresh] done in 51ms @ webpack-internal:///(app-pages-browser)/./node_modules/next/dist/client/dev/report-hmr-latency.js:13
[   61050ms] [LOG] [Fast Refresh] rebuilding @ webpack-internal:///(app-pages-browser)/./node_modules/next/dist/client/dev/hot-reloader/app/hot-reloader-app.js:196
[   61090ms] [LOG] [Fast Refresh] done in 40ms @ webpack-internal:///(app-pages-browser)/./node_modules/next/dist/client/dev/report-hmr-latency.js:13
[   61287ms] [LOG] [Fast Refresh] rebuilding @ webpack-internal:///(app-pages-browser)/./node_modules/next/dist/client/dev/hot-reloader/app/hot-reloader-app.js:196
[   61301ms] [LOG] [Fast Refresh] done in 13ms @ webpack-internal:///(app-pages-browser)/./node_modules/next/dist/client/dev/report-hmr-latency.js:13
[   61424ms] [LOG] [Fast Refresh] rebuilding @ webpack-internal:///(app-pages-browser)/./node_modules/next/dist/client/dev/hot-reloader/app/hot-reloader-app.js:196
[   61437ms] [LOG] [Fast Refresh] done in 13ms @ webpack-internal:///(app-pages-browser)/./node_modules/next/dist/client/dev/report-hmr-latency.js:13
[   61574ms] [LOG] [Fast Refresh] rebuilding @ webpack-internal:///(app-pages-browser)/./node_modules/next/dist/client/dev/hot-reloader/app/hot-reloader-app.js:196
[   61590ms] [LOG] [Fast Refresh] done in 15ms @ webpack-internal:///(app-pages-browser)/./node_modules/next/dist/client/dev/report-hmr-latency.js:13
[   61880ms] [LOG] [Fast Refresh] rebuilding @ webpack-internal:///(app-pages-browser)/./node_modules/next/dist/client/dev/hot-reloader/app/hot-reloader-app.js:196
[   61914ms] [LOG] [Fast Refresh] done in 35ms @ webpack-internal:///(app-pages-browser)/./node_modules/next/dist/client/dev/report-hmr-latency.js:13
[   62169ms] [LOG] [Fast Refresh] rebuilding @ webpack-internal:///(app-pages-browser)/./node_modules/next/dist/client/dev/hot-reloader/app/hot-reloader-app.js:196
[   62240ms] [LOG] [Fast Refresh] done in 72ms @ webpack-internal:///(app-pages-browser)/./node_modules/next/dist/client/dev/report-hmr-latency.js:13
[   62769ms] [LOG] [Fast Refresh] rebuilding @ webpack-internal:///(app-pages-browser)/./node_modules/next/dist/client/dev/hot-reloader/app/hot-reloader-app.js:196
[   62785ms] [LOG] [Fast Refresh] done in 16ms @ webpack-internal:///(app-pages-browser)/./node_modules/next/dist/client/dev/report-hmr-latency.js:13
[   62913ms] [LOG] [Fast Refresh] rebuilding @ webpack-internal:///(app-pages-browser)/./node_modules/next/dist/client/dev/hot-reloader/app/hot-reloader-app.js:196
[   62926ms] [LOG] [Fast Refresh] done in 13ms @ webpack-internal:///(app-pages-browser)/./node_modules/next/dist/client/dev/report-hmr-latency.js:13
[   63190ms] [LOG] [Fast Refresh] rebuilding @ webpack-internal:///(app-pages-browser)/./node_modules/next/dist/client/dev/hot-reloader/app/hot-reloader-app.js:196
[   63238ms] [LOG] [Fast Refresh] done in 48ms @ webpack-internal:///(app-pages-browser)/./node_modules/next/dist/client/dev/report-hmr-latency.js:13
[   63374ms] [LOG] [Fast Refresh] rebuilding @ webpack-internal:///(app-pages-browser)/./node_modules/next/dist/client/dev/hot-reloader/app/hot-reloader-app.js:196
[   63391ms] [LOG] [Fast Refresh] done in 17ms @ webpack-internal:///(app-pages-browser)/./node_modules/next/dist/client/dev/report-hmr-latency.js:13
[   63538ms] [LOG] [Fast Refresh] rebuilding @ webpack-internal:///(app-pages-browser)/./node_modules/next/dist/client/dev/hot-reloader/app/hot-reloader-app.js:196
[   63563ms] [LOG] [Fast Refresh] done in 25ms @ webpack-internal:///(app-pages-browser)/./node_modules/next/dist/client/dev/report-hmr-latency.js:13
[   63750ms] [LOG] [Fast Refresh] rebuilding @ webpack-internal:///(app-pages-browser)/./node_modules/next/dist/client/dev/hot-reloader/app/hot-reloader-app.js:196
[   63856ms] [LOG] [Fast Refresh] done in 105ms @ webpack-internal:///(app-pages-browser)/./node_modules/next/dist/client/dev/report-hmr-latency.js:13
[   64070ms] [LOG] [Fast Refresh] rebuilding @ webpack-internal:///(app-pages-browser)/./node_modules/next/dist/client/dev/hot-reloader/app/hot-reloader-app.js:196
[   64090ms] [LOG] [Fast Refresh] done in 20ms @ webpack-internal:///(app-pages-browser)/./node_modules/next/dist/client/dev/report-hmr-latency.js:13
[   64223ms] [LOG] [Fast Refresh] rebuilding @ webpack-internal:///(app-pages-browser)/./node_modules/next/dist/client/dev/hot-reloader/app/hot-reloader-app.js:196
[   64238ms] [LOG] [Fast Refresh] done in 16ms @ webpack-internal:///(app-pages-browser)/./node_modules/next/dist/client/dev/report-hmr-latency.js:13
[   64383ms] [LOG] [Fast Refresh] rebuilding @ webpack-internal:///(app-pages-browser)/./node_modules/next/dist/client/dev/hot-reloader/app/hot-reloader-app.js:196
[   64785ms] [LOG] [Fast Refresh] done in 402ms @ webpack-internal:///(app-pages-browser)/./node_modules/next/dist/client/dev/report-hmr-latency.js:13
[   65269ms] [LOG] [Fast Refresh] rebuilding @ webpack-internal:///(app-pages-browser)/./node_modules/next/dist/client/dev/hot-reloader/app/hot-reloader-app.js:196
[   65498ms] [LOG] [Fast Refresh] done in 229ms @ webpack-internal:///(app-pages-browser)/./node_modules/next/dist/client/dev/report-hmr-latency.js:13
[   66048ms] [LOG] [Fast Refresh] rebuilding @ webpack-internal:///(app-pages-browser)/./node_modules/next/dist/client/dev/hot-reloader/app/hot-reloader-app.js:196
[   66106ms] [LOG] [Fast Refresh] done in 57ms @ webpack-internal:///(app-pages-browser)/./node_modules/next/dist/client/dev/report-hmr-latency.js:13
[   66334ms] [LOG] [Fast Refresh] rebuilding @ webpack-internal:///(app-pages-browser)/./node_modules/next/dist/client/dev/hot-reloader/app/hot-reloader-app.js:196
[   66346ms] [LOG] [Fast Refresh] done in 12ms @ webpack-internal:///(app-pages-browser)/./node_modules/next/dist/client/dev/report-hmr-latency.js:13
[   66493ms] [LOG] [Fast Refresh] rebuilding @ webpack-internal:///(app-pages-browser)/./node_modules/next/dist/client/dev/hot-reloader/app/hot-reloader-app.js:196
[   66515ms] [LOG] [Fast Refresh] done in 21ms @ webpack-internal:///(app-pages-browser)/./node_modules/next/dist/client/dev/report-hmr-latency.js:13
[   66662ms] [LOG] [Fast Refresh] rebuilding @ webpack-internal:///(app-pages-browser)/./node_modules/next/dist/client/dev/hot-reloader/app/hot-reloader-app.js:196
[   66684ms] [LOG] [Fast Refresh] done in 22ms @ webpack-internal:///(app-pages-browser)/./node_modules/next/dist/client/dev/report-hmr-latency.js:13
[   66973ms] [LOG] [Fast Refresh] rebuilding @ webpack-internal:///(app-pages-browser)/./node_modules/next/dist/client/dev/hot-reloader/app/hot-reloader-app.js:196
[   67016ms] [LOG] [Fast Refresh] done in 43ms @ webpack-internal:///(app-pages-browser)/./node_modules/next/dist/client/dev/report-hmr-latency.js:13
[   67307ms] [LOG] [Fast Refresh] rebuilding @ webpack-internal:///(app-pages-browser)/./node_modules/next/dist/client/dev/hot-reloader/app/hot-reloader-app.js:196
[   67420ms] [LOG] [Fast Refresh] done in 113ms @ webpack-internal:///(app-pages-browser)/./node_modules/next/dist/client/dev/report-hmr-latency.js:13
[   67674ms] [LOG] [Fast Refresh] rebuilding @ webpack-internal:///(app-pages-browser)/./node_modules/next/dist/client/dev/hot-reloader/app/hot-reloader-app.js:196
[   67757ms] [LOG] [Fast Refresh] done in 83ms @ webpack-internal:///(app-pages-browser)/./node_modules/next/dist/client/dev/report-hmr-latency.js:13
[   68033ms] [LOG] [Fast Refresh] rebuilding @ webpack-internal:///(app-pages-browser)/./node_modules/next/dist/client/dev/hot-reloader/app/hot-reloader-app.js:196
[   68077ms] [LOG] [Fast Refresh] done in 43ms @ webpack-internal:///(app-pages-browser)/./node_modules/next/dist/client/dev/report-hmr-latency.js:13
[   68385ms] [LOG] [Fast Refresh] rebuilding @ webpack-internal:///(app-pages-browser)/./node_modules/next/dist/client/dev/hot-reloader/app/hot-reloader-app.js:196
[   68459ms] [LOG] [Fast Refresh] done in 74ms @ webpack-internal:///(app-pages-browser)/./node_modules/next/dist/client/dev/report-hmr-latency.js:13
[   68933ms] [LOG] [Fast Refresh] rebuilding @ webpack-internal:///(app-pages-browser)/./node_modules/next/dist/client/dev/hot-reloader/app/hot-reloader-app.js:196
[   68968ms] [LOG] [Fast Refresh] done in 35ms @ webpack-internal:///(app-pages-browser)/./node_modules/next/dist/client/dev/report-hmr-latency.js:13
[   69353ms] [LOG] [Fast Refresh] rebuilding @ webpack-internal:///(app-pages-browser)/./node_modules/next/dist/client/dev/hot-reloader/app/hot-reloader-app.js:196
[   69385ms] [LOG] [Fast Refresh] done in 31ms @ webpack-internal:///(app-pages-browser)/./node_modules/next/dist/client/dev/report-hmr-latency.js:13
[   69622ms] [LOG] [Fast Refresh] rebuilding @ webpack-internal:///(app-pages-browser)/./node_modules/next/dist/client/dev/hot-reloader/app/hot-reloader-app.js:196
[   69649ms] [LOG] [Fast Refresh] done in 27ms @ webpack-internal:///(app-pages-browser)/./node_modules/next/dist/client/dev/report-hmr-latency.js:13
[   69838ms] [LOG] [Fast Refresh] rebuilding @ webpack-internal:///(app-pages-browser)/./node_modules/next/dist/client/dev/hot-reloader/app/hot-reloader-app.js:196
[   69853ms] [LOG] [Fast Refresh] done in 14ms @ webpack-internal:///(app-pages-browser)/./node_modules/next/dist/client/dev/report-hmr-latency.js:13
[   70000ms] [LOG] [Fast Refresh] rebuilding @ webpack-internal:///(app-pages-browser)/./node_modules/next/dist/client/dev/hot-reloader/app/hot-reloader-app.js:196
[   70031ms] [LOG] [Fast Refresh] done in 31ms @ webpack-internal:///(app-pages-browser)/./node_modules/next/dist/client/dev/report-hmr-latency.js:13
[   70555ms] [LOG] [Fast Refresh] rebuilding @ webpack-internal:///(app-pages-browser)/./node_modules/next/dist/client/dev/hot-reloader/app/hot-reloader-app.js:196
[   70622ms] [LOG] [Fast Refresh] done in 67ms @ webpack-internal:///(app-pages-browser)/./node_modules/next/dist/client/dev/report-hmr-latency.js:13
[   71096ms] [LOG] [Fast Refresh] rebuilding @ webpack-internal:///(app-pages-browser)/./node_modules/next/dist/client/dev/hot-reloader/app/hot-reloader-app.js:196
[   71134ms] [LOG] [Fast Refresh] done in 38ms @ webpack-internal:///(app-pages-browser)/./node_modules/next/dist/client/dev/report-hmr-latency.js:13
[   71757ms] [LOG] [Fast Refresh] rebuilding @ webpack-internal:///(app-pages-browser)/./node_modules/next/dist/client/dev/hot-reloader/app/hot-reloader-app.js:196
[   71847ms] [LOG] [Fast Refresh] done in 90ms @ webpack-internal:///(app-pages-browser)/./node_modules/next/dist/client/dev/report-hmr-latency.js:13
[   72420ms] [LOG] [Fast Refresh] rebuilding @ webpack-internal:///(app-pages-browser)/./node_modules/next/dist/client/dev/hot-reloader/app/hot-reloader-app.js:196
[   72469ms] [LOG] [Fast Refresh] done in 49ms @ webpack-internal:///(app-pages-browser)/./node_modules/next/dist/client/dev/report-hmr-latency.js:13
[   72998ms] [LOG] [Fast Refresh] rebuilding @ webpack-internal:///(app-pages-browser)/./node_modules/next/dist/client/dev/hot-reloader/app/hot-reloader-app.js:196
[   73245ms] [LOG] [Fast Refresh] done in 247ms @ webpack-internal:///(app-pages-browser)/./node_modules/next/dist/client/dev/report-hmr-latency.js:13
[   73588ms] [LOG] [Fast Refresh] rebuilding @ webpack-internal:///(app-pages-browser)/./node_modules/next/dist/client/dev/hot-reloader/app/hot-reloader-app.js:196
[   73673ms] [LOG] [Fast Refresh] done in 85ms @ webpack-internal:///(app-pages-browser)/./node_modules/next/dist/client/dev/report-hmr-latency.js:13
[   73956ms] [LOG] [Fast Refresh] rebuilding @ webpack-internal:///(app-pages-browser)/./node_modules/next/dist/client/dev/hot-reloader/app/hot-reloader-app.js:196
[   73991ms] [LOG] [Fast Refresh] done in 34ms @ webpack-internal:///(app-pages-browser)/./node_modules/next/dist/client/dev/report-hmr-latency.js:13
[   74314ms] [LOG] [Fast Refresh] rebuilding @ webpack-internal:///(app-pages-browser)/./node_modules/next/dist/client/dev/hot-reloader/app/hot-reloader-app.js:196
[   74402ms] [LOG] [Fast Refresh] done in 89ms @ webpack-internal:///(app-pages-browser)/./node_modules/next/dist/client/dev/report-hmr-latency.js:13
[   74704ms] [LOG] [Fast Refresh] rebuilding @ webpack-internal:///(app-pages-browser)/./node_modules/next/dist/client/dev/hot-reloader/app/hot-reloader-app.js:196
[   74738ms] [LOG] [Fast Refresh] done in 34ms @ webpack-internal:///(app-pages-browser)/./node_modules/next/dist/client/dev/report-hmr-latency.js:13
[   75124ms] [LOG] [Fast Refresh] rebuilding @ webpack-internal:///(app-pages-browser)/./node_modules/next/dist/client/dev/hot-reloader/app/hot-reloader-app.js:196
[   75200ms] [LOG] [Fast Refresh] done in 76ms @ webpack-internal:///(app-pages-browser)/./node_modules/next/dist/client/dev/report-hmr-latency.js:13
[   75519ms] [LOG] [Fast Refresh] rebuilding @ webpack-internal:///(app-pages-browser)/./node_modules/next/dist/client/dev/hot-reloader/app/hot-reloader-app.js:196
[   76315ms] [LOG] [Fast Refresh] done in 795ms @ webpack-internal:///(app-pages-browser)/./node_modules/next/dist/client/dev/report-hmr-latency.js:13
[   76564ms] [LOG] [Fast Refresh] rebuilding @ webpack-internal:///(app-pages-browser)/./node_modules/next/dist/client/dev/hot-reloader/app/hot-reloader-app.js:196
[   76646ms] [LOG] [Fast Refresh] done in 83ms @ webpack-internal:///(app-pages-browser)/./node_modules/next/dist/client/dev/report-hmr-latency.js:13
[   76987ms] [LOG] [Fast Refresh] rebuilding @ webpack-internal:///(app-pages-browser)/./node_modules/next/dist/client/dev/hot-reloader/app/hot-reloader-app.js:196
[   77028ms] [LOG] [Fast Refresh] done in 41ms @ webpack-internal:///(app-pages-browser)/./node_modules/next/dist/client/dev/report-hmr-latency.js:13
[   77465ms] [LOG] [Fast Refresh] rebuilding @ webpack-internal:///(app-pages-browser)/./node_modules/next/dist/client/dev/hot-reloader/app/hot-reloader-app.js:196
[   77502ms] [LOG] [Fast Refresh] done in 37ms @ webpack-internal:///(app-pages-browser)/./node_modules/next/dist/client/dev/report-hmr-latency.js:13
[   79034ms] [LOG] [Fast Refresh] rebuilding @ webpack-internal:///(app-pages-browser)/./node_modules/next/dist/client/dev/hot-reloader/app/hot-reloader-app.js:196
[   79319ms] [LOG] [Fast Refresh] done in 285ms @ webpack-internal:///(app-pages-browser)/./node_modules/next/dist/client/dev/report-hmr-latency.js:13
[   79750ms] [LOG] [Fast Refresh] rebuilding @ webpack-internal:///(app-pages-browser)/./node_modules/next/dist/client/dev/hot-reloader/app/hot-reloader-app.js:196
[   79772ms] [LOG] [Fast Refresh] done in 23ms @ webpack-internal:///(app-pages-browser)/./node_modules/next/dist/client/dev/report-hmr-latency.js:13
[   79947ms] [LOG] [Fast Refresh] rebuilding @ webpack-internal:///(app-pages-browser)/./node_modules/next/dist/client/dev/hot-reloader/app/hot-reloader-app.js:196
[   79966ms] [LOG] [Fast Refresh] done in 20ms @ webpack-internal:///(app-pages-browser)/./node_modules/next/dist/client/dev/report-hmr-latency.js:13
[   80303ms] [LOG] [Fast Refresh] rebuilding @ webpack-internal:///(app-pages-browser)/./node_modules/next/dist/client/dev/hot-reloader/app/hot-reloader-app.js:196
[   80386ms] [LOG] [Fast Refresh] done in 82ms @ webpack-internal:///(app-pages-browser)/./node_modules/next/dist/client/dev/report-hmr-latency.js:13
[   81038ms] [LOG] [Fast Refresh] rebuilding @ webpack-internal:///(app-pages-browser)/./node_modules/next/dist/client/dev/hot-reloader/app/hot-reloader-app.js:196
[   81091ms] [LOG] [Fast Refresh] done in 52ms @ webpack-internal:///(app-pages-browser)/./node_modules/next/dist/client/dev/report-hmr-latency.js:13
[   81357ms] [LOG] [Fast Refresh] rebuilding @ webpack-internal:///(app-pages-browser)/./node_modules/next/dist/client/dev/hot-reloader/app/hot-reloader-app.js:196
[   81389ms] [LOG] [Fast Refresh] done in 32ms @ webpack-internal:///(app-pages-browser)/./node_modules/next/dist/client/dev/report-hmr-latency.js:13
[   81709ms] [LOG] [Fast Refresh] rebuilding @ webpack-internal:///(app-pages-browser)/./node_modules/next/dist/client/dev/hot-reloader/app/hot-reloader-app.js:196
[   81798ms] [LOG] [Fast Refresh] done in 90ms @ webpack-internal:///(app-pages-browser)/./node_modules/next/dist/client/dev/report-hmr-latency.js:13
[   82000ms] [LOG] [Fast Refresh] rebuilding @ webpack-internal:///(app-pages-browser)/./node_modules/next/dist/client/dev/hot-reloader/app/hot-reloader-app.js:196
[   82068ms] [LOG] [Fast Refresh] done in 67ms @ webpack-internal:///(app-pages-browser)/./node_modules/next/dist/client/dev/report-hmr-latency.js:13
[   82297ms] [LOG] [Fast Refresh] rebuilding @ webpack-internal:///(app-pages-browser)/./node_modules/next/dist/client/dev/hot-reloader/app/hot-reloader-app.js:196
[   82355ms] [LOG] [Fast Refresh] done in 57ms @ webpack-internal:///(app-pages-browser)/./node_modules/next/dist/client/dev/report-hmr-latency.js:13
[   82573ms] [LOG] [Fast Refresh] rebuilding @ webpack-internal:///(app-pages-browser)/./node_modules/next/dist/client/dev/hot-reloader/app/hot-reloader-app.js:196
[   82628ms] [LOG] [Fast Refresh] done in 55ms @ webpack-internal:///(app-pages-browser)/./node_modules/next/dist/client/dev/report-hmr-latency.js:13
[   82830ms] [LOG] [Fast Refresh] rebuilding @ webpack-internal:///(app-pages-browser)/./node_modules/next/dist/client/dev/hot-reloader/app/hot-reloader-app.js:196
[   82890ms] [LOG] [Fast Refresh] done in 60ms @ webpack-internal:///(app-pages-browser)/./node_modules/next/dist/client/dev/report-hmr-latency.js:13
[   85752ms] [LOG] [Fast Refresh] rebuilding @ webpack-internal:///(app-pages-browser)/./node_modules/next/dist/client/dev/hot-reloader/app/hot-reloader-app.js:196
[   85871ms] [LOG] [Fast Refresh] done in 120ms @ webpack-internal:///(app-pages-browser)/./node_modules/next/dist/client/dev/report-hmr-latency.js:13
[   86304ms] [LOG] [Fast Refresh] rebuilding @ webpack-internal:///(app-pages-browser)/./node_modules/next/dist/client/dev/hot-reloader/app/hot-reloader-app.js:196
[   86420ms] [LOG] [Fast Refresh] done in 116ms @ webpack-internal:///(app-pages-browser)/./node_modules/next/dist/client/dev/report-hmr-latency.js:13
[   86817ms] [LOG] [Fast Refresh] rebuilding @ webpack-internal:///(app-pages-browser)/./node_modules/next/dist/client/dev/hot-reloader/app/hot-reloader-app.js:196
[   86950ms] [LOG] [Fast Refresh] done in 132ms @ webpack-internal:///(app-pages-browser)/./node_modules/next/dist/client/dev/report-hmr-latency.js:13
[   88807ms] [LOG] [Fast Refresh] rebuilding @ webpack-internal:///(app-pages-browser)/./node_modules/next/dist/client/dev/hot-reloader/app/hot-reloader-app.js:196
[   88937ms] [LOG] [Fast Refresh] done in 129ms @ webpack-internal:///(app-pages-browser)/./node_modules/next/dist/client/dev/report-hmr-latency.js:13
[   89317ms] [LOG] [Fast Refresh] rebuilding @ webpack-internal:///(app-pages-browser)/./node_modules/next/dist/client/dev/hot-reloader/app/hot-reloader-app.js:196
[   89409ms] [LOG] [Fast Refresh] done in 92ms @ webpack-internal:///(app-pages-browser)/./node_modules/next/dist/client/dev/report-hmr-latency.js:13
[   89855ms] [LOG] [Fast Refresh] rebuilding @ webpack-internal:///(app-pages-browser)/./node_modules/next/dist/client/dev/hot-reloader/app/hot-reloader-app.js:196
[   89889ms] [LOG] [Fast Refresh] done in 35ms @ webpack-internal:///(app-pages-browser)/./node_modules/next/dist/client/dev/report-hmr-latency.js:13
[   90323ms] [LOG] [Fast Refresh] rebuilding @ webpack-internal:///(app-pages-browser)/./node_modules/next/dist/client/dev/hot-reloader/app/hot-reloader-app.js:196
[   90413ms] [LOG] [Fast Refresh] done in 90ms @ webpack-internal:///(app-pages-browser)/./node_modules/next/dist/client/dev/report-hmr-latency.js:13
[   90754ms] [LOG] [Fast Refresh] rebuilding @ webpack-internal:///(app-pages-browser)/./node_modules/next/dist/client/dev/hot-reloader/app/hot-reloader-app.js:196
[   90853ms] [LOG] [Fast Refresh] done in 98ms @ webpack-internal:///(app-pages-browser)/./node_modules/next/dist/client/dev/report-hmr-latency.js:13
[   91133ms] [LOG] [Fast Refresh] rebuilding @ webpack-internal:///(app-pages-browser)/./node_modules/next/dist/client/dev/hot-reloader/app/hot-reloader-app.js:196
[   91221ms] [LOG] [Fast Refresh] done in 88ms @ webpack-internal:///(app-pages-browser)/./node_modules/next/dist/client/dev/report-hmr-latency.js:13
[   91506ms] [LOG] [Fast Refresh] rebuilding @ webpack-internal:///(app-pages-browser)/./node_modules/next/dist/client/dev/hot-reloader/app/hot-reloader-app.js:196
[   91536ms] [LOG] [Fast Refresh] done in 31ms @ webpack-internal:///(app-pages-browser)/./node_modules/next/dist/client/dev/report-hmr-latency.js:13
[   91850ms] [LOG] [Fast Refresh] rebuilding @ webpack-internal:///(app-pages-browser)/./node_modules/next/dist/client/dev/hot-reloader/app/hot-reloader-app.js:196
[   91882ms] [LOG] [Fast Refresh] done in 31ms @ webpack-internal:///(app-pages-browser)/./node_modules/next/dist/client/dev/report-hmr-latency.js:13
[   92242ms] [LOG] [Fast Refresh] rebuilding @ webpack-internal:///(app-pages-browser)/./node_modules/next/dist/client/dev/hot-reloader/app/hot-reloader-app.js:196
[   92317ms] [LOG] [Fast Refresh] done in 75ms @ webpack-internal:///(app-pages-browser)/./node_modules/next/dist/client/dev/report-hmr-latency.js:13
[   92564ms] [LOG] [Fast Refresh] rebuilding @ webpack-internal:///(app-pages-browser)/./node_modules/next/dist/client/dev/hot-reloader/app/hot-reloader-app.js:196
[   92598ms] [LOG] [Fast Refresh] done in 35ms @ webpack-internal:///(app-pages-browser)/./node_modules/next/dist/client/dev/report-hmr-latency.js:13
[   92825ms] [LOG] [Fast Refresh] rebuilding @ webpack-internal:///(app-pages-browser)/./node_modules/next/dist/client/dev/hot-reloader/app/hot-reloader-app.js:196
[   92874ms] [LOG] [Fast Refresh] done in 49ms @ webpack-internal:///(app-pages-browser)/./node_modules/next/dist/client/dev/report-hmr-latency.js:13
[   93082ms] [LOG] [Fast Refresh] rebuilding @ webpack-internal:///(app-pages-browser)/./node_modules/next/dist/client/dev/hot-reloader/app/hot-reloader-app.js:196
[   93109ms] [LOG] [Fast Refresh] done in 28ms @ webpack-internal:///(app-pages-browser)/./node_modules/next/dist/client/dev/report-hmr-latency.js:13
[   93358ms] [LOG] [Fast Refresh] rebuilding @ webpack-internal:///(app-pages-browser)/./node_modules/next/dist/client/dev/hot-reloader/app/hot-reloader-app.js:196
[   93405ms] [LOG] [Fast Refresh] done in 47ms @ webpack-internal:///(app-pages-browser)/./node_modules/next/dist/client/dev/report-hmr-latency.js:13
[   93704ms] [LOG] [Fast Refresh] rebuilding @ webpack-internal:///(app-pages-browser)/./node_modules/next/dist/client/dev/hot-reloader/app/hot-reloader-app.js:196
[   93774ms] [LOG] [Fast Refresh] done in 70ms @ webpack-internal:///(app-pages-browser)/./node_modules/next/dist/client/dev/report-hmr-latency.js:13
[   94314ms] [LOG] [Fast Refresh] rebuilding @ webpack-internal:///(app-pages-browser)/./node_modules/next/dist/client/dev/hot-reloader/app/hot-reloader-app.js:196
[   94352ms] [LOG] [Fast Refresh] done in 38ms @ webpack-internal:///(app-pages-browser)/./node_modules/next/dist/client/dev/report-hmr-latency.js:13
[   94558ms] [LOG] [Fast Refresh] rebuilding @ webpack-internal:///(app-pages-browser)/./node_modules/next/dist/client/dev/hot-reloader/app/hot-reloader-app.js:196
[   94589ms] [LOG] [Fast Refresh] done in 31ms @ webpack-internal:///(app-pages-browser)/./node_modules/next/dist/client/dev/report-hmr-latency.js:13
[   94837ms] [LOG] [Fast Refresh] rebuilding @ webpack-internal:///(app-pages-browser)/./node_modules/next/dist/client/dev/hot-reloader/app/hot-reloader-app.js:196
[   94869ms] [LOG] [Fast Refresh] done in 33ms @ webpack-internal:///(app-pages-browser)/./node_modules/next/dist/client/dev/report-hmr-latency.js:13
[   95325ms] [LOG] [Fast Refresh] done in 489ms @ webpack-internal:///(app-pages-browser)/./node_modules/next/dist/client/dev/report-hmr-latency.js:13
[   95354ms] [LOG] [Fast Refresh] rebuilding @ webpack-internal:///(app-pages-browser)/./node_modules/next/dist/client/dev/hot-reloader/app/hot-reloader-app.js:196
[   95567ms] [ERROR] Failed to load resource: the server responded with a status of 500 (Internal Server Error) @ http://localhost:3000/product/dp-002?_rsc=9re8fPIDhkOq5UU3:0
[   95605ms] [LOG] [Fast Refresh] rebuilding @ webpack-internal:///(app-pages-browser)/./node_modules/next/dist/client/dev/hot-reloader/app/hot-reloader-app.js:196
[   95726ms] [LOG] [Fast Refresh] done in 122ms @ webpack-internal:///(app-pages-browser)/./node_modules/next/dist/client/dev/report-hmr-latency.js:13
[   96350ms] [LOG] [Fast Refresh] rebuilding @ webpack-internal:///(app-pages-browser)/./node_modules/next/dist/client/dev/hot-reloader/app/hot-reloader-app.js:196
[   96509ms] [LOG] [Fast Refresh] done in 160ms @ webpack-internal:///(app-pages-browser)/./node_modules/next/dist/client/dev/report-hmr-latency.js:13
[   96881ms] [LOG] [Fast Refresh] rebuilding @ webpack-internal:///(app-pages-browser)/./node_modules/next/dist/client/dev/hot-reloader/app/hot-reloader-app.js:196
[   96926ms] [LOG] [Fast Refresh] done in 44ms @ webpack-internal:///(app-pages-browser)/./node_modules/next/dist/client/dev/report-hmr-latency.js:13
[   97329ms] [LOG] [Fast Refresh] rebuilding @ webpack-internal:///(app-pages-browser)/./node_modules/next/dist/client/dev/hot-reloader/app/hot-reloader-app.js:196
[   97360ms] [LOG] [Fast Refresh] done in 31ms @ webpack-internal:///(app-pages-browser)/./node_modules/next/dist/client/dev/report-hmr-latency.js:13
[   98048ms] [LOG] [Fast Refresh] rebuilding @ webpack-internal:///(app-pages-browser)/./node_modules/next/dist/client/dev/hot-reloader/app/hot-reloader-app.js:196
[   98073ms] [LOG] [Fast Refresh] done in 25ms @ webpack-internal:///(app-pages-browser)/./node_modules/next/dist/client/dev/report-hmr-latency.js:13
[   98615ms] [LOG] [Fast Refresh] done in 566ms @ webpack-internal:///(app-pages-browser)/./node_modules/next/dist/client/dev/report-hmr-latency.js:13
[   98648ms] [LOG] [Fast Refresh] rebuilding @ webpack-internal:///(app-pages-browser)/./node_modules/next/dist/client/dev/hot-reloader/app/hot-reloader-app.js:196
[   99091ms] [ERROR] Failed to load resource: the server responded with a status of 500 (Internal Server Error) @ http://localhost:3000/product/dp-002?_rsc=9re8fPIDhkOq5UU3:0
[   99466ms] [LOG] [Fast Refresh] rebuilding @ webpack-internal:///(app-pages-browser)/./node_modules/next/dist/client/dev/hot-reloader/app/hot-reloader-app.js:196
[   99549ms] [LOG] [Fast Refresh] done in 83ms @ webpack-internal:///(app-pages-browser)/./node_modules/next/dist/client/dev/report-hmr-latency.js:13
[  100122ms] [LOG] [Fast Refresh] rebuilding @ webpack-internal:///(app-pages-browser)/./node_modules/next/dist/client/dev/hot-reloader/app/hot-reloader-app.js:196
[  100233ms] [LOG] [Fast Refresh] done in 112ms @ webpack-internal:///(app-pages-browser)/./node_modules/next/dist/client/dev/report-hmr-latency.js:13
[  100552ms] [LOG] [Fast Refresh] rebuilding @ webpack-internal:///(app-pages-browser)/./node_modules/next/dist/client/dev/hot-reloader/app/hot-reloader-app.js:196
[  100599ms] [LOG] [Fast Refresh] done in 48ms @ webpack-internal:///(app-pages-browser)/./node_modules/next/dist/client/dev/report-hmr-latency.js:13
[  101066ms] [LOG] [Fast Refresh] rebuilding @ webpack-internal:///(app-pages-browser)/./node_modules/next/dist/client/dev/hot-reloader/app/hot-reloader-app.js:196
[  101096ms] [LOG] [Fast Refresh] done in 29ms @ webpack-internal:///(app-pages-browser)/./node_modules/next/dist/client/dev/report-hmr-latency.js:13
[  101419ms] [LOG] [Fast Refresh] rebuilding @ webpack-internal:///(app-pages-browser)/./node_modules/next/dist/client/dev/hot-reloader/app/hot-reloader-app.js:196
[  101522ms] [LOG] [Fast Refresh] done in 102ms @ webpack-internal:///(app-pages-browser)/./node_modules/next/dist/client/dev/report-hmr-latency.js:13
[  101848ms] [LOG] [Fast Refresh] rebuilding @ webpack-internal:///(app-pages-browser)/./node_modules/next/dist/client/dev/hot-reloader/app/hot-reloader-app.js:196
[  101889ms] [LOG] [Fast Refresh] done in 41ms @ webpack-internal:///(app-pages-browser)/./node_modules/next/dist/client/dev/report-hmr-latency.js:13
[  102031ms] [LOG] [Fast Refresh] rebuilding @ webpack-internal:///(app-pages-browser)/./node_modules/next/dist/client/dev/hot-reloader/app/hot-reloader-app.js:196
[  102049ms] [LOG] [Fast Refresh] done in 18ms @ webpack-internal:///(app-pages-browser)/./node_modules/next/dist/client/dev/report-hmr-latency.js:13
[  102320ms] [LOG] [Fast Refresh] rebuilding @ webpack-internal:///(app-pages-browser)/./node_modules/next/dist/client/dev/hot-reloader/app/hot-reloader-app.js:196
[  102373ms] [LOG] [Fast Refresh] done in 52ms @ webpack-internal:///(app-pages-browser)/./node_modules/next/dist/client/dev/report-hmr-latency.js:13
[  102583ms] [LOG] [Fast Refresh] rebuilding @ webpack-internal:///(app-pages-browser)/./node_modules/next/dist/client/dev/hot-reloader/app/hot-reloader-app.js:196
[  102614ms] [LOG] [Fast Refresh] done in 30ms @ webpack-internal:///(app-pages-browser)/./node_modules/next/dist/client/dev/report-hmr-latency.js:13
[  102749ms] [LOG] [Fast Refresh] rebuilding @ webpack-internal:///(app-pages-browser)/./node_modules/next/dist/client/dev/hot-reloader/app/hot-reloader-app.js:196
[  102759ms] [LOG] [Fast Refresh] done in 9ms @ webpack-internal:///(app-pages-browser)/./node_modules/next/dist/client/dev/report-hmr-latency.js:13
[  102902ms] [LOG] [Fast Refresh] rebuilding @ webpack-internal:///(app-pages-browser)/./node_modules/next/dist/client/dev/hot-reloader/app/hot-reloader-app.js:196
[  102919ms] [LOG] [Fast Refresh] done in 18ms @ webpack-internal:///(app-pages-browser)/./node_modules/next/dist/client/dev/report-hmr-latency.js:13
[  103041ms] [LOG] [Fast Refresh] rebuilding @ webpack-internal:///(app-pages-browser)/./node_modules/next/dist/client/dev/hot-reloader/app/hot-reloader-app.js:196
[  103057ms] [LOG] [Fast Refresh] done in 15ms @ webpack-internal:///(app-pages-browser)/./node_modules/next/dist/client/dev/report-hmr-latency.js:13
[  103195ms] [LOG] [Fast Refresh] rebuilding @ webpack-internal:///(app-pages-browser)/./node_modules/next/dist/client/dev/hot-reloader/app/hot-reloader-app.js:196
[  103221ms] [LOG] [Fast Refresh] done in 25ms @ webpack-internal:///(app-pages-browser)/./node_modules/next/dist/client/dev/report-hmr-latency.js:13
[  103924ms] [LOG] [Fast Refresh] rebuilding @ webpack-internal:///(app-pages-browser)/./node_modules/next/dist/client/dev/hot-reloader/app/hot-reloader-app.js:196
[  103988ms] [LOG] [Fast Refresh] done in 64ms @ webpack-internal:///(app-pages-browser)/./node_modules/next/dist/client/dev/report-hmr-latency.js:13
[  104317ms] [LOG] [Fast Refresh] done in 392ms @ webpack-internal:///(app-pages-browser)/./node_modules/next/dist/client/dev/report-hmr-latency.js:13
[  104379ms] [LOG] [Fast Refresh] rebuilding @ webpack-internal:///(app-pages-browser)/./node_modules/next/dist/client/dev/hot-reloader/app/hot-reloader-app.js:196
[  104483ms] [LOG] [Fast Refresh] rebuilding @ webpack-internal:///(app-pages-browser)/./node_modules/next/dist/client/dev/hot-reloader/app/hot-reloader-app.js:196
[  104491ms] [LOG] [Fast Refresh] done in 9ms @ webpack-internal:///(app-pages-browser)/./node_modules/next/dist/client/dev/report-hmr-latency.js:13
[  104516ms] [ERROR] Failed to load resource: the server responded with a status of 500 (Internal Server Error) @ http://localhost:3000/product/dp-002?_rsc=9re8fPIDhkOq5UU3:0
[  105498ms] [LOG] [Fast Refresh] rebuilding @ webpack-internal:///(app-pages-browser)/./node_modules/next/dist/client/dev/hot-reloader/app/hot-reloader-app.js:196
[  105618ms] [LOG] [Fast Refresh] done in 120ms @ webpack-internal:///(app-pages-browser)/./node_modules/next/dist/client/dev/report-hmr-latency.js:13
[  105791ms] [LOG] [Fast Refresh] rebuilding @ webpack-internal:///(app-pages-browser)/./node_modules/next/dist/client/dev/hot-reloader/app/hot-reloader-app.js:196
[  105805ms] [LOG] [Fast Refresh] done in 14ms @ webpack-internal:///(app-pages-browser)/./node_modules/next/dist/client/dev/report-hmr-latency.js:13
[  106086ms] [LOG] [Fast Refresh] rebuilding @ webpack-internal:///(app-pages-browser)/./node_modules/next/dist/client/dev/hot-reloader/app/hot-reloader-app.js:196
[  106160ms] [LOG] [Fast Refresh] done in 74ms @ webpack-internal:///(app-pages-browser)/./node_modules/next/dist/client/dev/report-hmr-latency.js:13
[  106490ms] [LOG] [Fast Refresh] rebuilding @ webpack-internal:///(app-pages-browser)/./node_modules/next/dist/client/dev/hot-reloader/app/hot-reloader-app.js:196
[  106522ms] [LOG] [Fast Refresh] done in 33ms @ webpack-internal:///(app-pages-browser)/./node_modules/next/dist/client/dev/report-hmr-latency.js:13
[  106733ms] [LOG] [Fast Refresh] rebuilding @ webpack-internal:///(app-pages-browser)/./node_modules/next/dist/client/dev/hot-reloader/app/hot-reloader-app.js:196
[  106767ms] [LOG] [Fast Refresh] done in 34ms @ webpack-internal:///(app-pages-browser)/./node_modules/next/dist/client/dev/report-hmr-latency.js:13
[  106924ms] [LOG] [Fast Refresh] rebuilding @ webpack-internal:///(app-pages-browser)/./node_modules/next/dist/client/dev/hot-reloader/app/hot-reloader-app.js:196
[  106940ms] [LOG] [Fast Refresh] done in 17ms @ webpack-internal:///(app-pages-browser)/./node_modules/next/dist/client/dev/report-hmr-latency.js:13
[  107137ms] [LOG] [Fast Refresh] rebuilding @ webpack-internal:///(app-pages-browser)/./node_modules/next/dist/client/dev/hot-reloader/app/hot-reloader-app.js:196
[  107168ms] [LOG] [Fast Refresh] done in 32ms @ webpack-internal:///(app-pages-browser)/./node_modules/next/dist/client/dev/report-hmr-latency.js:13
[  107419ms] [LOG] [Fast Refresh] rebuilding @ webpack-internal:///(app-pages-browser)/./node_modules/next/dist/client/dev/hot-reloader/app/hot-reloader-app.js:196
[  107437ms] [LOG] [Fast Refresh] done in 18ms @ webpack-internal:///(app-pages-browser)/./node_modules/next/dist/client/dev/report-hmr-latency.js:13
[  107697ms] [LOG] [Fast Refresh] rebuilding @ webpack-internal:///(app-pages-browser)/./node_modules/next/dist/client/dev/hot-reloader/app/hot-reloader-app.js:196
[  107756ms] [LOG] [Fast Refresh] done in 58ms @ webpack-internal:///(app-pages-browser)/./node_modules/next/dist/client/dev/report-hmr-latency.js:13
[  107925ms] [LOG] [Fast Refresh] rebuilding @ webpack-internal:///(app-pages-browser)/./node_modules/next/dist/client/dev/hot-reloader/app/hot-reloader-app.js:196
[  107942ms] [LOG] [Fast Refresh] done in 16ms @ webpack-internal:///(app-pages-browser)/./node_modules/next/dist/client/dev/report-hmr-latency.js:13
[  108083ms] [LOG] [Fast Refresh] rebuilding @ webpack-internal:///(app-pages-browser)/./node_modules/next/dist/client/dev/hot-reloader/app/hot-reloader-app.js:196
[  108130ms] [LOG] [Fast Refresh] done in 46ms @ webpack-internal:///(app-pages-browser)/./node_modules/next/dist/client/dev/report-hmr-latency.js:13
[  108258ms] [LOG] [Fast Refresh] rebuilding @ webpack-internal:///(app-pages-browser)/./node_modules/next/dist/client/dev/hot-reloader/app/hot-reloader-app.js:196
[  108307ms] [LOG] [Fast Refresh] done in 49ms @ webpack-internal:///(app-pages-browser)/./node_modules/next/dist/client/dev/report-hmr-latency.js:13
[  108541ms] [LOG] [Fast Refresh] rebuilding @ webpack-internal:///(app-pages-browser)/./node_modules/next/dist/client/dev/hot-reloader/app/hot-reloader-app.js:196
[  108626ms] [LOG] [Fast Refresh] done in 84ms @ webpack-internal:///(app-pages-browser)/./node_modules/next/dist/client/dev/report-hmr-latency.js:13
[  108767ms] [LOG] [Fast Refresh] rebuilding @ webpack-internal:///(app-pages-browser)/./node_modules/next/dist/client/dev/hot-reloader/app/hot-reloader-app.js:196
[  108784ms] [LOG] [Fast Refresh] done in 16ms @ webpack-internal:///(app-pages-browser)/./node_modules/next/dist/client/dev/report-hmr-latency.js:13
[  109073ms] [LOG] [Fast Refresh] rebuilding @ webpack-internal:///(app-pages-browser)/./node_modules/next/dist/client/dev/hot-reloader/app/hot-reloader-app.js:196
[  109100ms] [LOG] [Fast Refresh] done in 26ms @ webpack-internal:///(app-pages-browser)/./node_modules/next/dist/client/dev/report-hmr-latency.js:13
[  109306ms] [LOG] [Fast Refresh] rebuilding @ webpack-internal:///(app-pages-browser)/./node_modules/next/dist/client/dev/hot-reloader/app/hot-reloader-app.js:196
[  109327ms] [LOG] [Fast Refresh] done in 21ms @ webpack-internal:///(app-pages-browser)/./node_modules/next/dist/client/dev/report-hmr-latency.js:13
[  109469ms] [LOG] [Fast Refresh] rebuilding @ webpack-internal:///(app-pages-browser)/./node_modules/next/dist/client/dev/hot-reloader/app/hot-reloader-app.js:196
[  109484ms] [LOG] [Fast Refresh] done in 15ms @ webpack-internal:///(app-pages-browser)/./node_modules/next/dist/client/dev/report-hmr-latency.js:13
[  109613ms] [LOG] [Fast Refresh] rebuilding @ webpack-internal:///(app-pages-browser)/./node_modules/next/dist/client/dev/hot-reloader/app/hot-reloader-app.js:196
[  109633ms] [LOG] [Fast Refresh] done in 19ms @ webpack-internal:///(app-pages-browser)/./node_modules/next/dist/client/dev/report-hmr-latency.js:13
[  110025ms] [LOG] [Fast Refresh] rebuilding @ webpack-internal:///(app-pages-browser)/./node_modules/next/dist/client/dev/hot-reloader/app/hot-reloader-app.js:196
[  110232ms] [LOG] [Fast Refresh] done in 206ms @ webpack-internal:///(app-pages-browser)/./node_modules/next/dist/client/dev/report-hmr-latency.js:13
[  110585ms] [LOG] [Fast Refresh] rebuilding @ webpack-internal:///(app-pages-browser)/./node_modules/next/dist/client/dev/hot-reloader/app/hot-reloader-app.js:196
[  110607ms] [LOG] [Fast Refresh] done in 23ms @ webpack-internal:///(app-pages-browser)/./node_modules/next/dist/client/dev/report-hmr-latency.js:13
[  110766ms] [LOG] [Fast Refresh] rebuilding @ webpack-internal:///(app-pages-browser)/./node_modules/next/dist/client/dev/hot-reloader/app/hot-reloader-app.js:196
[  110782ms] [LOG] [Fast Refresh] done in 16ms @ webpack-internal:///(app-pages-browser)/./node_modules/next/dist/client/dev/report-hmr-latency.js:13
[  110921ms] [LOG] [Fast Refresh] rebuilding @ webpack-internal:///(app-pages-browser)/./node_modules/next/dist/client/dev/hot-reloader/app/hot-reloader-app.js:196
[  110936ms] [LOG] [Fast Refresh] done in 15ms @ webpack-internal:///(app-pages-browser)/./node_modules/next/dist/client/dev/report-hmr-latency.js:13
[  111091ms] [LOG] [Fast Refresh] rebuilding @ webpack-internal:///(app-pages-browser)/./node_modules/next/dist/client/dev/hot-reloader/app/hot-reloader-app.js:196
[  111114ms] [LOG] [Fast Refresh] done in 23ms @ webpack-internal:///(app-pages-browser)/./node_modules/next/dist/client/dev/report-hmr-latency.js:13
[  111489ms] [LOG] [Fast Refresh] rebuilding @ webpack-internal:///(app-pages-browser)/./node_modules/next/dist/client/dev/hot-reloader/app/hot-reloader-app.js:196
[  111514ms] [LOG] [Fast Refresh] done in 24ms @ webpack-internal:///(app-pages-browser)/./node_modules/next/dist/client/dev/report-hmr-latency.js:13
[  111773ms] [LOG] [Fast Refresh] rebuilding @ webpack-internal:///(app-pages-browser)/./node_modules/next/dist/client/dev/hot-reloader/app/hot-reloader-app.js:196
[  111791ms] [LOG] [Fast Refresh] done in 18ms @ webpack-internal:///(app-pages-browser)/./node_modules/next/dist/client/dev/report-hmr-latency.js:13
[  111950ms] [LOG] [Fast Refresh] rebuilding @ webpack-internal:///(app-pages-browser)/./node_modules/next/dist/client/dev/hot-reloader/app/hot-reloader-app.js:196
[  111967ms] [LOG] [Fast Refresh] done in 16ms @ webpack-internal:///(app-pages-browser)/./node_modules/next/dist/client/dev/report-hmr-latency.js:13
[  112096ms] [LOG] [Fast Refresh] rebuilding @ webpack-internal:///(app-pages-browser)/./node_modules/next/dist/client/dev/hot-reloader/app/hot-reloader-app.js:196
[  112106ms] [LOG] [Fast Refresh] done in 9ms @ webpack-internal:///(app-pages-browser)/./node_modules/next/dist/client/dev/report-hmr-latency.js:13
[  112233ms] [LOG] [Fast Refresh] rebuilding @ webpack-internal:///(app-pages-browser)/./node_modules/next/dist/client/dev/hot-reloader/app/hot-reloader-app.js:196
[  112248ms] [LOG] [Fast Refresh] done in 15ms @ webpack-internal:///(app-pages-browser)/./node_modules/next/dist/client/dev/report-hmr-latency.js:13
[  112386ms] [LOG] [Fast Refresh] rebuilding @ webpack-internal:///(app-pages-browser)/./node_modules/next/dist/client/dev/hot-reloader/app/hot-reloader-app.js:196
[  112405ms] [LOG] [Fast Refresh] done in 19ms @ webpack-internal:///(app-pages-browser)/./node_modules/next/dist/client/dev/report-hmr-latency.js:13
[  112592ms] [LOG] [Fast Refresh] rebuilding @ webpack-internal:///(app-pages-browser)/./node_modules/next/dist/client/dev/hot-reloader/app/hot-reloader-app.js:196
[  112636ms] [LOG] [Fast Refresh] done in 45ms @ webpack-internal:///(app-pages-browser)/./node_modules/next/dist/client/dev/report-hmr-latency.js:13
[  112804ms] [LOG] [Fast Refresh] rebuilding @ webpack-internal:///(app-pages-browser)/./node_modules/next/dist/client/dev/hot-reloader/app/hot-reloader-app.js:196
[  112834ms] [LOG] [Fast Refresh] done in 31ms @ webpack-internal:///(app-pages-browser)/./node_modules/next/dist/client/dev/report-hmr-latency.js:13
[  113073ms] [LOG] [Fast Refresh] rebuilding @ webpack-internal:///(app-pages-browser)/./node_modules/next/dist/client/dev/hot-reloader/app/hot-reloader-app.js:196
[  113090ms] [LOG] [Fast Refresh] done in 17ms @ webpack-internal:///(app-pages-browser)/./node_modules/next/dist/client/dev/report-hmr-latency.js:13
[  113246ms] [LOG] [Fast Refresh] rebuilding @ webpack-internal:///(app-pages-browser)/./node_modules/next/dist/client/dev/hot-reloader/app/hot-reloader-app.js:196
[  113265ms] [LOG] [Fast Refresh] done in 20ms @ webpack-internal:///(app-pages-browser)/./node_modules/next/dist/client/dev/report-hmr-latency.js:13
[  113396ms] [LOG] [Fast Refresh] rebuilding @ webpack-internal:///(app-pages-browser)/./node_modules/next/dist/client/dev/hot-reloader/app/hot-reloader-app.js:196
[  113416ms] [LOG] [Fast Refresh] done in 20ms @ webpack-internal:///(app-pages-browser)/./node_modules/next/dist/client/dev/report-hmr-latency.js:13
[  113756ms] [LOG] [Fast Refresh] rebuilding @ webpack-internal:///(app-pages-browser)/./node_modules/next/dist/client/dev/hot-reloader/app/hot-reloader-app.js:196
[  113992ms] [LOG] [Fast Refresh] done in 236ms @ webpack-internal:///(app-pages-browser)/./node_modules/next/dist/client/dev/report-hmr-latency.js:13
[  114629ms] [LOG] [Fast Refresh] rebuilding @ webpack-internal:///(app-pages-browser)/./node_modules/next/dist/client/dev/hot-reloader/app/hot-reloader-app.js:196
[  114681ms] [LOG] [Fast Refresh] done in 53ms @ webpack-internal:///(app-pages-browser)/./node_modules/next/dist/client/dev/report-hmr-latency.js:13
[  114925ms] [LOG] [Fast Refresh] rebuilding @ webpack-internal:///(app-pages-browser)/./node_modules/next/dist/client/dev/hot-reloader/app/hot-reloader-app.js:196
[  114938ms] [LOG] [Fast Refresh] done in 13ms @ webpack-internal:///(app-pages-browser)/./node_modules/next/dist/client/dev/report-hmr-latency.js:13
[  115114ms] [LOG] [Fast Refresh] rebuilding @ webpack-internal:///(app-pages-browser)/./node_modules/next/dist/client/dev/hot-reloader/app/hot-reloader-app.js:196
[  115141ms] [LOG] [Fast Refresh] done in 28ms @ webpack-internal:///(app-pages-browser)/./node_modules/next/dist/client/dev/report-hmr-latency.js:13
[  115307ms] [LOG] [Fast Refresh] rebuilding @ webpack-internal:///(app-pages-browser)/./node_modules/next/dist/client/dev/hot-reloader/app/hot-reloader-app.js:196
[  115325ms] [LOG] [Fast Refresh] done in 18ms @ webpack-internal:///(app-pages-browser)/./node_modules/next/dist/client/dev/report-hmr-latency.js:13
[  115487ms] [LOG] [Fast Refresh] rebuilding @ webpack-internal:///(app-pages-browser)/./node_modules/next/dist/client/dev/hot-reloader/app/hot-reloader-app.js:196
[  115534ms] [LOG] [Fast Refresh] done in 47ms @ webpack-internal:///(app-pages-browser)/./node_modules/next/dist/client/dev/report-hmr-latency.js:13
[  115928ms] [LOG] [Fast Refresh] rebuilding @ webpack-internal:///(app-pages-browser)/./node_modules/next/dist/client/dev/hot-reloader/app/hot-reloader-app.js:196
[  115952ms] [LOG] [Fast Refresh] done in 23ms @ webpack-internal:///(app-pages-browser)/./node_modules/next/dist/client/dev/report-hmr-latency.js:13
[  116142ms] [LOG] [Fast Refresh] rebuilding @ webpack-internal:///(app-pages-browser)/./node_modules/next/dist/client/dev/hot-reloader/app/hot-reloader-app.js:196
[  116180ms] [LOG] [Fast Refresh] done in 38ms @ webpack-internal:///(app-pages-browser)/./node_modules/next/dist/client/dev/report-hmr-latency.js:13
[  116573ms] [LOG] [Fast Refresh] done in 431ms @ webpack-internal:///(app-pages-browser)/./node_modules/next/dist/client/dev/report-hmr-latency.js:13
[  116580ms] [LOG] [Fast Refresh] rebuilding @ webpack-internal:///(app-pages-browser)/./node_modules/next/dist/client/dev/hot-reloader/app/hot-reloader-app.js:196
[  116716ms] [ERROR] Failed to load resource: the server responded with a status of 500 (Internal Server Error) @ http://localhost:3000/product/dp-002?_rsc=9re8fPIDhkOq5UU3:0
[  116755ms] [LOG] [Fast Refresh] rebuilding @ webpack-internal:///(app-pages-browser)/./node_modules/next/dist/client/dev/hot-reloader/app/hot-reloader-app.js:196
[  116766ms] [LOG] [Fast Refresh] done in 12ms @ webpack-internal:///(app-pages-browser)/./node_modules/next/dist/client/dev/report-hmr-latency.js:13
[  116933ms] [LOG] [Fast Refresh] rebuilding @ webpack-internal:///(app-pages-browser)/./node_modules/next/dist/client/dev/hot-reloader/app/hot-reloader-app.js:196
[  116949ms] [LOG] [Fast Refresh] done in 17ms @ webpack-internal:///(app-pages-browser)/./node_modules/next/dist/client/dev/report-hmr-latency.js:13
[  117408ms] [LOG] [Fast Refresh] rebuilding @ webpack-internal:///(app-pages-browser)/./node_modules/next/dist/client/dev/hot-reloader/app/hot-reloader-app.js:196
[  117654ms] [LOG] [Fast Refresh] done in 247ms @ webpack-internal:///(app-pages-browser)/./node_modules/next/dist/client/dev/report-hmr-latency.js:13
[  117974ms] [LOG] [Fast Refresh] rebuilding @ webpack-internal:///(app-pages-browser)/./node_modules/next/dist/client/dev/hot-reloader/app/hot-reloader-app.js:196
[  118033ms] [LOG] [Fast Refresh] done in 59ms @ webpack-internal:///(app-pages-browser)/./node_modules/next/dist/client/dev/report-hmr-latency.js:13
[  118409ms] [LOG] [Fast Refresh] rebuilding @ webpack-internal:///(app-pages-browser)/./node_modules/next/dist/client/dev/hot-reloader/app/hot-reloader-app.js:196
[  118438ms] [LOG] [Fast Refresh] done in 30ms @ webpack-internal:///(app-pages-browser)/./node_modules/next/dist/client/dev/report-hmr-latency.js:13
[  118764ms] [LOG] [Fast Refresh] rebuilding @ webpack-internal:///(app-pages-browser)/./node_modules/next/dist/client/dev/hot-reloader/app/hot-reloader-app.js:196
[  118805ms] [LOG] [Fast Refresh] done in 41ms @ webpack-internal:///(app-pages-browser)/./node_modules/next/dist/client/dev/report-hmr-latency.js:13
[  119186ms] [LOG] [Fast Refresh] rebuilding @ webpack-internal:///(app-pages-browser)/./node_modules/next/dist/client/dev/hot-reloader/app/hot-reloader-app.js:196
[  119270ms] [LOG] [Fast Refresh] done in 84ms @ webpack-internal:///(app-pages-browser)/./node_modules/next/dist/client/dev/report-hmr-latency.js:13
[  120153ms] [LOG] [Fast Refresh] rebuilding @ webpack-internal:///(app-pages-browser)/./node_modules/next/dist/client/dev/hot-reloader/app/hot-reloader-app.js:196
[  120218ms] [LOG] [Fast Refresh] done in 65ms @ webpack-internal:///(app-pages-browser)/./node_modules/next/dist/client/dev/report-hmr-latency.js:13
[  120474ms] [LOG] [Fast Refresh] rebuilding @ webpack-internal:///(app-pages-browser)/./node_modules/next/dist/client/dev/hot-reloader/app/hot-reloader-app.js:196
[  120509ms] [LOG] [Fast Refresh] done in 34ms @ webpack-internal:///(app-pages-browser)/./node_modules/next/dist/client/dev/report-hmr-latency.js:13
[  120772ms] [LOG] [Fast Refresh] rebuilding @ webpack-internal:///(app-pages-browser)/./node_modules/next/dist/client/dev/hot-reloader/app/hot-reloader-app.js:196
[  120832ms] [LOG] [Fast Refresh] done in 61ms @ webpack-internal:///(app-pages-browser)/./node_modules/next/dist/client/dev/report-hmr-latency.js:13
[  120944ms] [LOG] [Fast Refresh] rebuilding @ webpack-internal:///(app-pages-browser)/./node_modules/next/dist/client/dev/hot-reloader/app/hot-reloader-app.js:196
[  120982ms] [LOG] [Fast Refresh] done in 38ms @ webpack-internal:///(app-pages-browser)/./node_modules/next/dist/client/dev/report-hmr-latency.js:13
[  121085ms] [LOG] [Fast Refresh] rebuilding @ webpack-internal:///(app-pages-browser)/./node_modules/next/dist/client/dev/hot-reloader/app/hot-reloader-app.js:196
[  121157ms] [LOG] [Fast Refresh] done in 72ms @ webpack-internal:///(app-pages-browser)/./node_modules/next/dist/client/dev/report-hmr-latency.js:13
[  121541ms] [LOG] [Fast Refresh] rebuilding @ webpack-internal:///(app-pages-browser)/./node_modules/next/dist/client/dev/hot-reloader/app/hot-reloader-app.js:196
[  121659ms] [LOG] [Fast Refresh] done in 117ms @ webpack-internal:///(app-pages-browser)/./node_modules/next/dist/client/dev/report-hmr-latency.js:13
[  121904ms] [LOG] [Fast Refresh] rebuilding @ webpack-internal:///(app-pages-browser)/./node_modules/next/dist/client/dev/hot-reloader/app/hot-reloader-app.js:196
[  121975ms] [LOG] [Fast Refresh] done in 71ms @ webpack-internal:///(app-pages-browser)/./node_modules/next/dist/client/dev/report-hmr-latency.js:13
[  122269ms] [LOG] [Fast Refresh] rebuilding @ webpack-internal:///(app-pages-browser)/./node_modules/next/dist/client/dev/hot-reloader/app/hot-reloader-app.js:196
[  122309ms] [LOG] [Fast Refresh] done in 41ms @ webpack-internal:///(app-pages-browser)/./node_modules/next/dist/client/dev/report-hmr-latency.js:13
[  122612ms] [LOG] [Fast Refresh] rebuilding @ webpack-internal:///(app-pages-browser)/./node_modules/next/dist/client/dev/hot-reloader/app/hot-reloader-app.js:196
[  122638ms] [LOG] [Fast Refresh] done in 25ms @ webpack-internal:///(app-pages-browser)/./node_modules/next/dist/client/dev/report-hmr-latency.js:13
[  122883ms] [LOG] [Fast Refresh] rebuilding @ webpack-internal:///(app-pages-browser)/./node_modules/next/dist/client/dev/hot-reloader/app/hot-reloader-app.js:196
[  122923ms] [LOG] [Fast Refresh] done in 40ms @ webpack-internal:///(app-pages-browser)/./node_modules/next/dist/client/dev/report-hmr-latency.js:13
[  123170ms] [LOG] [Fast Refresh] rebuilding @ webpack-internal:///(app-pages-browser)/./node_modules/next/dist/client/dev/hot-reloader/app/hot-reloader-app.js:196
[  123188ms] [LOG] [Fast Refresh] done in 17ms @ webpack-internal:///(app-pages-browser)/./node_modules/next/dist/client/dev/report-hmr-latency.js:13
[  123368ms] [LOG] [Fast Refresh] rebuilding @ webpack-internal:///(app-pages-browser)/./node_modules/next/dist/client/dev/hot-reloader/app/hot-reloader-app.js:196
[  123389ms] [LOG] [Fast Refresh] done in 20ms @ webpack-internal:///(app-pages-browser)/./node_modules/next/dist/client/dev/report-hmr-latency.js:13
[  123655ms] [LOG] [Fast Refresh] rebuilding @ webpack-internal:///(app-pages-browser)/./node_modules/next/dist/client/dev/hot-reloader/app/hot-reloader-app.js:196
[  123685ms] [LOG] [Fast Refresh] done in 31ms @ webpack-internal:///(app-pages-browser)/./node_modules/next/dist/client/dev/report-hmr-latency.js:13
[  123819ms] [LOG] [Fast Refresh] rebuilding @ webpack-internal:///(app-pages-browser)/./node_modules/next/dist/client/dev/hot-reloader/app/hot-reloader-app.js:196
[  123833ms] [LOG] [Fast Refresh] done in 13ms @ webpack-internal:///(app-pages-browser)/./node_modules/next/dist/client/dev/report-hmr-latency.js:13
[  124025ms] [LOG] [Fast Refresh] rebuilding @ webpack-internal:///(app-pages-browser)/./node_modules/next/dist/client/dev/hot-reloader/app/hot-reloader-app.js:196
[  124052ms] [LOG] [Fast Refresh] done in 28ms @ webpack-internal:///(app-pages-browser)/./node_modules/next/dist/client/dev/report-hmr-latency.js:13
[  124179ms] [LOG] [Fast Refresh] rebuilding @ webpack-internal:///(app-pages-browser)/./node_modules/next/dist/client/dev/hot-reloader/app/hot-reloader-app.js:196
[  124192ms] [LOG] [Fast Refresh] done in 12ms @ webpack-internal:///(app-pages-browser)/./node_modules/next/dist/client/dev/report-hmr-latency.js:13
[  124324ms] [LOG] [Fast Refresh] rebuilding @ webpack-internal:///(app-pages-browser)/./node_modules/next/dist/client/dev/hot-reloader/app/hot-reloader-app.js:196
[  124342ms] [LOG] [Fast Refresh] done in 18ms @ webpack-internal:///(app-pages-browser)/./node_modules/next/dist/client/dev/report-hmr-latency.js:13
[  124582ms] [LOG] [Fast Refresh] rebuilding @ webpack-internal:///(app-pages-browser)/./node_modules/next/dist/client/dev/hot-reloader/app/hot-reloader-app.js:196
[  124633ms] [LOG] [Fast Refresh] done in 50ms @ webpack-internal:///(app-pages-browser)/./node_modules/next/dist/client/dev/report-hmr-latency.js:13
[  125069ms] [LOG] [Fast Refresh] done in 486ms @ webpack-internal:///(app-pages-browser)/./node_modules/next/dist/client/dev/report-hmr-latency.js:13
[  125115ms] [LOG] [Fast Refresh] rebuilding @ webpack-internal:///(app-pages-browser)/./node_modules/next/dist/client/dev/hot-reloader/app/hot-reloader-app.js:196
[  125365ms] [ERROR] Failed to load resource: the server responded with a status of 500 (Internal Server Error) @ http://localhost:3000/product/dp-002?_rsc=9re8fPIDhkOq5UU3:0
[  125438ms] [LOG] [Fast Refresh] rebuilding @ webpack-internal:///(app-pages-browser)/./node_modules/next/dist/client/dev/hot-reloader/app/hot-reloader-app.js:196
[  125573ms] [LOG] [Fast Refresh] done in 134ms @ webpack-internal:///(app-pages-browser)/./node_modules/next/dist/client/dev/report-hmr-latency.js:13
[  125700ms] [LOG] [Fast Refresh] rebuilding @ webpack-internal:///(app-pages-browser)/./node_modules/next/dist/client/dev/hot-reloader/app/hot-reloader-app.js:196
[  125718ms] [LOG] [Fast Refresh] done in 18ms @ webpack-internal:///(app-pages-browser)/./node_modules/next/dist/client/dev/report-hmr-latency.js:13
[  126155ms] [LOG] [Fast Refresh] rebuilding @ webpack-internal:///(app-pages-browser)/./node_modules/next/dist/client/dev/hot-reloader/app/hot-reloader-app.js:196
[  126221ms] [LOG] [Fast Refresh] done in 65ms @ webpack-internal:///(app-pages-browser)/./node_modules/next/dist/client/dev/report-hmr-latency.js:13
[  126807ms] [LOG] [Fast Refresh] rebuilding @ webpack-internal:///(app-pages-browser)/./node_modules/next/dist/client/dev/hot-reloader/app/hot-reloader-app.js:196
[  126867ms] [LOG] [Fast Refresh] done in 59ms @ webpack-internal:///(app-pages-browser)/./node_modules/next/dist/client/dev/report-hmr-latency.js:13
[  127123ms] [LOG] [Fast Refresh] rebuilding @ webpack-internal:///(app-pages-browser)/./node_modules/next/dist/client/dev/hot-reloader/app/hot-reloader-app.js:196
[  127180ms] [LOG] [Fast Refresh] done in 58ms @ webpack-internal:///(app-pages-browser)/./node_modules/next/dist/client/dev/report-hmr-latency.js:13
[  127441ms] [LOG] [Fast Refresh] rebuilding @ webpack-internal:///(app-pages-browser)/./node_modules/next/dist/client/dev/hot-reloader/app/hot-reloader-app.js:196
[  127488ms] [LOG] [Fast Refresh] done in 47ms @ webpack-internal:///(app-pages-browser)/./node_modules/next/dist/client/dev/report-hmr-latency.js:13
[  127782ms] [LOG] [Fast Refresh] rebuilding @ webpack-internal:///(app-pages-browser)/./node_modules/next/dist/client/dev/hot-reloader/app/hot-reloader-app.js:196
[  127805ms] [LOG] [Fast Refresh] done in 23ms @ webpack-internal:///(app-pages-browser)/./node_modules/next/dist/client/dev/report-hmr-latency.js:13
[  128080ms] [LOG] [Fast Refresh] rebuilding @ webpack-internal:///(app-pages-browser)/./node_modules/next/dist/client/dev/hot-reloader/app/hot-reloader-app.js:196
[  128098ms] [LOG] [Fast Refresh] done in 18ms @ webpack-internal:///(app-pages-browser)/./node_modules/next/dist/client/dev/report-hmr-latency.js:13
[  128272ms] [LOG] [Fast Refresh] rebuilding @ webpack-internal:///(app-pages-browser)/./node_modules/next/dist/client/dev/hot-reloader/app/hot-reloader-app.js:196
[  128290ms] [LOG] [Fast Refresh] done in 17ms @ webpack-internal:///(app-pages-browser)/./node_modules/next/dist/client/dev/report-hmr-latency.js:13
[  128447ms] [LOG] [Fast Refresh] rebuilding @ webpack-internal:///(app-pages-browser)/./node_modules/next/dist/client/dev/hot-reloader/app/hot-reloader-app.js:196
[  128468ms] [LOG] [Fast Refresh] done in 21ms @ webpack-internal:///(app-pages-browser)/./node_modules/next/dist/client/dev/report-hmr-latency.js:13
[  128604ms] [LOG] [Fast Refresh] rebuilding @ webpack-internal:///(app-pages-browser)/./node_modules/next/dist/client/dev/hot-reloader/app/hot-reloader-app.js:196
[  128618ms] [LOG] [Fast Refresh] done in 15ms @ webpack-internal:///(app-pages-browser)/./node_modules/next/dist/client/dev/report-hmr-latency.js:13
[  128751ms] [LOG] [Fast Refresh] rebuilding @ webpack-internal:///(app-pages-browser)/./node_modules/next/dist/client/dev/hot-reloader/app/hot-reloader-app.js:196
[  128768ms] [LOG] [Fast Refresh] done in 18ms @ webpack-internal:///(app-pages-browser)/./node_modules/next/dist/client/dev/report-hmr-latency.js:13
[  128908ms] [LOG] [Fast Refresh] rebuilding @ webpack-internal:///(app-pages-browser)/./node_modules/next/dist/client/dev/hot-reloader/app/hot-reloader-app.js:196
[  128926ms] [LOG] [Fast Refresh] done in 18ms @ webpack-internal:///(app-pages-browser)/./node_modules/next/dist/client/dev/report-hmr-latency.js:13
[  129078ms] [LOG] [Fast Refresh] rebuilding @ webpack-internal:///(app-pages-browser)/./node_modules/next/dist/client/dev/hot-reloader/app/hot-reloader-app.js:196
[  129093ms] [LOG] [Fast Refresh] done in 16ms @ webpack-internal:///(app-pages-browser)/./node_modules/next/dist/client/dev/report-hmr-latency.js:13
[  129331ms] [LOG] [Fast Refresh] rebuilding @ webpack-internal:///(app-pages-browser)/./node_modules/next/dist/client/dev/hot-reloader/app/hot-reloader-app.js:196
[  129359ms] [LOG] [Fast Refresh] done in 28ms @ webpack-internal:///(app-pages-browser)/./node_modules/next/dist/client/dev/report-hmr-latency.js:13
[  129603ms] [LOG] [Fast Refresh] rebuilding @ webpack-internal:///(app-pages-browser)/./node_modules/next/dist/client/dev/hot-reloader/app/hot-reloader-app.js:196
[  129621ms] [LOG] [Fast Refresh] done in 19ms @ webpack-internal:///(app-pages-browser)/./node_modules/next/dist/client/dev/report-hmr-latency.js:13
[  129777ms] [LOG] [Fast Refresh] rebuilding @ webpack-internal:///(app-pages-browser)/./node_modules/next/dist/client/dev/hot-reloader/app/hot-reloader-app.js:196
[  129793ms] [LOG] [Fast Refresh] done in 15ms @ webpack-internal:///(app-pages-browser)/./node_modules/next/dist/client/dev/report-hmr-latency.js:13
[  129936ms] [LOG] [Fast Refresh] rebuilding @ webpack-internal:///(app-pages-browser)/./node_modules/next/dist/client/dev/hot-reloader/app/hot-reloader-app.js:196
[  129949ms] [LOG] [Fast Refresh] done in 14ms @ webpack-internal:///(app-pages-browser)/./node_modules/next/dist/client/dev/report-hmr-latency.js:13
[  130071ms] [LOG] [Fast Refresh] rebuilding @ webpack-internal:///(app-pages-browser)/./node_modules/next/dist/client/dev/hot-reloader/app/hot-reloader-app.js:196
[  130089ms] [LOG] [Fast Refresh] done in 17ms @ webpack-internal:///(app-pages-browser)/./node_modules/next/dist/client/dev/report-hmr-latency.js:13
[  130272ms] [LOG] [Fast Refresh] rebuilding @ webpack-internal:///(app-pages-browser)/./node_modules/next/dist/client/dev/hot-reloader/app/hot-reloader-app.js:196
[  130782ms] [LOG] [Fast Refresh] done in 511ms @ webpack-internal:///(app-pages-browser)/./node_modules/next/dist/client/dev/report-hmr-latency.js:13
[  132292ms] [LOG] [Fast Refresh] rebuilding @ webpack-internal:///(app-pages-browser)/./node_modules/next/dist/client/dev/hot-reloader/app/hot-reloader-app.js:196
[  132308ms] [LOG] [Fast Refresh] done in 15ms @ webpack-internal:///(app-pages-browser)/./node_modules/next/dist/client/dev/report-hmr-latency.js:13
[  132478ms] [LOG] [Fast Refresh] rebuilding @ webpack-internal:///(app-pages-browser)/./node_modules/next/dist/client/dev/hot-reloader/app/hot-reloader-app.js:196
[  132504ms] [LOG] [Fast Refresh] done in 26ms @ webpack-internal:///(app-pages-browser)/./node_modules/next/dist/client/dev/report-hmr-latency.js:13
[  132851ms] [LOG] [Fast Refresh] rebuilding @ webpack-internal:///(app-pages-browser)/./node_modules/next/dist/client/dev/hot-reloader/app/hot-reloader-app.js:196
[  132938ms] [LOG] [Fast Refresh] done in 87ms @ webpack-internal:///(app-pages-browser)/./node_modules/next/dist/client/dev/report-hmr-latency.js:13
[  133324ms] [LOG] [Fast Refresh] rebuilding @ webpack-internal:///(app-pages-browser)/./node_modules/next/dist/client/dev/hot-reloader/app/hot-reloader-app.js:196
[  133376ms] [LOG] [Fast Refresh] done in 53ms @ webpack-internal:///(app-pages-browser)/./node_modules/next/dist/client/dev/report-hmr-latency.js:13
[  134590ms] [LOG] [Fast Refresh] done in 1267ms @ webpack-internal:///(app-pages-browser)/./node_modules/next/dist/client/dev/report-hmr-latency.js:13
[  134665ms] [LOG] [Fast Refresh] rebuilding @ webpack-internal:///(app-pages-browser)/./node_modules/next/dist/client/dev/hot-reloader/app/hot-reloader-app.js:196
[  134825ms] [ERROR] Failed to load resource: the server responded with a status of 500 (Internal Server Error) @ http://localhost:3000/product/dp-002?_rsc=9re8fPIDhkOq5UU3:0
[  134908ms] [LOG] [Fast Refresh] rebuilding @ webpack-internal:///(app-pages-browser)/./node_modules/next/dist/client/dev/hot-reloader/app/hot-reloader-app.js:196
[  134926ms] [LOG] [Fast Refresh] done in 17ms @ webpack-internal:///(app-pages-browser)/./node_modules/next/dist/client/dev/report-hmr-latency.js:13
[  135601ms] [LOG] [Fast Refresh] rebuilding @ webpack-internal:///(app-pages-browser)/./node_modules/next/dist/client/dev/hot-reloader/app/hot-reloader-app.js:196
[  135754ms] [LOG] [Fast Refresh] done in 153ms @ webpack-internal:///(app-pages-browser)/./node_modules/next/dist/client/dev/report-hmr-latency.js:13
[  136047ms] [LOG] [Fast Refresh] rebuilding @ webpack-internal:///(app-pages-browser)/./node_modules/next/dist/client/dev/hot-reloader/app/hot-reloader-app.js:196
[  136076ms] [LOG] [Fast Refresh] done in 30ms @ webpack-internal:///(app-pages-browser)/./node_modules/next/dist/client/dev/report-hmr-latency.js:13
[  136442ms] [LOG] [Fast Refresh] rebuilding @ webpack-internal:///(app-pages-browser)/./node_modules/next/dist/client/dev/hot-reloader/app/hot-reloader-app.js:196
[  136669ms] [LOG] [Fast Refresh] done in 227ms @ webpack-internal:///(app-pages-browser)/./node_modules/next/dist/client/dev/report-hmr-latency.js:13
[  138941ms] [LOG] [Fast Refresh] rebuilding @ webpack-internal:///(app-pages-browser)/./node_modules/next/dist/client/dev/hot-reloader/app/hot-reloader-app.js:196
[  139091ms] [LOG] [Fast Refresh] done in 151ms @ webpack-internal:///(app-pages-browser)/./node_modules/next/dist/client/dev/report-hmr-latency.js:13
[  140041ms] [LOG] [Fast Refresh] rebuilding @ webpack-internal:///(app-pages-browser)/./node_modules/next/dist/client/dev/hot-reloader/app/hot-reloader-app.js:196
[  140235ms] [LOG] [Fast Refresh] done in 194ms @ webpack-internal:///(app-pages-browser)/./node_modules/next/dist/client/dev/report-hmr-latency.js:13
[  141767ms] [LOG] [Fast Refresh] rebuilding @ webpack-internal:///(app-pages-browser)/./node_modules/next/dist/client/dev/hot-reloader/app/hot-reloader-app.js:196
[  142193ms] [LOG] [Fast Refresh] done in 427ms @ webpack-internal:///(app-pages-browser)/./node_modules/next/dist/client/dev/report-hmr-latency.js:13
[  143748ms] [LOG] [Fast Refresh] rebuilding @ webpack-internal:///(app-pages-browser)/./node_modules/next/dist/client/dev/hot-reloader/app/hot-reloader-app.js:196
[  144102ms] [LOG] [Fast Refresh] done in 354ms @ webpack-internal:///(app-pages-browser)/./node_modules/next/dist/client/dev/report-hmr-latency.js:13
[  145727ms] [LOG] [Fast Refresh] rebuilding @ webpack-internal:///(app-pages-browser)/./node_modules/next/dist/client/dev/hot-reloader/app/hot-reloader-app.js:196
[  145860ms] [LOG] [Fast Refresh] done in 133ms @ webpack-internal:///(app-pages-browser)/./node_modules/next/dist/client/dev/report-hmr-latency.js:13
[  147906ms] [LOG] [Fast Refresh] rebuilding @ webpack-internal:///(app-pages-browser)/./node_modules/next/dist/client/dev/hot-reloader/app/hot-reloader-app.js:196
[  149301ms] [LOG] [Fast Refresh] done in 1395ms @ webpack-internal:///(app-pages-browser)/./node_modules/next/dist/client/dev/report-hmr-latency.js:13
[  150910ms] [LOG] [Fast Refresh] rebuilding @ webpack-internal:///(app-pages-browser)/./node_modules/next/dist/client/dev/hot-reloader/app/hot-reloader-app.js:196
[  151730ms] [LOG] [Fast Refresh] done in 820ms @ webpack-internal:///(app-pages-browser)/./node_modules/next/dist/client/dev/report-hmr-latency.js:13
[  153034ms] [LOG] [Fast Refresh] rebuilding @ webpack-internal:///(app-pages-browser)/./node_modules/next/dist/client/dev/hot-reloader/app/hot-reloader-app.js:196
[  153083ms] [LOG] [Fast Refresh] done in 49ms @ webpack-internal:///(app-pages-browser)/./node_modules/next/dist/client/dev/report-hmr-latency.js:13
[  153995ms] [LOG] [Fast Refresh] rebuilding @ webpack-internal:///(app-pages-browser)/./node_modules/next/dist/client/dev/hot-reloader/app/hot-reloader-app.js:196
[  154042ms] [LOG] [Fast Refresh] done in 47ms @ webpack-internal:///(app-pages-browser)/./node_modules/next/dist/client/dev/report-hmr-latency.js:13
[  154640ms] [LOG] [Fast Refresh] rebuilding @ webpack-internal:///(app-pages-browser)/./node_modules/next/dist/client/dev/hot-reloader/app/hot-reloader-app.js:196
[  154699ms] [LOG] [Fast Refresh] done in 59ms @ webpack-internal:///(app-pages-browser)/./node_modules/next/dist/client/dev/report-hmr-latency.js:13
[  156270ms] [LOG] [Fast Refresh] rebuilding @ webpack-internal:///(app-pages-browser)/./node_modules/next/dist/client/dev/hot-reloader/app/hot-reloader-app.js:196
[  156414ms] [LOG] [Fast Refresh] done in 144ms @ webpack-internal:///(app-pages-browser)/./node_modules/next/dist/client/dev/report-hmr-latency.js:13
[  157475ms] [LOG] [Fast Refresh] rebuilding @ webpack-internal:///(app-pages-browser)/./node_modules/next/dist/client/dev/hot-reloader/app/hot-reloader-app.js:196
[  157571ms] [LOG] [Fast Refresh] done in 96ms @ webpack-internal:///(app-pages-browser)/./node_modules/next/dist/client/dev/report-hmr-latency.js:13
[  159576ms] [LOG] [Fast Refresh] rebuilding @ webpack-internal:///(app-pages-browser)/./node_modules/next/dist/client/dev/hot-reloader/app/hot-reloader-app.js:196
[  160908ms] [LOG] [Fast Refresh] done in 1331ms @ webpack-internal:///(app-pages-browser)/./node_modules/next/dist/client/dev/report-hmr-latency.js:13
[  160908ms] [LOG] [Fast Refresh] rebuilding @ webpack-internal:///(app-pages-browser)/./node_modules/next/dist/client/dev/hot-reloader/app/hot-reloader-app.js:196
[  163705ms] [LOG] [Fast Refresh] done in 2796ms @ webpack-internal:///(app-pages-browser)/./node_modules/next/dist/client/dev/report-hmr-latency.js:13
[  163705ms] [LOG] [Fast Refresh] rebuilding @ webpack-internal:///(app-pages-browser)/./node_modules/next/dist/client/dev/hot-reloader/app/hot-reloader-app.js:196
[  164892ms] [LOG] [Fast Refresh] done in 1187ms @ webpack-internal:///(app-pages-browser)/./node_modules/next/dist/client/dev/report-hmr-latency.js:13
[  164937ms] [LOG] [Fast Refresh] rebuilding @ webpack-internal:///(app-pages-browser)/./node_modules/next/dist/client/dev/hot-reloader/app/hot-reloader-app.js:196
[  164992ms] [LOG] [Fast Refresh] done in 55ms @ webpack-internal:///(app-pages-browser)/./node_modules/next/dist/client/dev/report-hmr-latency.js:13
[  165718ms] [LOG] [Fast Refresh] rebuilding @ webpack-internal:///(app-pages-browser)/./node_modules/next/dist/client/dev/hot-reloader/app/hot-reloader-app.js:196
[  165858ms] [LOG] [Fast Refresh] done in 141ms @ webpack-internal:///(app-pages-browser)/./node_modules/next/dist/client/dev/report-hmr-latency.js:13
[  166635ms] [LOG] [Fast Refresh] rebuilding @ webpack-internal:///(app-pages-browser)/./node_modules/next/dist/client/dev/hot-reloader/app/hot-reloader-app.js:196
[  166694ms] [LOG] [Fast Refresh] done in 58ms @ webpack-internal:///(app-pages-browser)/./node_modules/next/dist/client/dev/report-hmr-latency.js:13
[  167775ms] [LOG] [Fast Refresh] done in 1140ms @ webpack-internal:///(app-pages-browser)/./node_modules/next/dist/client/dev/report-hmr-latency.js:13
[  167825ms] [LOG] [Fast Refresh] rebuilding @ webpack-internal:///(app-pages-browser)/./node_modules/next/dist/client/dev/hot-reloader/app/hot-reloader-app.js:196
[  168155ms] [ERROR] Failed to load resource: the server responded with a status of 500 (Internal Server Error) @ http://localhost:3000/product/dp-002?_rsc=9re8fPIDhkOq5UU3:0
[  169591ms] [LOG] [Fast Refresh] rebuilding @ webpack-internal:///(app-pages-browser)/./node_modules/next/dist/client/dev/hot-reloader/app/hot-reloader-app.js:196
[  169909ms] [LOG] [Fast Refresh] done in 319ms @ webpack-internal:///(app-pages-browser)/./node_modules/next/dist/client/dev/report-hmr-latency.js:13
[  170102ms] [LOG] [Fast Refresh] rebuilding @ webpack-internal:///(app-pages-browser)/./node_modules/next/dist/client/dev/hot-reloader/app/hot-reloader-app.js:196
[  170209ms] [LOG] [Fast Refresh] done in 107ms @ webpack-internal:///(app-pages-browser)/./node_modules/next/dist/client/dev/report-hmr-latency.js:13
[  170521ms] [LOG] [Fast Refresh] rebuilding @ webpack-internal:///(app-pages-browser)/./node_modules/next/dist/client/dev/hot-reloader/app/hot-reloader-app.js:196
[  170594ms] [LOG] [Fast Refresh] done in 73ms @ webpack-internal:///(app-pages-browser)/./node_modules/next/dist/client/dev/report-hmr-latency.js:13
[  171417ms] [LOG] [Fast Refresh] rebuilding @ webpack-internal:///(app-pages-browser)/./node_modules/next/dist/client/dev/hot-reloader/app/hot-reloader-app.js:196
[  171535ms] [LOG] [Fast Refresh] done in 118ms @ webpack-internal:///(app-pages-browser)/./node_modules/next/dist/client/dev/report-hmr-latency.js:13
[  172401ms] [LOG] [Fast Refresh] rebuilding @ webpack-internal:///(app-pages-browser)/./node_modules/next/dist/client/dev/hot-reloader/app/hot-reloader-app.js:196
[  172506ms] [LOG] [Fast Refresh] done in 106ms @ webpack-internal:///(app-pages-browser)/./node_modules/next/dist/client/dev/report-hmr-latency.js:13
[  174892ms] [LOG] [Fast Refresh] rebuilding @ webpack-internal:///(app-pages-browser)/./node_modules/next/dist/client/dev/hot-reloader/app/hot-reloader-app.js:196
[  175422ms] [LOG] [Fast Refresh] done in 530ms @ webpack-internal:///(app-pages-browser)/./node_modules/next/dist/client/dev/report-hmr-latency.js:13
[  176276ms] [LOG] [Fast Refresh] rebuilding @ webpack-internal:///(app-pages-browser)/./node_modules/next/dist/client/dev/hot-reloader/app/hot-reloader-app.js:196
[  176376ms] [LOG] [Fast Refresh] done in 101ms @ webpack-internal:///(app-pages-browser)/./node_modules/next/dist/client/dev/report-hmr-latency.js:13
[  178110ms] [LOG] [Fast Refresh] rebuilding @ webpack-internal:///(app-pages-browser)/./node_modules/next/dist/client/dev/hot-reloader/app/hot-reloader-app.js:196
[  178264ms] [LOG] [Fast Refresh] done in 154ms @ webpack-internal:///(app-pages-browser)/./node_modules/next/dist/client/dev/report-hmr-latency.js:13
[  179282ms] [LOG] [Fast Refresh] rebuilding @ webpack-internal:///(app-pages-browser)/./node_modules/next/dist/client/dev/hot-reloader/app/hot-reloader-app.js:196
[  179452ms] [LOG] [Fast Refresh] done in 170ms @ webpack-internal:///(app-pages-browser)/./node_modules/next/dist/client/dev/report-hmr-latency.js:13
[  179683ms] [LOG] [Fast Refresh] rebuilding @ webpack-internal:///(app-pages-browser)/./node_modules/next/dist/client/dev/hot-reloader/app/hot-reloader-app.js:196
[  179746ms] [LOG] [Fast Refresh] done in 64ms @ webpack-internal:///(app-pages-browser)/./node_modules/next/dist/client/dev/report-hmr-latency.js:13
[  179914ms] [LOG] [Fast Refresh] rebuilding @ webpack-internal:///(app-pages-browser)/./node_modules/next/dist/client/dev/hot-reloader/app/hot-reloader-app.js:196
[  179981ms] [LOG] [Fast Refresh] done in 67ms @ webpack-internal:///(app-pages-browser)/./node_modules/next/dist/client/dev/report-hmr-latency.js:13
[  180133ms] [LOG] [Fast Refresh] rebuilding @ webpack-internal:///(app-pages-browser)/./node_modules/next/dist/client/dev/hot-reloader/app/hot-reloader-app.js:196
[  180192ms] [LOG] [Fast Refresh] done in 60ms @ webpack-internal:///(app-pages-browser)/./node_modules/next/dist/client/dev/report-hmr-latency.js:13
[  180458ms] [LOG] [Fast Refresh] rebuilding @ webpack-internal:///(app-pages-browser)/./node_modules/next/dist/client/dev/hot-reloader/app/hot-reloader-app.js:196
[  180509ms] [LOG] [Fast Refresh] done in 52ms @ webpack-internal:///(app-pages-browser)/./node_modules/next/dist/client/dev/report-hmr-latency.js:13
[  180655ms] [LOG] [Fast Refresh] rebuilding @ webpack-internal:///(app-pages-browser)/./node_modules/next/dist/client/dev/hot-reloader/app/hot-reloader-app.js:196
[  180669ms] [LOG] [Fast Refresh] done in 15ms @ webpack-internal:///(app-pages-browser)/./node_modules/next/dist/client/dev/report-hmr-latency.js:13
[  180815ms] [LOG] [Fast Refresh] rebuilding @ webpack-internal:///(app-pages-browser)/./node_modules/next/dist/client/dev/hot-reloader/app/hot-reloader-app.js:196
[  180829ms] [LOG] [Fast Refresh] done in 14ms @ webpack-internal:///(app-pages-browser)/./node_modules/next/dist/client/dev/report-hmr-latency.js:13
[  180985ms] [LOG] [Fast Refresh] rebuilding @ webpack-internal:///(app-pages-browser)/./node_modules/next/dist/client/dev/hot-reloader/app/hot-reloader-app.js:196
[  181016ms] [LOG] [Fast Refresh] done in 31ms @ webpack-internal:///(app-pages-browser)/./node_modules/next/dist/client/dev/report-hmr-latency.js:13
[  181271ms] [LOG] [Fast Refresh] rebuilding @ webpack-internal:///(app-pages-browser)/./node_modules/next/dist/client/dev/hot-reloader/app/hot-reloader-app.js:196
[  181302ms] [LOG] [Fast Refresh] done in 31ms @ webpack-internal:///(app-pages-browser)/./node_modules/next/dist/client/dev/report-hmr-latency.js:13
[  181585ms] [LOG] [Fast Refresh] rebuilding @ webpack-internal:///(app-pages-browser)/./node_modules/next/dist/client/dev/hot-reloader/app/hot-reloader-app.js:196
[  181622ms] [LOG] [Fast Refresh] done in 37ms @ webpack-internal:///(app-pages-browser)/./node_modules/next/dist/client/dev/report-hmr-latency.js:13
[  181808ms] [LOG] [Fast Refresh] rebuilding @ webpack-internal:///(app-pages-browser)/./node_modules/next/dist/client/dev/hot-reloader/app/hot-reloader-app.js:196
[  181834ms] [LOG] [Fast Refresh] done in 26ms @ webpack-internal:///(app-pages-browser)/./node_modules/next/dist/client/dev/report-hmr-latency.js:13
[  182000ms] [LOG] [Fast Refresh] rebuilding @ webpack-internal:///(app-pages-browser)/./node_modules/next/dist/client/dev/hot-reloader/app/hot-reloader-app.js:196
[  182022ms] [LOG] [Fast Refresh] done in 22ms @ webpack-internal:///(app-pages-browser)/./node_modules/next/dist/client/dev/report-hmr-latency.js:13
[  182351ms] [LOG] [Fast Refresh] rebuilding @ webpack-internal:///(app-pages-browser)/./node_modules/next/dist/client/dev/hot-reloader/app/hot-reloader-app.js:196
[  182391ms] [LOG] [Fast Refresh] done in 40ms @ webpack-internal:///(app-pages-browser)/./node_modules/next/dist/client/dev/report-hmr-latency.js:13
[  182799ms] [LOG] [Fast Refresh] rebuilding @ webpack-internal:///(app-pages-browser)/./node_modules/next/dist/client/dev/hot-reloader/app/hot-reloader-app.js:196
[  182851ms] [LOG] [Fast Refresh] done in 52ms @ webpack-internal:///(app-pages-browser)/./node_modules/next/dist/client/dev/report-hmr-latency.js:13
[  183067ms] [LOG] [Fast Refresh] rebuilding @ webpack-internal:///(app-pages-browser)/./node_modules/next/dist/client/dev/hot-reloader/app/hot-reloader-app.js:196
[  183092ms] [LOG] [Fast Refresh] done in 25ms @ webpack-internal:///(app-pages-browser)/./node_modules/next/dist/client/dev/report-hmr-latency.js:13
[  183271ms] [LOG] [Fast Refresh] rebuilding @ webpack-internal:///(app-pages-browser)/./node_modules/next/dist/client/dev/hot-reloader/app/hot-reloader-app.js:196
[  183288ms] [LOG] [Fast Refresh] done in 17ms @ webpack-internal:///(app-pages-browser)/./node_modules/next/dist/client/dev/report-hmr-latency.js:13
[  183407ms] [LOG] [Fast Refresh] rebuilding @ webpack-internal:///(app-pages-browser)/./node_modules/next/dist/client/dev/hot-reloader/app/hot-reloader-app.js:196
[  183424ms] [LOG] [Fast Refresh] done in 17ms @ webpack-internal:///(app-pages-browser)/./node_modules/next/dist/client/dev/report-hmr-latency.js:13
[  183574ms] [LOG] [Fast Refresh] rebuilding @ webpack-internal:///(app-pages-browser)/./node_modules/next/dist/client/dev/hot-reloader/app/hot-reloader-app.js:196
[  183600ms] [LOG] [Fast Refresh] done in 26ms @ webpack-internal:///(app-pages-browser)/./node_modules/next/dist/client/dev/report-hmr-latency.js:13
[  183854ms] [LOG] [Fast Refresh] rebuilding @ webpack-internal:///(app-pages-browser)/./node_modules/next/dist/client/dev/hot-reloader/app/hot-reloader-app.js:196
[  183885ms] [LOG] [Fast Refresh] done in 30ms @ webpack-internal:///(app-pages-browser)/./node_modules/next/dist/client/dev/report-hmr-latency.js:13
[  184105ms] [LOG] [Fast Refresh] rebuilding @ webpack-internal:///(app-pages-browser)/./node_modules/next/dist/client/dev/hot-reloader/app/hot-reloader-app.js:196
[  184157ms] [LOG] [Fast Refresh] done in 51ms @ webpack-internal:///(app-pages-browser)/./node_modules/next/dist/client/dev/report-hmr-latency.js:13
[  184365ms] [LOG] [Fast Refresh] rebuilding @ webpack-internal:///(app-pages-browser)/./node_modules/next/dist/client/dev/hot-reloader/app/hot-reloader-app.js:196
[  184409ms] [LOG] [Fast Refresh] done in 43ms @ webpack-internal:///(app-pages-browser)/./node_modules/next/dist/client/dev/report-hmr-latency.js:13
[  184608ms] [LOG] [Fast Refresh] rebuilding @ webpack-internal:///(app-pages-browser)/./node_modules/next/dist/client/dev/hot-reloader/app/hot-reloader-app.js:196
[  184632ms] [LOG] [Fast Refresh] done in 24ms @ webpack-internal:///(app-pages-browser)/./node_modules/next/dist/client/dev/report-hmr-latency.js:13
[  184764ms] [LOG] [Fast Refresh] rebuilding @ webpack-internal:///(app-pages-browser)/./node_modules/next/dist/client/dev/hot-reloader/app/hot-reloader-app.js:196
[  184778ms] [LOG] [Fast Refresh] done in 15ms @ webpack-internal:///(app-pages-browser)/./node_modules/next/dist/client/dev/report-hmr-latency.js:13
[  184921ms] [LOG] [Fast Refresh] rebuilding @ webpack-internal:///(app-pages-browser)/./node_modules/next/dist/client/dev/hot-reloader/app/hot-reloader-app.js:196
[  184941ms] [LOG] [Fast Refresh] done in 20ms @ webpack-internal:///(app-pages-browser)/./node_modules/next/dist/client/dev/report-hmr-latency.js:13
[  185242ms] [LOG] [Fast Refresh] rebuilding @ webpack-internal:///(app-pages-browser)/./node_modules/next/dist/client/dev/hot-reloader/app/hot-reloader-app.js:196
[  185287ms] [LOG] [Fast Refresh] done in 45ms @ webpack-internal:///(app-pages-browser)/./node_modules/next/dist/client/dev/report-hmr-latency.js:13
[  185591ms] [LOG] [Fast Refresh] rebuilding @ webpack-internal:///(app-pages-browser)/./node_modules/next/dist/client/dev/hot-reloader/app/hot-reloader-app.js:196
[  185673ms] [LOG] [Fast Refresh] done in 83ms @ webpack-internal:///(app-pages-browser)/./node_modules/next/dist/client/dev/report-hmr-latency.js:13
[  186356ms] [LOG] [Fast Refresh] rebuilding @ webpack-internal:///(app-pages-browser)/./node_modules/next/dist/client/dev/hot-reloader/app/hot-reloader-app.js:196
[  186400ms] [LOG] [Fast Refresh] done in 44ms @ webpack-internal:///(app-pages-browser)/./node_modules/next/dist/client/dev/report-hmr-latency.js:13
[  186586ms] [LOG] [Fast Refresh] rebuilding @ webpack-internal:///(app-pages-browser)/./node_modules/next/dist/client/dev/hot-reloader/app/hot-reloader-app.js:196
[  186620ms] [LOG] [Fast Refresh] done in 34ms @ webpack-internal:///(app-pages-browser)/./node_modules/next/dist/client/dev/report-hmr-latency.js:13
[  186816ms] [LOG] [Fast Refresh] done in 229ms @ webpack-internal:///(app-pages-browser)/./node_modules/next/dist/client/dev/report-hmr-latency.js:13
[  186858ms] [LOG] [Fast Refresh] rebuilding @ webpack-internal:///(app-pages-browser)/./node_modules/next/dist/client/dev/hot-reloader/app/hot-reloader-app.js:196
[  187042ms] [LOG] [Fast Refresh] rebuilding @ webpack-internal:///(app-pages-browser)/./node_modules/next/dist/client/dev/hot-reloader/app/hot-reloader-app.js:196
[  187070ms] [LOG] [Fast Refresh] done in 29ms @ webpack-internal:///(app-pages-browser)/./node_modules/next/dist/client/dev/report-hmr-latency.js:13
[  187136ms] [ERROR] Failed to load resource: the server responded with a status of 500 (Internal Server Error) @ http://localhost:3000/product/dp-002?_rsc=9re8fPIDhkOq5UU3:0
[  187321ms] [LOG] [Fast Refresh] rebuilding @ webpack-internal:///(app-pages-browser)/./node_modules/next/dist/client/dev/hot-reloader/app/hot-reloader-app.js:196
[  187527ms] [LOG] [Fast Refresh] done in 207ms @ webpack-internal:///(app-pages-browser)/./node_modules/next/dist/client/dev/report-hmr-latency.js:13
[  187740ms] [LOG] [Fast Refresh] rebuilding @ webpack-internal:///(app-pages-browser)/./node_modules/next/dist/client/dev/hot-reloader/app/hot-reloader-app.js:196
[  187832ms] [LOG] [Fast Refresh] done in 91ms @ webpack-internal:///(app-pages-browser)/./node_modules/next/dist/client/dev/report-hmr-latency.js:13
[  188121ms] [LOG] [Fast Refresh] rebuilding @ webpack-internal:///(app-pages-browser)/./node_modules/next/dist/client/dev/hot-reloader/app/hot-reloader-app.js:196
[  188254ms] [LOG] [Fast Refresh] done in 133ms @ webpack-internal:///(app-pages-browser)/./node_modules/next/dist/client/dev/report-hmr-latency.js:13
[  188476ms] [LOG] [Fast Refresh] rebuilding @ webpack-internal:///(app-pages-browser)/./node_modules/next/dist/client/dev/hot-reloader/app/hot-reloader-app.js:196
[  188518ms] [LOG] [Fast Refresh] done in 42ms @ webpack-internal:///(app-pages-browser)/./node_modules/next/dist/client/dev/report-hmr-latency.js:13
[  188869ms] [LOG] [Fast Refresh] rebuilding @ webpack-internal:///(app-pages-browser)/./node_modules/next/dist/client/dev/hot-reloader/app/hot-reloader-app.js:196
[  188891ms] [LOG] [Fast Refresh] done in 21ms @ webpack-internal:///(app-pages-browser)/./node_modules/next/dist/client/dev/report-hmr-latency.js:13
[  189087ms] [LOG] [Fast Refresh] rebuilding @ webpack-internal:///(app-pages-browser)/./node_modules/next/dist/client/dev/hot-reloader/app/hot-reloader-app.js:196
[  189103ms] [LOG] [Fast Refresh] done in 16ms @ webpack-internal:///(app-pages-browser)/./node_modules/next/dist/client/dev/report-hmr-latency.js:13
[  189273ms] [LOG] [Fast Refresh] rebuilding @ webpack-internal:///(app-pages-browser)/./node_modules/next/dist/client/dev/hot-reloader/app/hot-reloader-app.js:196
[  189298ms] [LOG] [Fast Refresh] done in 25ms @ webpack-internal:///(app-pages-browser)/./node_modules/next/dist/client/dev/report-hmr-latency.js:13
[  189857ms] [LOG] [Fast Refresh] rebuilding @ webpack-internal:///(app-pages-browser)/./node_modules/next/dist/client/dev/hot-reloader/app/hot-reloader-app.js:196
[  189916ms] [LOG] [Fast Refresh] done in 59ms @ webpack-internal:///(app-pages-browser)/./node_modules/next/dist/client/dev/report-hmr-latency.js:13
[  190207ms] [LOG] [Fast Refresh] rebuilding @ webpack-internal:///(app-pages-browser)/./node_modules/next/dist/client/dev/hot-reloader/app/hot-reloader-app.js:196
[  190273ms] [LOG] [Fast Refresh] done in 67ms @ webpack-internal:///(app-pages-browser)/./node_modules/next/dist/client/dev/report-hmr-latency.js:13
[  190600ms] [LOG] [Fast Refresh] rebuilding @ webpack-internal:///(app-pages-browser)/./node_modules/next/dist/client/dev/hot-reloader/app/hot-reloader-app.js:196
[  190626ms] [LOG] [Fast Refresh] done in 25ms @ webpack-internal:///(app-pages-browser)/./node_modules/next/dist/client/dev/report-hmr-latency.js:13
[  190792ms] [LOG] [Fast Refresh] rebuilding @ webpack-internal:///(app-pages-browser)/./node_modules/next/dist/client/dev/hot-reloader/app/hot-reloader-app.js:196
[  190810ms] [LOG] [Fast Refresh] done in 17ms @ webpack-internal:///(app-pages-browser)/./node_modules/next/dist/client/dev/report-hmr-latency.js:13
[  190937ms] [LOG] [Fast Refresh] rebuilding @ webpack-internal:///(app-pages-browser)/./node_modules/next/dist/client/dev/hot-reloader/app/hot-reloader-app.js:196
[  190955ms] [LOG] [Fast Refresh] done in 18ms @ webpack-internal:///(app-pages-browser)/./node_modules/next/dist/client/dev/report-hmr-latency.js:13
[  191157ms] [LOG] [Fast Refresh] rebuilding @ webpack-internal:///(app-pages-browser)/./node_modules/next/dist/client/dev/hot-reloader/app/hot-reloader-app.js:196
[  191209ms] [LOG] [Fast Refresh] done in 52ms @ webpack-internal:///(app-pages-browser)/./node_modules/next/dist/client/dev/report-hmr-latency.js:13
[  191932ms] [LOG] [Fast Refresh] rebuilding @ webpack-internal:///(app-pages-browser)/./node_modules/next/dist/client/dev/hot-reloader/app/hot-reloader-app.js:196
[  192019ms] [LOG] [Fast Refresh] done in 87ms @ webpack-internal:///(app-pages-browser)/./node_modules/next/dist/client/dev/report-hmr-latency.js:13
[  192486ms] [LOG] [Fast Refresh] rebuilding @ webpack-internal:///(app-pages-browser)/./node_modules/next/dist/client/dev/hot-reloader/app/hot-reloader-app.js:196
[  192586ms] [LOG] [Fast Refresh] done in 100ms @ webpack-internal:///(app-pages-browser)/./node_modules/next/dist/client/dev/report-hmr-latency.js:13
[  193141ms] [LOG] [Fast Refresh] rebuilding @ webpack-internal:///(app-pages-browser)/./node_modules/next/dist/client/dev/hot-reloader/app/hot-reloader-app.js:196
[  193255ms] [LOG] [Fast Refresh] done in 113ms @ webpack-internal:///(app-pages-browser)/./node_modules/next/dist/client/dev/report-hmr-latency.js:13
[  195093ms] [LOG] [Fast Refresh] done in 1951ms @ webpack-internal:///(app-pages-browser)/./node_modules/next/dist/client/dev/report-hmr-latency.js:13
[  195137ms] [LOG] [Fast Refresh] rebuilding @ webpack-internal:///(app-pages-browser)/./node_modules/next/dist/client/dev/hot-reloader/app/hot-reloader-app.js:196
[  195390ms] [ERROR] Failed to load resource: the server responded with a status of 500 (Internal Server Error) @ http://localhost:3000/product/dp-002?_rsc=9re8fPIDhkOq5UU3:0
[  195534ms] [LOG] [Fast Refresh] rebuilding @ webpack-internal:///(app-pages-browser)/./node_modules/next/dist/client/dev/hot-reloader/app/hot-reloader-app.js:196
[  195589ms] [LOG] [Fast Refresh] done in 55ms @ webpack-internal:///(app-pages-browser)/./node_modules/next/dist/client/dev/report-hmr-latency.js:13
[  196732ms] [LOG] [Fast Refresh] rebuilding @ webpack-internal:///(app-pages-browser)/./node_modules/next/dist/client/dev/hot-reloader/app/hot-reloader-app.js:196
[  197202ms] [LOG] [Fast Refresh] done in 469ms @ webpack-internal:///(app-pages-browser)/./node_modules/next/dist/client/dev/report-hmr-latency.js:13
[  197820ms] [LOG] [Fast Refresh] rebuilding @ webpack-internal:///(app-pages-browser)/./node_modules/next/dist/client/dev/hot-reloader/app/hot-reloader-app.js:196
[  197874ms] [LOG] [Fast Refresh] done in 55ms @ webpack-internal:///(app-pages-browser)/./node_modules/next/dist/client/dev/report-hmr-latency.js:13
[  198355ms] [LOG] [Fast Refresh] rebuilding @ webpack-internal:///(app-pages-browser)/./node_modules/next/dist/client/dev/hot-reloader/app/hot-reloader-app.js:196
[  198481ms] [LOG] [Fast Refresh] done in 127ms @ webpack-internal:///(app-pages-browser)/./node_modules/next/dist/client/dev/report-hmr-latency.js:13
[  198800ms] [LOG] [Fast Refresh] rebuilding @ webpack-internal:///(app-pages-browser)/./node_modules/next/dist/client/dev/hot-reloader/app/hot-reloader-app.js:196
[  198867ms] [LOG] [Fast Refresh] done in 67ms @ webpack-internal:///(app-pages-browser)/./node_modules/next/dist/client/dev/report-hmr-latency.js:13
[  199119ms] [LOG] [Fast Refresh] rebuilding @ webpack-internal:///(app-pages-browser)/./node_modules/next/dist/client/dev/hot-reloader/app/hot-reloader-app.js:196
[  199274ms] [LOG] [Fast Refresh] done in 154ms @ webpack-internal:///(app-pages-browser)/./node_modules/next/dist/client/dev/report-hmr-latency.js:13
[  199688ms] [LOG] [Fast Refresh] rebuilding @ webpack-internal:///(app-pages-browser)/./node_modules/next/dist/client/dev/hot-reloader/app/hot-reloader-app.js:196
[  199792ms] [LOG] [Fast Refresh] done in 104ms @ webpack-internal:///(app-pages-browser)/./node_modules/next/dist/client/dev/report-hmr-latency.js:13
[  200353ms] [LOG] [Fast Refresh] rebuilding @ webpack-internal:///(app-pages-browser)/./node_modules/next/dist/client/dev/hot-reloader/app/hot-reloader-app.js:196
[  200459ms] [LOG] [Fast Refresh] done in 105ms @ webpack-internal:///(app-pages-browser)/./node_modules/next/dist/client/dev/report-hmr-latency.js:13
[  200859ms] [LOG] [Fast Refresh] rebuilding @ webpack-internal:///(app-pages-browser)/./node_modules/next/dist/client/dev/hot-reloader/app/hot-reloader-app.js:196
[  200891ms] [LOG] [Fast Refresh] done in 31ms @ webpack-internal:///(app-pages-browser)/./node_modules/next/dist/client/dev/report-hmr-latency.js:13
[  201033ms] [LOG] [Fast Refresh] rebuilding @ webpack-internal:///(app-pages-browser)/./node_modules/next/dist/client/dev/hot-reloader/app/hot-reloader-app.js:196
[  201048ms] [LOG] [Fast Refresh] done in 16ms @ webpack-internal:///(app-pages-browser)/./node_modules/next/dist/client/dev/report-hmr-latency.js:13
[  201189ms] [LOG] [Fast Refresh] rebuilding @ webpack-internal:///(app-pages-browser)/./node_modules/next/dist/client/dev/hot-reloader/app/hot-reloader-app.js:196
[  201206ms] [LOG] [Fast Refresh] done in 17ms @ webpack-internal:///(app-pages-browser)/./node_modules/next/dist/client/dev/report-hmr-latency.js:13
[  201358ms] [LOG] [Fast Refresh] rebuilding @ webpack-internal:///(app-pages-browser)/./node_modules/next/dist/client/dev/hot-reloader/app/hot-reloader-app.js:196
[  201374ms] [LOG] [Fast Refresh] done in 16ms @ webpack-internal:///(app-pages-browser)/./node_modules/next/dist/client/dev/report-hmr-latency.js:13
[  201573ms] [LOG] [Fast Refresh] rebuilding @ webpack-internal:///(app-pages-browser)/./node_modules/next/dist/client/dev/hot-reloader/app/hot-reloader-app.js:196
[  201593ms] [LOG] [Fast Refresh] done in 20ms @ webpack-internal:///(app-pages-browser)/./node_modules/next/dist/client/dev/report-hmr-latency.js:13
[  201837ms] [LOG] [Fast Refresh] rebuilding @ webpack-internal:///(app-pages-browser)/./node_modules/next/dist/client/dev/hot-reloader/app/hot-reloader-app.js:196
[  201868ms] [LOG] [Fast Refresh] done in 31ms @ webpack-internal:///(app-pages-browser)/./node_modules/next/dist/client/dev/report-hmr-latency.js:13
[  202042ms] [LOG] [Fast Refresh] rebuilding @ webpack-internal:///(app-pages-browser)/./node_modules/next/dist/client/dev/hot-reloader/app/hot-reloader-app.js:196
[  202057ms] [LOG] [Fast Refresh] done in 15ms @ webpack-internal:///(app-pages-browser)/./node_modules/next/dist/client/dev/report-hmr-latency.js:13
[  202206ms] [LOG] [Fast Refresh] rebuilding @ webpack-internal:///(app-pages-browser)/./node_modules/next/dist/client/dev/hot-reloader/app/hot-reloader-app.js:196
[  202222ms] [LOG] [Fast Refresh] done in 16ms @ webpack-internal:///(app-pages-browser)/./node_modules/next/dist/client/dev/report-hmr-latency.js:13
[  202383ms] [LOG] [Fast Refresh] rebuilding @ webpack-internal:///(app-pages-browser)/./node_modules/next/dist/client/dev/hot-reloader/app/hot-reloader-app.js:196
[  202408ms] [LOG] [Fast Refresh] done in 24ms @ webpack-internal:///(app-pages-browser)/./node_modules/next/dist/client/dev/report-hmr-latency.js:13
[  202605ms] [LOG] [Fast Refresh] rebuilding @ webpack-internal:///(app-pages-browser)/./node_modules/next/dist/client/dev/hot-reloader/app/hot-reloader-app.js:196
[  202628ms] [LOG] [Fast Refresh] done in 22ms @ webpack-internal:///(app-pages-browser)/./node_modules/next/dist/client/dev/report-hmr-latency.js:13
[  202820ms] [LOG] [Fast Refresh] rebuilding @ webpack-internal:///(app-pages-browser)/./node_modules/next/dist/client/dev/hot-reloader/app/hot-reloader-app.js:196
[  202841ms] [LOG] [Fast Refresh] done in 21ms @ webpack-internal:///(app-pages-browser)/./node_modules/next/dist/client/dev/report-hmr-latency.js:13
[  203001ms] [LOG] [Fast Refresh] rebuilding @ webpack-internal:///(app-pages-browser)/./node_modules/next/dist/client/dev/hot-reloader/app/hot-reloader-app.js:196
[  203018ms] [LOG] [Fast Refresh] done in 18ms @ webpack-internal:///(app-pages-browser)/./node_modules/next/dist/client/dev/report-hmr-latency.js:13
[  203164ms] [LOG] [Fast Refresh] rebuilding @ webpack-internal:///(app-pages-browser)/./node_modules/next/dist/client/dev/hot-reloader/app/hot-reloader-app.js:196
[  203184ms] [LOG] [Fast Refresh] done in 20ms @ webpack-internal:///(app-pages-browser)/./node_modules/next/dist/client/dev/report-hmr-latency.js:13
[  203395ms] [LOG] [Fast Refresh] rebuilding @ webpack-internal:///(app-pages-browser)/./node_modules/next/dist/client/dev/hot-reloader/app/hot-reloader-app.js:196
[  203476ms] [LOG] [Fast Refresh] done in 81ms @ webpack-internal:///(app-pages-browser)/./node_modules/next/dist/client/dev/report-hmr-latency.js:13
[  203951ms] [LOG] [Fast Refresh] rebuilding @ webpack-internal:///(app-pages-browser)/./node_modules/next/dist/client/dev/hot-reloader/app/hot-reloader-app.js:196
[  204028ms] [LOG] [Fast Refresh] done in 77ms @ webpack-internal:///(app-pages-browser)/./node_modules/next/dist/client/dev/report-hmr-latency.js:13
[  204975ms] [LOG] [Fast Refresh] rebuilding @ webpack-internal:///(app-pages-browser)/./node_modules/next/dist/client/dev/hot-reloader/app/hot-reloader-app.js:196
[  205056ms] [LOG] [Fast Refresh] done in 80ms @ webpack-internal:///(app-pages-browser)/./node_modules/next/dist/client/dev/report-hmr-latency.js:13
[  205287ms] [LOG] [Fast Refresh] rebuilding @ webpack-internal:///(app-pages-browser)/./node_modules/next/dist/client/dev/hot-reloader/app/hot-reloader-app.js:196
[  205307ms] [LOG] [Fast Refresh] done in 20ms @ webpack-internal:///(app-pages-browser)/./node_modules/next/dist/client/dev/report-hmr-latency.js:13
[  205603ms] [LOG] [Fast Refresh] rebuilding @ webpack-internal:///(app-pages-browser)/./node_modules/next/dist/client/dev/hot-reloader/app/hot-reloader-app.js:196
[  205653ms] [LOG] [Fast Refresh] done in 49ms @ webpack-internal:///(app-pages-browser)/./node_modules/next/dist/client/dev/report-hmr-latency.js:13
[  205953ms] [LOG] [Fast Refresh] rebuilding @ webpack-internal:///(app-pages-browser)/./node_modules/next/dist/client/dev/hot-reloader/app/hot-reloader-app.js:196
[  206044ms] [LOG] [Fast Refresh] done in 92ms @ webpack-internal:///(app-pages-browser)/./node_modules/next/dist/client/dev/report-hmr-latency.js:13
[  206383ms] [LOG] [Fast Refresh] rebuilding @ webpack-internal:///(app-pages-browser)/./node_modules/next/dist/client/dev/hot-reloader/app/hot-reloader-app.js:196
[  206516ms] [LOG] [Fast Refresh] done in 133ms @ webpack-internal:///(app-pages-browser)/./node_modules/next/dist/client/dev/report-hmr-latency.js:13
[  206792ms] [LOG] [Fast Refresh] rebuilding @ webpack-internal:///(app-pages-browser)/./node_modules/next/dist/client/dev/hot-reloader/app/hot-reloader-app.js:196
[  206886ms] [LOG] [Fast Refresh] done in 93ms @ webpack-internal:///(app-pages-browser)/./node_modules/next/dist/client/dev/report-hmr-latency.js:13
[  207006ms] [LOG] [Fast Refresh] rebuilding @ webpack-internal:///(app-pages-browser)/./node_modules/next/dist/client/dev/hot-reloader/app/hot-reloader-app.js:196
[  207020ms] [LOG] [Fast Refresh] done in 14ms @ webpack-internal:///(app-pages-browser)/./node_modules/next/dist/client/dev/report-hmr-latency.js:13
[  207165ms] [LOG] [Fast Refresh] rebuilding @ webpack-internal:///(app-pages-browser)/./node_modules/next/dist/client/dev/hot-reloader/app/hot-reloader-app.js:196
[  207177ms] [LOG] [Fast Refresh] done in 13ms @ webpack-internal:///(app-pages-browser)/./node_modules/next/dist/client/dev/report-hmr-latency.js:13
[  207350ms] [LOG] [Fast Refresh] rebuilding @ webpack-internal:///(app-pages-browser)/./node_modules/next/dist/client/dev/hot-reloader/app/hot-reloader-app.js:196
[  207407ms] [LOG] [Fast Refresh] done in 57ms @ webpack-internal:///(app-pages-browser)/./node_modules/next/dist/client/dev/report-hmr-latency.js:13
[  207682ms] [LOG] [Fast Refresh] rebuilding @ webpack-internal:///(app-pages-browser)/./node_modules/next/dist/client/dev/hot-reloader/app/hot-reloader-app.js:196
[  207716ms] [LOG] [Fast Refresh] done in 35ms @ webpack-internal:///(app-pages-browser)/./node_modules/next/dist/client/dev/report-hmr-latency.js:13
[  207899ms] [LOG] [Fast Refresh] rebuilding @ webpack-internal:///(app-pages-browser)/./node_modules/next/dist/client/dev/hot-reloader/app/hot-reloader-app.js:196
[  207924ms] [LOG] [Fast Refresh] done in 25ms @ webpack-internal:///(app-pages-browser)/./node_modules/next/dist/client/dev/report-hmr-latency.js:13
[  208116ms] [LOG] [Fast Refresh] rebuilding @ webpack-internal:///(app-pages-browser)/./node_modules/next/dist/client/dev/hot-reloader/app/hot-reloader-app.js:196
[  208141ms] [LOG] [Fast Refresh] done in 24ms @ webpack-internal:///(app-pages-browser)/./node_modules/next/dist/client/dev/report-hmr-latency.js:13
[  208357ms] [LOG] [Fast Refresh] rebuilding @ webpack-internal:///(app-pages-browser)/./node_modules/next/dist/client/dev/hot-reloader/app/hot-reloader-app.js:196
[  208377ms] [LOG] [Fast Refresh] done in 21ms @ webpack-internal:///(app-pages-browser)/./node_modules/next/dist/client/dev/report-hmr-latency.js:13
[  208556ms] [LOG] [Fast Refresh] rebuilding @ webpack-internal:///(app-pages-browser)/./node_modules/next/dist/client/dev/hot-reloader/app/hot-reloader-app.js:196
[  208592ms] [LOG] [Fast Refresh] done in 35ms @ webpack-internal:///(app-pages-browser)/./node_modules/next/dist/client/dev/report-hmr-latency.js:13
[  208783ms] [LOG] [Fast Refresh] rebuilding @ webpack-internal:///(app-pages-browser)/./node_modules/next/dist/client/dev/hot-reloader/app/hot-reloader-app.js:196
[  208800ms] [LOG] [Fast Refresh] done in 18ms @ webpack-internal:///(app-pages-browser)/./node_modules/next/dist/client/dev/report-hmr-latency.js:13
[  209490ms] [LOG] [Fast Refresh] rebuilding @ webpack-internal:///(app-pages-browser)/./node_modules/next/dist/client/dev/hot-reloader/app/hot-reloader-app.js:196
[  209510ms] [LOG] [Fast Refresh] done in 19ms @ webpack-internal:///(app-pages-browser)/./node_modules/next/dist/client/dev/report-hmr-latency.js:13
[  209685ms] [LOG] [Fast Refresh] done in 194ms @ webpack-internal:///(app-pages-browser)/./node_modules/next/dist/client/dev/report-hmr-latency.js:13
[  209742ms] [LOG] [Fast Refresh] rebuilding @ webpack-internal:///(app-pages-browser)/./node_modules/next/dist/client/dev/hot-reloader/app/hot-reloader-app.js:196
[  209847ms] [LOG] [Fast Refresh] rebuilding @ webpack-internal:///(app-pages-browser)/./node_modules/next/dist/client/dev/hot-reloader/app/hot-reloader-app.js:196
[  209854ms] [LOG] [Fast Refresh] done in 8ms @ webpack-internal:///(app-pages-browser)/./node_modules/next/dist/client/dev/report-hmr-latency.js:13
[  209972ms] [ERROR] Failed to load resource: the server responded with a status of 500 (Internal Server Error) @ http://localhost:3000/product/dp-002?_rsc=9re8fPIDhkOq5UU3:0
[  210350ms] [LOG] [Fast Refresh] rebuilding @ webpack-internal:///(app-pages-browser)/./node_modules/next/dist/client/dev/hot-reloader/app/hot-reloader-app.js:196
[  210493ms] [LOG] [Fast Refresh] done in 143ms @ webpack-internal:///(app-pages-browser)/./node_modules/next/dist/client/dev/report-hmr-latency.js:13
[  211627ms] [LOG] [Fast Refresh] rebuilding @ webpack-internal:///(app-pages-browser)/./node_modules/next/dist/client/dev/hot-reloader/app/hot-reloader-app.js:196
[  211834ms] [LOG] [Fast Refresh] done in 207ms @ webpack-internal:///(app-pages-browser)/./node_modules/next/dist/client/dev/report-hmr-latency.js:13
[  212192ms] [LOG] [Fast Refresh] rebuilding @ webpack-internal:///(app-pages-browser)/./node_modules/next/dist/client/dev/hot-reloader/app/hot-reloader-app.js:196
[  212218ms] [LOG] [Fast Refresh] done in 27ms @ webpack-internal:///(app-pages-browser)/./node_modules/next/dist/client/dev/report-hmr-latency.js:13
[  212484ms] [LOG] [Fast Refresh] rebuilding @ webpack-internal:///(app-pages-browser)/./node_modules/next/dist/client/dev/hot-reloader/app/hot-reloader-app.js:196
[  212522ms] [LOG] [Fast Refresh] done in 38ms @ webpack-internal:///(app-pages-browser)/./node_modules/next/dist/client/dev/report-hmr-latency.js:13
[  212722ms] [LOG] [Fast Refresh] rebuilding @ webpack-internal:///(app-pages-browser)/./node_modules/next/dist/client/dev/hot-reloader/app/hot-reloader-app.js:196
[  212742ms] [LOG] [Fast Refresh] done in 19ms @ webpack-internal:///(app-pages-browser)/./node_modules/next/dist/client/dev/report-hmr-latency.js:13
[  212880ms] [LOG] [Fast Refresh] rebuilding @ webpack-internal:///(app-pages-browser)/./node_modules/next/dist/client/dev/hot-reloader/app/hot-reloader-app.js:196
[  212890ms] [LOG] [Fast Refresh] done in 9ms @ webpack-internal:///(app-pages-browser)/./node_modules/next/dist/client/dev/report-hmr-latency.js:13
[  213014ms] [LOG] [Fast Refresh] rebuilding @ webpack-internal:///(app-pages-browser)/./node_modules/next/dist/client/dev/hot-reloader/app/hot-reloader-app.js:196
[  213027ms] [LOG] [Fast Refresh] done in 13ms @ webpack-internal:///(app-pages-browser)/./node_modules/next/dist/client/dev/report-hmr-latency.js:13
[  213151ms] [LOG] [Fast Refresh] rebuilding @ webpack-internal:///(app-pages-browser)/./node_modules/next/dist/client/dev/hot-reloader/app/hot-reloader-app.js:196
[  213172ms] [LOG] [Fast Refresh] done in 22ms @ webpack-internal:///(app-pages-browser)/./node_modules/next/dist/client/dev/report-hmr-latency.js:13
[  213471ms] [LOG] [Fast Refresh] rebuilding @ webpack-internal:///(app-pages-browser)/./node_modules/next/dist/client/dev/hot-reloader/app/hot-reloader-app.js:196
[  213523ms] [LOG] [Fast Refresh] done in 52ms @ webpack-internal:///(app-pages-browser)/./node_modules/next/dist/client/dev/report-hmr-latency.js:13
[  213760ms] [LOG] [Fast Refresh] rebuilding @ webpack-internal:///(app-pages-browser)/./node_modules/next/dist/client/dev/hot-reloader/app/hot-reloader-app.js:196
[  213824ms] [LOG] [Fast Refresh] done in 65ms @ webpack-internal:///(app-pages-browser)/./node_modules/next/dist/client/dev/report-hmr-latency.js:13
[  214103ms] [LOG] [Fast Refresh] rebuilding @ webpack-internal:///(app-pages-browser)/./node_modules/next/dist/client/dev/hot-reloader/app/hot-reloader-app.js:196
[  214160ms] [LOG] [Fast Refresh] done in 57ms @ webpack-internal:///(app-pages-browser)/./node_modules/next/dist/client/dev/report-hmr-latency.js:13
[  214410ms] [LOG] [Fast Refresh] rebuilding @ webpack-internal:///(app-pages-browser)/./node_modules/next/dist/client/dev/hot-reloader/app/hot-reloader-app.js:196
[  214455ms] [LOG] [Fast Refresh] done in 44ms @ webpack-internal:///(app-pages-browser)/./node_modules/next/dist/client/dev/report-hmr-latency.js:13
[  214725ms] [LOG] [Fast Refresh] rebuilding @ webpack-internal:///(app-pages-browser)/./node_modules/next/dist/client/dev/hot-reloader/app/hot-reloader-app.js:196
[  214768ms] [LOG] [Fast Refresh] done in 43ms @ webpack-internal:///(app-pages-browser)/./node_modules/next/dist/client/dev/report-hmr-latency.js:13
[  215003ms] [LOG] [Fast Refresh] rebuilding @ webpack-internal:///(app-pages-browser)/./node_modules/next/dist/client/dev/hot-reloader/app/hot-reloader-app.js:196
[  215039ms] [LOG] [Fast Refresh] done in 37ms @ webpack-internal:///(app-pages-browser)/./node_modules/next/dist/client/dev/report-hmr-latency.js:13
[  215353ms] [LOG] [Fast Refresh] rebuilding @ webpack-internal:///(app-pages-browser)/./node_modules/next/dist/client/dev/hot-reloader/app/hot-reloader-app.js:196
[  215383ms] [LOG] [Fast Refresh] done in 29ms @ webpack-internal:///(app-pages-browser)/./node_modules/next/dist/client/dev/report-hmr-latency.js:13
[  215909ms] [LOG] [Fast Refresh] rebuilding @ webpack-internal:///(app-pages-browser)/./node_modules/next/dist/client/dev/hot-reloader/app/hot-reloader-app.js:196
[  215991ms] [LOG] [Fast Refresh] done in 83ms @ webpack-internal:///(app-pages-browser)/./node_modules/next/dist/client/dev/report-hmr-latency.js:13
[  216791ms] [LOG] [Fast Refresh] rebuilding @ webpack-internal:///(app-pages-browser)/./node_modules/next/dist/client/dev/hot-reloader/app/hot-reloader-app.js:196
[  216901ms] [LOG] [Fast Refresh] done in 110ms @ webpack-internal:///(app-pages-browser)/./node_modules/next/dist/client/dev/report-hmr-latency.js:13
[  217538ms] [LOG] [Fast Refresh] rebuilding @ webpack-internal:///(app-pages-browser)/./node_modules/next/dist/client/dev/hot-reloader/app/hot-reloader-app.js:196
[  217591ms] [LOG] [Fast Refresh] done in 53ms @ webpack-internal:///(app-pages-browser)/./node_modules/next/dist/client/dev/report-hmr-latency.js:13
[  218439ms] [LOG] [Fast Refresh] rebuilding @ webpack-internal:///(app-pages-browser)/./node_modules/next/dist/client/dev/hot-reloader/app/hot-reloader-app.js:196
[  218505ms] [LOG] [Fast Refresh] done in 66ms @ webpack-internal:///(app-pages-browser)/./node_modules/next/dist/client/dev/report-hmr-latency.js:13
[  218853ms] [LOG] [Fast Refresh] rebuilding @ webpack-internal:///(app-pages-browser)/./node_modules/next/dist/client/dev/hot-reloader/app/hot-reloader-app.js:196
[  218885ms] [LOG] [Fast Refresh] done in 32ms @ webpack-internal:///(app-pages-browser)/./node_modules/next/dist/client/dev/report-hmr-latency.js:13
[  219308ms] [LOG] [Fast Refresh] done in 455ms @ webpack-internal:///(app-pages-browser)/./node_modules/next/dist/client/dev/report-hmr-latency.js:13
[  219382ms] [LOG] [Fast Refresh] rebuilding @ webpack-internal:///(app-pages-browser)/./node_modules/next/dist/client/dev/hot-reloader/app/hot-reloader-app.js:196
[  219709ms] [ERROR] Failed to load resource: the server responded with a status of 500 (Internal Server Error) @ http://localhost:3000/product/dp-002?_rsc=9re8fPIDhkOq5UU3:0
[  219934ms] [LOG] [Fast Refresh] rebuilding @ webpack-internal:///(app-pages-browser)/./node_modules/next/dist/client/dev/hot-reloader/app/hot-reloader-app.js:196
[  220017ms] [LOG] [Fast Refresh] done in 83ms @ webpack-internal:///(app-pages-browser)/./node_modules/next/dist/client/dev/report-hmr-latency.js:13
[  221288ms] [LOG] [Fast Refresh] rebuilding @ webpack-internal:///(app-pages-browser)/./node_modules/next/dist/client/dev/hot-reloader/app/hot-reloader-app.js:196
[  221406ms] [LOG] [Fast Refresh] done in 118ms @ webpack-internal:///(app-pages-browser)/./node_modules/next/dist/client/dev/report-hmr-latency.js:13
[  223502ms] [LOG] [Fast Refresh] rebuilding @ webpack-internal:///(app-pages-browser)/./node_modules/next/dist/client/dev/hot-reloader/app/hot-reloader-app.js:196
[  223816ms] [LOG] [Fast Refresh] done in 314ms @ webpack-internal:///(app-pages-browser)/./node_modules/next/dist/client/dev/report-hmr-latency.js:13
[  224698ms] [LOG] [Fast Refresh] rebuilding @ webpack-internal:///(app-pages-browser)/./node_modules/next/dist/client/dev/hot-reloader/app/hot-reloader-app.js:196
[  224787ms] [LOG] [Fast Refresh] done in 89ms @ webpack-internal:///(app-pages-browser)/./node_modules/next/dist/client/dev/report-hmr-latency.js:13
[  225771ms] [LOG] [Fast Refresh] rebuilding @ webpack-internal:///(app-pages-browser)/./node_modules/next/dist/client/dev/hot-reloader/app/hot-reloader-app.js:196
[  225891ms] [LOG] [Fast Refresh] done in 119ms @ webpack-internal:///(app-pages-browser)/./node_modules/next/dist/client/dev/report-hmr-latency.js:13
[  226739ms] [LOG] [Fast Refresh] rebuilding @ webpack-internal:///(app-pages-browser)/./node_modules/next/dist/client/dev/hot-reloader/app/hot-reloader-app.js:196
[  226813ms] [LOG] [Fast Refresh] done in 74ms @ webpack-internal:///(app-pages-browser)/./node_modules/next/dist/client/dev/report-hmr-latency.js:13
[  229583ms] [LOG] [Fast Refresh] done in 2844ms @ webpack-internal:///(app-pages-browser)/./node_modules/next/dist/client/dev/report-hmr-latency.js:13
[  229609ms] [LOG] [Fast Refresh] rebuilding @ webpack-internal:///(app-pages-browser)/./node_modules/next/dist/client/dev/hot-reloader/app/hot-reloader-app.js:196
[  229707ms] [LOG] [Fast Refresh] rebuilding @ webpack-internal:///(app-pages-browser)/./node_modules/next/dist/client/dev/hot-reloader/app/hot-reloader-app.js:196
[  229717ms] [LOG] [Fast Refresh] done in 9ms @ webpack-internal:///(app-pages-browser)/./node_modules/next/dist/client/dev/report-hmr-latency.js:13
[  229803ms] [ERROR] Failed to load resource: the server responded with a status of 500 (Internal Server Error) @ http://localhost:3000/product/dp-002?_rsc=9re8fPIDhkOq5UU3:0
[  229885ms] [LOG] [Fast Refresh] rebuilding @ webpack-internal:///(app-pages-browser)/./node_modules/next/dist/client/dev/hot-reloader/app/hot-reloader-app.js:196
[  229905ms] [LOG] [Fast Refresh] done in 19ms @ webpack-internal:///(app-pages-browser)/./node_modules/next/dist/client/dev/report-hmr-latency.js:13
[  233576ms] [LOG] [Fast Refresh] rebuilding @ webpack-internal:///(app-pages-browser)/./node_modules/next/dist/client/dev/hot-reloader/app/hot-reloader-app.js:196
[  233675ms] [LOG] [Fast Refresh] done in 99ms @ webpack-internal:///(app-pages-browser)/./node_modules/next/dist/client/dev/report-hmr-latency.js:13
[  234709ms] [LOG] [Fast Refresh] rebuilding @ webpack-internal:///(app-pages-browser)/./node_modules/next/dist/client/dev/hot-reloader/app/hot-reloader-app.js:196
[  234794ms] [LOG] [Fast Refresh] done in 86ms @ webpack-internal:///(app-pages-browser)/./node_modules/next/dist/client/dev/report-hmr-latency.js:13
[  236766ms] [LOG] [Fast Refresh] rebuilding @ webpack-internal:///(app-pages-browser)/./node_modules/next/dist/client/dev/hot-reloader/app/hot-reloader-app.js:196
[  237435ms] [LOG] [Fast Refresh] done in 668ms @ webpack-internal:///(app-pages-browser)/./node_modules/next/dist/client/dev/report-hmr-latency.js:13
[  238148ms] [LOG] [Fast Refresh] rebuilding @ webpack-internal:///(app-pages-browser)/./node_modules/next/dist/client/dev/hot-reloader/app/hot-reloader-app.js:196
[  238233ms] [LOG] [Fast Refresh] done in 86ms @ webpack-internal:///(app-pages-browser)/./node_modules/next/dist/client/dev/report-hmr-latency.js:13
[  239691ms] [LOG] [Fast Refresh] rebuilding @ webpack-internal:///(app-pages-browser)/./node_modules/next/dist/client/dev/hot-reloader/app/hot-reloader-app.js:196
[  240045ms] [LOG] [Fast Refresh] done in 353ms @ webpack-internal:///(app-pages-browser)/./node_modules/next/dist/client/dev/report-hmr-latency.js:13
[  240657ms] [LOG] [Fast Refresh] rebuilding @ webpack-internal:///(app-pages-browser)/./node_modules/next/dist/client/dev/hot-reloader/app/hot-reloader-app.js:196
[  240820ms] [LOG] [Fast Refresh] done in 164ms @ webpack-internal:///(app-pages-browser)/./node_modules/next/dist/client/dev/report-hmr-latency.js:13
[  242257ms] [LOG] [Fast Refresh] rebuilding @ webpack-internal:///(app-pages-browser)/./node_modules/next/dist/client/dev/hot-reloader/app/hot-reloader-app.js:196
[  242840ms] [LOG] [Fast Refresh] done in 583ms @ webpack-internal:///(app-pages-browser)/./node_modules/next/dist/client/dev/report-hmr-latency.js:13
[  243559ms] [LOG] [Fast Refresh] rebuilding @ webpack-internal:///(app-pages-browser)/./node_modules/next/dist/client/dev/hot-reloader/app/hot-reloader-app.js:196
[  243601ms] [LOG] [Fast Refresh] done in 42ms @ webpack-internal:///(app-pages-browser)/./node_modules/next/dist/client/dev/report-hmr-latency.js:13
[  243934ms] [LOG] [Fast Refresh] rebuilding @ webpack-internal:///(app-pages-browser)/./node_modules/next/dist/client/dev/hot-reloader/app/hot-reloader-app.js:196
[  244010ms] [LOG] [Fast Refresh] done in 75ms @ webpack-internal:///(app-pages-browser)/./node_modules/next/dist/client/dev/report-hmr-latency.js:13
[  244221ms] [LOG] [Fast Refresh] rebuilding @ webpack-internal:///(app-pages-browser)/./node_modules/next/dist/client/dev/hot-reloader/app/hot-reloader-app.js:196
[  244241ms] [LOG] [Fast Refresh] done in 20ms @ webpack-internal:///(app-pages-browser)/./node_modules/next/dist/client/dev/report-hmr-latency.js:13
[  244384ms] [LOG] [Fast Refresh] rebuilding @ webpack-internal:///(app-pages-browser)/./node_modules/next/dist/client/dev/hot-reloader/app/hot-reloader-app.js:196
[  244403ms] [LOG] [Fast Refresh] done in 18ms @ webpack-internal:///(app-pages-browser)/./node_modules/next/dist/client/dev/report-hmr-latency.js:13
[  244642ms] [LOG] [Fast Refresh] rebuilding @ webpack-internal:///(app-pages-browser)/./node_modules/next/dist/client/dev/hot-reloader/app/hot-reloader-app.js:196
[  244676ms] [LOG] [Fast Refresh] done in 34ms @ webpack-internal:///(app-pages-browser)/./node_modules/next/dist/client/dev/report-hmr-latency.js:13
[  244948ms] [LOG] [Fast Refresh] rebuilding @ webpack-internal:///(app-pages-browser)/./node_modules/next/dist/client/dev/hot-reloader/app/hot-reloader-app.js:196
[  245019ms] [LOG] [Fast Refresh] done in 71ms @ webpack-internal:///(app-pages-browser)/./node_modules/next/dist/client/dev/report-hmr-latency.js:13
[  245327ms] [LOG] [Fast Refresh] rebuilding @ webpack-internal:///(app-pages-browser)/./node_modules/next/dist/client/dev/hot-reloader/app/hot-reloader-app.js:196
[  245369ms] [LOG] [Fast Refresh] done in 42ms @ webpack-internal:///(app-pages-browser)/./node_modules/next/dist/client/dev/report-hmr-latency.js:13
[  245890ms] [LOG] [Fast Refresh] rebuilding @ webpack-internal:///(app-pages-browser)/./node_modules/next/dist/client/dev/hot-reloader/app/hot-reloader-app.js:196
[  246026ms] [LOG] [Fast Refresh] done in 137ms @ webpack-internal:///(app-pages-browser)/./node_modules/next/dist/client/dev/report-hmr-latency.js:13
[  246282ms] [LOG] [Fast Refresh] rebuilding @ webpack-internal:///(app-pages-browser)/./node_modules/next/dist/client/dev/hot-reloader/app/hot-reloader-app.js:196
[  246311ms] [LOG] [Fast Refresh] done in 29ms @ webpack-internal:///(app-pages-browser)/./node_modules/next/dist/client/dev/report-hmr-latency.js:13
[  246892ms] [LOG] [Fast Refresh] rebuilding @ webpack-internal:///(app-pages-browser)/./node_modules/next/dist/client/dev/hot-reloader/app/hot-reloader-app.js:196
[  246971ms] [LOG] [Fast Refresh] done in 79ms @ webpack-internal:///(app-pages-browser)/./node_modules/next/dist/client/dev/report-hmr-latency.js:13
[  247322ms] [LOG] [Fast Refresh] rebuilding @ webpack-internal:///(app-pages-browser)/./node_modules/next/dist/client/dev/hot-reloader/app/hot-reloader-app.js:196
[  247356ms] [LOG] [Fast Refresh] done in 34ms @ webpack-internal:///(app-pages-browser)/./node_modules/next/dist/client/dev/report-hmr-latency.js:13
[  247653ms] [LOG] [Fast Refresh] rebuilding @ webpack-internal:///(app-pages-browser)/./node_modules/next/dist/client/dev/hot-reloader/app/hot-reloader-app.js:196
[  247684ms] [LOG] [Fast Refresh] done in 31ms @ webpack-internal:///(app-pages-browser)/./node_modules/next/dist/client/dev/report-hmr-latency.js:13
[  247890ms] [LOG] [Fast Refresh] rebuilding @ webpack-internal:///(app-pages-browser)/./node_modules/next/dist/client/dev/hot-reloader/app/hot-reloader-app.js:196
[  247910ms] [LOG] [Fast Refresh] done in 20ms @ webpack-internal:///(app-pages-browser)/./node_modules/next/dist/client/dev/report-hmr-latency.js:13
[  248157ms] [LOG] [Fast Refresh] rebuilding @ webpack-internal:///(app-pages-browser)/./node_modules/next/dist/client/dev/hot-reloader/app/hot-reloader-app.js:196
[  248199ms] [LOG] [Fast Refresh] done in 42ms @ webpack-internal:///(app-pages-browser)/./node_modules/next/dist/client/dev/report-hmr-latency.js:13
[  248500ms] [LOG] [Fast Refresh] rebuilding @ webpack-internal:///(app-pages-browser)/./node_modules/next/dist/client/dev/hot-reloader/app/hot-reloader-app.js:196
[  248551ms] [LOG] [Fast Refresh] done in 52ms @ webpack-internal:///(app-pages-browser)/./node_modules/next/dist/client/dev/report-hmr-latency.js:13
[  249257ms] [LOG] [Fast Refresh] rebuilding @ webpack-internal:///(app-pages-browser)/./node_modules/next/dist/client/dev/hot-reloader/app/hot-reloader-app.js:196
[  249292ms] [LOG] [Fast Refresh] done in 35ms @ webpack-internal:///(app-pages-browser)/./node_modules/next/dist/client/dev/report-hmr-latency.js:13
[  249431ms] [LOG] [Fast Refresh] rebuilding @ webpack-internal:///(app-pages-browser)/./node_modules/next/dist/client/dev/hot-reloader/app/hot-reloader-app.js:196
[  249464ms] [LOG] [Fast Refresh] done in 32ms @ webpack-internal:///(app-pages-browser)/./node_modules/next/dist/client/dev/report-hmr-latency.js:13
[  249570ms] [LOG] [Fast Refresh] rebuilding @ webpack-internal:///(app-pages-browser)/./node_modules/next/dist/client/dev/hot-reloader/app/hot-reloader-app.js:196
[  249619ms] [LOG] [Fast Refresh] done in 49ms @ webpack-internal:///(app-pages-browser)/./node_modules/next/dist/client/dev/report-hmr-latency.js:13
[  249819ms] [LOG] [Fast Refresh] rebuilding @ webpack-internal:///(app-pages-browser)/./node_modules/next/dist/client/dev/hot-reloader/app/hot-reloader-app.js:196
[  249878ms] [LOG] [Fast Refresh] done in 59ms @ webpack-internal:///(app-pages-browser)/./node_modules/next/dist/client/dev/report-hmr-latency.js:13
[  250128ms] [LOG] [Fast Refresh] rebuilding @ webpack-internal:///(app-pages-browser)/./node_modules/next/dist/client/dev/hot-reloader/app/hot-reloader-app.js:196
[  250166ms] [LOG] [Fast Refresh] done in 38ms @ webpack-internal:///(app-pages-browser)/./node_modules/next/dist/client/dev/report-hmr-latency.js:13
[  250393ms] [LOG] [Fast Refresh] rebuilding @ webpack-internal:///(app-pages-browser)/./node_modules/next/dist/client/dev/hot-reloader/app/hot-reloader-app.js:196
[  250421ms] [LOG] [Fast Refresh] done in 28ms @ webpack-internal:///(app-pages-browser)/./node_modules/next/dist/client/dev/report-hmr-latency.js:13
[  250662ms] [LOG] [Fast Refresh] rebuilding @ webpack-internal:///(app-pages-browser)/./node_modules/next/dist/client/dev/hot-reloader/app/hot-reloader-app.js:196
[  250691ms] [LOG] [Fast Refresh] done in 30ms @ webpack-internal:///(app-pages-browser)/./node_modules/next/dist/client/dev/report-hmr-latency.js:13
[  250824ms] [LOG] [Fast Refresh] rebuilding @ webpack-internal:///(app-pages-browser)/./node_modules/next/dist/client/dev/hot-reloader/app/hot-reloader-app.js:196
[  250841ms] [LOG] [Fast Refresh] done in 18ms @ webpack-internal:///(app-pages-browser)/./node_modules/next/dist/client/dev/report-hmr-latency.js:13
[  251168ms] [LOG] [Fast Refresh] rebuilding @ webpack-internal:///(app-pages-browser)/./node_modules/next/dist/client/dev/hot-reloader/app/hot-reloader-app.js:196
[  251208ms] [LOG] [Fast Refresh] done in 39ms @ webpack-internal:///(app-pages-browser)/./node_modules/next/dist/client/dev/report-hmr-latency.js:13
[  251504ms] [LOG] [Fast Refresh] rebuilding @ webpack-internal:///(app-pages-browser)/./node_modules/next/dist/client/dev/hot-reloader/app/hot-reloader-app.js:196
[  251541ms] [LOG] [Fast Refresh] done in 38ms @ webpack-internal:///(app-pages-browser)/./node_modules/next/dist/client/dev/report-hmr-latency.js:13
[  251872ms] [LOG] [Fast Refresh] rebuilding @ webpack-internal:///(app-pages-browser)/./node_modules/next/dist/client/dev/hot-reloader/app/hot-reloader-app.js:196
[  252057ms] [LOG] [Fast Refresh] done in 185ms @ webpack-internal:///(app-pages-browser)/./node_modules/next/dist/client/dev/report-hmr-latency.js:13
[  252203ms] [LOG] [Fast Refresh] rebuilding @ webpack-internal:///(app-pages-browser)/./node_modules/next/dist/client/dev/hot-reloader/app/hot-reloader-app.js:196
[  252217ms] [LOG] [Fast Refresh] done in 15ms @ webpack-internal:///(app-pages-browser)/./node_modules/next/dist/client/dev/report-hmr-latency.js:13
[  252353ms] [LOG] [Fast Refresh] rebuilding @ webpack-internal:///(app-pages-browser)/./node_modules/next/dist/client/dev/hot-reloader/app/hot-reloader-app.js:196
[  252364ms] [LOG] [Fast Refresh] done in 11ms @ webpack-internal:///(app-pages-browser)/./node_modules/next/dist/client/dev/report-hmr-latency.js:13
[  252511ms] [LOG] [Fast Refresh] rebuilding @ webpack-internal:///(app-pages-browser)/./node_modules/next/dist/client/dev/hot-reloader/app/hot-reloader-app.js:196
[  252539ms] [LOG] [Fast Refresh] done in 28ms @ webpack-internal:///(app-pages-browser)/./node_modules/next/dist/client/dev/report-hmr-latency.js:13
[  252906ms] [LOG] [Fast Refresh] rebuilding @ webpack-internal:///(app-pages-browser)/./node_modules/next/dist/client/dev/hot-reloader/app/hot-reloader-app.js:196
[  252928ms] [LOG] [Fast Refresh] done in 22ms @ webpack-internal:///(app-pages-browser)/./node_modules/next/dist/client/dev/report-hmr-latency.js:13
[  253217ms] [LOG] [Fast Refresh] rebuilding @ webpack-internal:///(app-pages-browser)/./node_modules/next/dist/client/dev/hot-reloader/app/hot-reloader-app.js:196
[  253239ms] [LOG] [Fast Refresh] done in 22ms @ webpack-internal:///(app-pages-browser)/./node_modules/next/dist/client/dev/report-hmr-latency.js:13
[  253554ms] [LOG] [Fast Refresh] rebuilding @ webpack-internal:///(app-pages-browser)/./node_modules/next/dist/client/dev/hot-reloader/app/hot-reloader-app.js:196
[  253605ms] [LOG] [Fast Refresh] done in 51ms @ webpack-internal:///(app-pages-browser)/./node_modules/next/dist/client/dev/report-hmr-latency.js:13
[  253779ms] [LOG] [Fast Refresh] rebuilding @ webpack-internal:///(app-pages-browser)/./node_modules/next/dist/client/dev/hot-reloader/app/hot-reloader-app.js:196
[  253796ms] [LOG] [Fast Refresh] done in 18ms @ webpack-internal:///(app-pages-browser)/./node_modules/next/dist/client/dev/report-hmr-latency.js:13
[  254173ms] [LOG] [Fast Refresh] rebuilding @ webpack-internal:///(app-pages-browser)/./node_modules/next/dist/client/dev/hot-reloader/app/hot-reloader-app.js:196
[  254209ms] [LOG] [Fast Refresh] done in 35ms @ webpack-internal:///(app-pages-browser)/./node_modules/next/dist/client/dev/report-hmr-latency.js:13
[  254365ms] [LOG] [Fast Refresh] rebuilding @ webpack-internal:///(app-pages-browser)/./node_modules/next/dist/client/dev/hot-reloader/app/hot-reloader-app.js:196
[  254382ms] [LOG] [Fast Refresh] done in 17ms @ webpack-internal:///(app-pages-browser)/./node_modules/next/dist/client/dev/report-hmr-latency.js:13
[  254510ms] [LOG] [Fast Refresh] rebuilding @ webpack-internal:///(app-pages-browser)/./node_modules/next/dist/client/dev/hot-reloader/app/hot-reloader-app.js:196
[  254521ms] [LOG] [Fast Refresh] done in 11ms @ webpack-internal:///(app-pages-browser)/./node_modules/next/dist/client/dev/report-hmr-latency.js:13
[  254697ms] [LOG] [Fast Refresh] rebuilding @ webpack-internal:///(app-pages-browser)/./node_modules/next/dist/client/dev/hot-reloader/app/hot-reloader-app.js:196
[  254736ms] [LOG] [Fast Refresh] done in 38ms @ webpack-internal:///(app-pages-browser)/./node_modules/next/dist/client/dev/report-hmr-latency.js:13
[  254975ms] [LOG] [Fast Refresh] rebuilding @ webpack-internal:///(app-pages-browser)/./node_modules/next/dist/client/dev/hot-reloader/app/hot-reloader-app.js:196
[  254991ms] [LOG] [Fast Refresh] done in 16ms @ webpack-internal:///(app-pages-browser)/./node_modules/next/dist/client/dev/report-hmr-latency.js:13
[  255129ms] [LOG] [Fast Refresh] rebuilding @ webpack-internal:///(app-pages-browser)/./node_modules/next/dist/client/dev/hot-reloader/app/hot-reloader-app.js:196
[  255146ms] [LOG] [Fast Refresh] done in 17ms @ webpack-internal:///(app-pages-browser)/./node_modules/next/dist/client/dev/report-hmr-latency.js:13
[  255294ms] [LOG] [Fast Refresh] rebuilding @ webpack-internal:///(app-pages-browser)/./node_modules/next/dist/client/dev/hot-reloader/app/hot-reloader-app.js:196
[  255316ms] [LOG] [Fast Refresh] done in 22ms @ webpack-internal:///(app-pages-browser)/./node_modules/next/dist/client/dev/report-hmr-latency.js:13
[  255502ms] [LOG] [Fast Refresh] rebuilding @ webpack-internal:///(app-pages-browser)/./node_modules/next/dist/client/dev/hot-reloader/app/hot-reloader-app.js:196
[  255524ms] [LOG] [Fast Refresh] done in 22ms @ webpack-internal:///(app-pages-browser)/./node_modules/next/dist/client/dev/report-hmr-latency.js:13
[  255871ms] [LOG] [Fast Refresh] rebuilding @ webpack-internal:///(app-pages-browser)/./node_modules/next/dist/client/dev/hot-reloader/app/hot-reloader-app.js:196
[  256362ms] [LOG] [Fast Refresh] done in 490ms @ webpack-internal:///(app-pages-browser)/./node_modules/next/dist/client/dev/report-hmr-latency.js:13
[  258018ms] [LOG] [Fast Refresh] rebuilding @ webpack-internal:///(app-pages-browser)/./node_modules/next/dist/client/dev/hot-reloader/app/hot-reloader-app.js:196
[  258320ms] [LOG] [Fast Refresh] done in 303ms @ webpack-internal:///(app-pages-browser)/./node_modules/next/dist/client/dev/report-hmr-latency.js:13
[  259238ms] [LOG] [Fast Refresh] rebuilding @ webpack-internal:///(app-pages-browser)/./node_modules/next/dist/client/dev/hot-reloader/app/hot-reloader-app.js:196
[  259303ms] [LOG] [Fast Refresh] done in 66ms @ webpack-internal:///(app-pages-browser)/./node_modules/next/dist/client/dev/report-hmr-latency.js:13
[  259776ms] [LOG] [Fast Refresh] rebuilding @ webpack-internal:///(app-pages-browser)/./node_modules/next/dist/client/dev/hot-reloader/app/hot-reloader-app.js:196
[  260029ms] [LOG] [Fast Refresh] done in 253ms @ webpack-internal:///(app-pages-browser)/./node_modules/next/dist/client/dev/report-hmr-latency.js:13
[  261905ms] [LOG] [Fast Refresh] rebuilding @ webpack-internal:///(app-pages-browser)/./node_modules/next/dist/client/dev/hot-reloader/app/hot-reloader-app.js:196
[  262143ms] [LOG] [Fast Refresh] done in 238ms @ webpack-internal:///(app-pages-browser)/./node_modules/next/dist/client/dev/report-hmr-latency.js:13
[  262875ms] [LOG] [Fast Refresh] rebuilding @ webpack-internal:///(app-pages-browser)/./node_modules/next/dist/client/dev/hot-reloader/app/hot-reloader-app.js:196
[  263020ms] [LOG] [Fast Refresh] done in 144ms @ webpack-internal:///(app-pages-browser)/./node_modules/next/dist/client/dev/report-hmr-latency.js:13
[  264241ms] [LOG] [Fast Refresh] rebuilding @ webpack-internal:///(app-pages-browser)/./node_modules/next/dist/client/dev/hot-reloader/app/hot-reloader-app.js:196
[  265708ms] [LOG] [Fast Refresh] done in 1467ms @ webpack-internal:///(app-pages-browser)/./node_modules/next/dist/client/dev/report-hmr-latency.js:13
[  267001ms] [LOG] [Fast Refresh] rebuilding @ webpack-internal:///(app-pages-browser)/./node_modules/next/dist/client/dev/hot-reloader/app/hot-reloader-app.js:196
[  267392ms] [LOG] [Fast Refresh] done in 392ms @ webpack-internal:///(app-pages-browser)/./node_modules/next/dist/client/dev/report-hmr-latency.js:13
[  267492ms] [LOG] [Fast Refresh] rebuilding @ webpack-internal:///(app-pages-browser)/./node_modules/next/dist/client/dev/hot-reloader/app/hot-reloader-app.js:196
[  267601ms] [LOG] [Fast Refresh] done in 108ms @ webpack-internal:///(app-pages-browser)/./node_modules/next/dist/client/dev/report-hmr-latency.js:13
[  268171ms] [LOG] [Fast Refresh] rebuilding @ webpack-internal:///(app-pages-browser)/./node_modules/next/dist/client/dev/hot-reloader/app/hot-reloader-app.js:196
[  268335ms] [LOG] [Fast Refresh] done in 163ms @ webpack-internal:///(app-pages-browser)/./node_modules/next/dist/client/dev/report-hmr-latency.js:13
[  268733ms] [LOG] [Fast Refresh] rebuilding @ webpack-internal:///(app-pages-browser)/./node_modules/next/dist/client/dev/hot-reloader/app/hot-reloader-app.js:196
[  268860ms] [LOG] [Fast Refresh] done in 128ms @ webpack-internal:///(app-pages-browser)/./node_modules/next/dist/client/dev/report-hmr-latency.js:13
[  269462ms] [LOG] [Fast Refresh] rebuilding @ webpack-internal:///(app-pages-browser)/./node_modules/next/dist/client/dev/hot-reloader/app/hot-reloader-app.js:196
[  269860ms] [LOG] [Fast Refresh] done in 399ms @ webpack-internal:///(app-pages-browser)/./node_modules/next/dist/client/dev/report-hmr-latency.js:13
[  270202ms] [LOG] [Fast Refresh] rebuilding @ webpack-internal:///(app-pages-browser)/./node_modules/next/dist/client/dev/hot-reloader/app/hot-reloader-app.js:196
[  270234ms] [LOG] [Fast Refresh] done in 32ms @ webpack-internal:///(app-pages-browser)/./node_modules/next/dist/client/dev/report-hmr-latency.js:13
[  270406ms] [LOG] [Fast Refresh] rebuilding @ webpack-internal:///(app-pages-browser)/./node_modules/next/dist/client/dev/hot-reloader/app/hot-reloader-app.js:196
[  270454ms] [LOG] [Fast Refresh] done in 47ms @ webpack-internal:///(app-pages-browser)/./node_modules/next/dist/client/dev/report-hmr-latency.js:13
[  271024ms] [LOG] [Fast Refresh] rebuilding @ webpack-internal:///(app-pages-browser)/./node_modules/next/dist/client/dev/hot-reloader/app/hot-reloader-app.js:196
[  271302ms] [LOG] [Fast Refresh] done in 277ms @ webpack-internal:///(app-pages-browser)/./node_modules/next/dist/client/dev/report-hmr-latency.js:13
[  271322ms] [LOG] [Fast Refresh] rebuilding @ webpack-internal:///(app-pages-browser)/./node_modules/next/dist/client/dev/hot-reloader/app/hot-reloader-app.js:196
[  271344ms] [LOG] [Fast Refresh] done in 23ms @ webpack-internal:///(app-pages-browser)/./node_modules/next/dist/client/dev/report-hmr-latency.js:13
[  271623ms] [LOG] [Fast Refresh] rebuilding @ webpack-internal:///(app-pages-browser)/./node_modules/next/dist/client/dev/hot-reloader/app/hot-reloader-app.js:196
[  271654ms] [LOG] [Fast Refresh] done in 30ms @ webpack-internal:///(app-pages-browser)/./node_modules/next/dist/client/dev/report-hmr-latency.js:13
[  272031ms] [LOG] [Fast Refresh] rebuilding @ webpack-internal:///(app-pages-browser)/./node_modules/next/dist/client/dev/hot-reloader/app/hot-reloader-app.js:196
[  272067ms] [LOG] [Fast Refresh] done in 36ms @ webpack-internal:///(app-pages-browser)/./node_modules/next/dist/client/dev/report-hmr-latency.js:13
[  272233ms] [LOG] [Fast Refresh] rebuilding @ webpack-internal:///(app-pages-browser)/./node_modules/next/dist/client/dev/hot-reloader/app/hot-reloader-app.js:196
[  272253ms] [LOG] [Fast Refresh] done in 21ms @ webpack-internal:///(app-pages-browser)/./node_modules/next/dist/client/dev/report-hmr-latency.js:13
[  272622ms] [LOG] [Fast Refresh] rebuilding @ webpack-internal:///(app-pages-browser)/./node_modules/next/dist/client/dev/hot-reloader/app/hot-reloader-app.js:196
[  272705ms] [LOG] [Fast Refresh] done in 83ms @ webpack-internal:///(app-pages-browser)/./node_modules/next/dist/client/dev/report-hmr-latency.js:13
[  273008ms] [LOG] [Fast Refresh] rebuilding @ webpack-internal:///(app-pages-browser)/./node_modules/next/dist/client/dev/hot-reloader/app/hot-reloader-app.js:196
[  273040ms] [LOG] [Fast Refresh] done in 33ms @ webpack-internal:///(app-pages-browser)/./node_modules/next/dist/client/dev/report-hmr-latency.js:13
[  273344ms] [LOG] [Fast Refresh] rebuilding @ webpack-internal:///(app-pages-browser)/./node_modules/next/dist/client/dev/hot-reloader/app/hot-reloader-app.js:196
[  273371ms] [LOG] [Fast Refresh] done in 26ms @ webpack-internal:///(app-pages-browser)/./node_modules/next/dist/client/dev/report-hmr-latency.js:13
[  274685ms] [LOG] [Fast Refresh] rebuilding @ webpack-internal:///(app-pages-browser)/./node_modules/next/dist/client/dev/hot-reloader/app/hot-reloader-app.js:196
[  275060ms] [LOG] [Fast Refresh] done in 374ms @ webpack-internal:///(app-pages-browser)/./node_modules/next/dist/client/dev/report-hmr-latency.js:13
[  275704ms] [LOG] [Fast Refresh] rebuilding @ webpack-internal:///(app-pages-browser)/./node_modules/next/dist/client/dev/hot-reloader/app/hot-reloader-app.js:196
[  276458ms] [LOG] [Fast Refresh] done in 754ms @ webpack-internal:///(app-pages-browser)/./node_modules/next/dist/client/dev/report-hmr-latency.js:13
[  280748ms] [LOG] [Fast Refresh] rebuilding @ webpack-internal:///(app-pages-browser)/./node_modules/next/dist/client/dev/hot-reloader/app/hot-reloader-app.js:196
[  281610ms] [LOG] [Fast Refresh] done in 862ms @ webpack-internal:///(app-pages-browser)/./node_modules/next/dist/client/dev/report-hmr-latency.js:13
[  329859ms] [LOG] [Fast Refresh] done in 49110ms @ webpack-internal:///(app-pages-browser)/./node_modules/next/dist/client/dev/report-hmr-latency.js:13
[  330134ms] [LOG] [Fast Refresh] rebuilding @ webpack-internal:///(app-pages-browser)/./node_modules/next/dist/client/dev/hot-reloader/app/hot-reloader-app.js:196
[  338221ms] [LOG] [Fast Refresh] done in 8087ms @ webpack-internal:///(app-pages-browser)/./node_modules/next/dist/client/dev/report-hmr-latency.js:13
[  339253ms] [LOG] [Fast Refresh] rebuilding @ webpack-internal:///(app-pages-browser)/./node_modules/next/dist/client/dev/hot-reloader/app/hot-reloader-app.js:196
[  340294ms] [LOG] [Fast Refresh] rebuilding @ webpack-internal:///(app-pages-browser)/./node_modules/next/dist/client/dev/hot-reloader/app/hot-reloader-app.js:196
[  340834ms] [LOG] [Fast Refresh] done in 539ms @ webpack-internal:///(app-pages-browser)/./node_modules/next/dist/client/dev/report-hmr-latency.js:13
[  341599ms] [LOG] [Fast Refresh] rebuilding @ webpack-internal:///(app-pages-browser)/./node_modules/next/dist/client/dev/hot-reloader/app/hot-reloader-app.js:196
[  341694ms] [LOG] [Fast Refresh] done in 95ms @ webpack-internal:///(app-pages-browser)/./node_modules/next/dist/client/dev/report-hmr-latency.js:13
[  342586ms] [LOG] [Fast Refresh] rebuilding @ webpack-internal:///(app-pages-browser)/./node_modules/next/dist/client/dev/hot-reloader/app/hot-reloader-app.js:196
[  342758ms] [LOG] [Fast Refresh] done in 171ms @ webpack-internal:///(app-pages-browser)/./node_modules/next/dist/client/dev/report-hmr-latency.js:13
[  343307ms] [LOG] [Fast Refresh] rebuilding @ webpack-internal:///(app-pages-browser)/./node_modules/next/dist/client/dev/hot-reloader/app/hot-reloader-app.js:196
[  343411ms] [LOG] [Fast Refresh] done in 105ms @ webpack-internal:///(app-pages-browser)/./node_modules/next/dist/client/dev/report-hmr-latency.js:13
[  343553ms] [LOG] [Fast Refresh] rebuilding @ webpack-internal:///(app-pages-browser)/./node_modules/next/dist/client/dev/hot-reloader/app/hot-reloader-app.js:196
[  343660ms] [LOG] [Fast Refresh] done in 107ms @ webpack-internal:///(app-pages-browser)/./node_modules/next/dist/client/dev/report-hmr-latency.js:13
[  344320ms] [LOG] [Fast Refresh] rebuilding @ webpack-internal:///(app-pages-browser)/./node_modules/next/dist/client/dev/hot-reloader/app/hot-reloader-app.js:196
[  344466ms] [LOG] [Fast Refresh] done in 147ms @ webpack-internal:///(app-pages-browser)/./node_modules/next/dist/client/dev/report-hmr-latency.js:13
[  344853ms] [LOG] [Fast Refresh] rebuilding @ webpack-internal:///(app-pages-browser)/./node_modules/next/dist/client/dev/hot-reloader/app/hot-reloader-app.js:196
[  344993ms] [LOG] [Fast Refresh] done in 141ms @ webpack-internal:///(app-pages-browser)/./node_modules/next/dist/client/dev/report-hmr-latency.js:13
[  345177ms] [LOG] [Fast Refresh] rebuilding @ webpack-internal:///(app-pages-browser)/./node_modules/next/dist/client/dev/hot-reloader/app/hot-reloader-app.js:196
[  345229ms] [LOG] [Fast Refresh] done in 52ms @ webpack-internal:///(app-pages-browser)/./node_modules/next/dist/client/dev/report-hmr-latency.js:13
[  345645ms] [LOG] [Fast Refresh] rebuilding @ webpack-internal:///(app-pages-browser)/./node_modules/next/dist/client/dev/hot-reloader/app/hot-reloader-app.js:196
[  345761ms] [LOG] [Fast Refresh] done in 117ms @ webpack-internal:///(app-pages-browser)/./node_modules/next/dist/client/dev/report-hmr-latency.js:13
[  346100ms] [LOG] [Fast Refresh] rebuilding @ webpack-internal:///(app-pages-browser)/./node_modules/next/dist/client/dev/hot-reloader/app/hot-reloader-app.js:196
[  346119ms] [LOG] [Fast Refresh] done in 19ms @ webpack-internal:///(app-pages-browser)/./node_modules/next/dist/client/dev/report-hmr-latency.js:13
[  346714ms] [LOG] [Fast Refresh] rebuilding @ webpack-internal:///(app-pages-browser)/./node_modules/next/dist/client/dev/hot-reloader/app/hot-reloader-app.js:196
[  346827ms] [LOG] [Fast Refresh] done in 113ms @ webpack-internal:///(app-pages-browser)/./node_modules/next/dist/client/dev/report-hmr-latency.js:13
[  346972ms] [LOG] [Fast Refresh] rebuilding @ webpack-internal:///(app-pages-browser)/./node_modules/next/dist/client/dev/hot-reloader/app/hot-reloader-app.js:196
[  347008ms] [LOG] [Fast Refresh] done in 36ms @ webpack-internal:///(app-pages-browser)/./node_modules/next/dist/client/dev/report-hmr-latency.js:13
[  347347ms] [ERROR] WebSocket connection to 'ws://localhost:3000/_next/webpack-hmr' failed:  @ webpack-internal:///(app-pages-browser)/./node_modules/next/dist/client/dev/hot-reloader/app/use-websocket.js:41
[  347385ms] [ERROR] Failed to fetch RSC payload for http://localhost:3000/product/dp-002. Falling back to browser navigation. TypeError: Failed to fetch
    at createFetch (webpack-internal:///(app-pages-browser)/./node_modules/next/dist/client/components/router-reducer/fetch-server-response.js:163:33)
    at async fetchServerResponse (webpack-internal:///(app-pages-browser)/./node_modules/next/dist/client/components/router-reducer/fetch-server-response.js:88:21) @ webpack-internal:///(app-pages-browser)/./node_modules/next/dist/next-devtools/userspace/app/errors/intercept-console-error.js:56
[  347408ms] [ERROR] Failed to fetch RSC payload for http://localhost:3000/product/dp-002. Falling back to browser navigation. TypeError: Failed to fetch
    at createFetch (webpack-internal:///(app-pages-browser)/./node_modules/next/dist/client/components/router-reducer/fetch-server-response.js:163:33)
    at async fetchServerResponse (webpack-internal:///(app-pages-browser)/./node_modules/next/dist/client/components/router-reducer/fetch-server-response.js:88:21) @ webpack-internal:///(app-pages-browser)/./node_modules/next/dist/next-devtools/userspace/app/errors/intercept-console-error.js:56
[  347534ms] [ERROR] Failed to fetch RSC payload for http://localhost:3000/product/dp-002. Falling back to browser navigation. TypeError: Failed to fetch
    at createFetch (webpack-internal:///(app-pages-browser)/./node_modules/next/dist/client/components/router-reducer/fetch-server-response.js:163:33)
    at async fetchServerResponse (webpack-internal:///(app-pages-browser)/./node_modules/next/dist/client/components/router-reducer/fetch-server-response.js:88:21) @ webpack-internal:///(app-pages-browser)/./node_modules/next/dist/next-devtools/userspace/app/errors/intercept-console-error.js:56
[  347561ms] [ERROR] Failed to fetch RSC payload for http://localhost:3000/product/dp-002. Falling back to browser navigation. TypeError: Failed to fetch
    at createFetch (webpack-internal:///(app-pages-browser)/./node_modules/next/dist/client/components/router-reducer/fetch-server-response.js:163:33)
    at async fetchServerResponse (webpack-internal:///(app-pages-browser)/./node_modules/next/dist/client/components/router-reducer/fetch-server-response.js:88:21) @ webpack-internal:///(app-pages-browser)/./node_modules/next/dist/next-devtools/userspace/app/errors/intercept-console-error.js:56
[  348843ms] [ERROR] Failed to load resource: net::ERR_CONNECTION_REFUSED @ http://localhost:3000/product/dp-002?_rsc=9re8fPIDhkOq5UU3:0
[  348843ms] [ERROR] Failed to fetch RSC payload for http://localhost:3000/product/dp-002. Falling back to browser navigation. TypeError: Failed to fetch
    at createFetch (webpack-internal:///(app-pages-browser)/./node_modules/next/dist/client/components/router-reducer/fetch-server-response.js:163:33)
    at async fetchServerResponse (webpack-internal:///(app-pages-browser)/./node_modules/next/dist/client/components/router-reducer/fetch-server-response.js:88:21) @ webpack-internal:///(app-pages-browser)/./node_modules/next/dist/next-devtools/userspace/app/errors/intercept-console-error.js:56
[  348845ms] [ERROR] Failed to load resource: net::ERR_CONNECTION_REFUSED @ http://localhost:3000/product/dp-002?_rsc=9re8fPIDhkOq5UU3:0
[  348845ms] [ERROR] Failed to fetch RSC payload for http://localhost:3000/product/dp-002. Falling back to browser navigation. TypeError: Failed to fetch
    at createFetch (webpack-internal:///(app-pages-browser)/./node_modules/next/dist/client/components/router-reducer/fetch-server-response.js:163:33)
    at async fetchServerResponse (webpack-internal:///(app-pages-browser)/./node_modules/next/dist/client/components/router-reducer/fetch-server-response.js:88:21) @ webpack-internal:///(app-pages-browser)/./node_modules/next/dist/next-devtools/userspace/app/errors/intercept-console-error.js:56
[  348847ms] [ERROR] Failed to load resource: net::ERR_CONNECTION_REFUSED @ http://localhost:3000/product/dp-002?_rsc=9re8fPIDhkOq5UU3:0
[  348847ms] [ERROR] Failed to fetch RSC payload for http://localhost:3000/product/dp-002. Falling back to browser navigation. TypeError: Failed to fetch
    at createFetch (webpack-internal:///(app-pages-browser)/./node_modules/next/dist/client/components/router-reducer/fetch-server-response.js:163:33)
    at async fetchServerResponse (webpack-internal:///(app-pages-browser)/./node_modules/next/dist/client/components/router-reducer/fetch-server-response.js:88:21) @ webpack-internal:///(app-pages-browser)/./node_modules/next/dist/next-devtools/userspace/app/errors/intercept-console-error.js:56
[  348849ms] [ERROR] Failed to load resource: net::ERR_CONNECTION_REFUSED @ http://localhost:3000/product/dp-002?_rsc=9re8fPIDhkOq5UU3:0
[  348849ms] [ERROR] Failed to fetch RSC payload for http://localhost:3000/product/dp-002. Falling back to browser navigation. TypeError: Failed to fetch
    at createFetch (webpack-internal:///(app-pages-browser)/./node_modules/next/dist/client/components/router-reducer/fetch-server-response.js:163:33)
    at async fetchServerResponse (webpack-internal:///(app-pages-browser)/./node_modules/next/dist/client/components/router-reducer/fetch-server-response.js:88:21) @ webpack-internal:///(app-pages-browser)/./node_modules/next/dist/next-devtools/userspace/app/errors/intercept-console-error.js:56
[  348850ms] [ERROR] Failed to load resource: net::ERR_CONNECTION_REFUSED @ http://localhost:3000/product/dp-002?_rsc=9re8fPIDhkOq5UU3:0
[  348850ms] [ERROR] Failed to fetch RSC payload for http://localhost:3000/product/dp-002. Falling back to browser navigation. TypeError: Failed to fetch
    at createFetch (webpack-internal:///(app-pages-browser)/./node_modules/next/dist/client/components/router-reducer/fetch-server-response.js:163:33)
    at async fetchServerResponse (webpack-internal:///(app-pages-browser)/./node_modules/next/dist/client/components/router-reducer/fetch-server-response.js:88:21) @ webpack-internal:///(app-pages-browser)/./node_modules/next/dist/next-devtools/userspace/app/errors/intercept-console-error.js:56
[  348851ms] [ERROR] Failed to load resource: net::ERR_CONNECTION_REFUSED @ http://localhost:3000/product/dp-002?_rsc=9re8fPIDhkOq5UU3:0
[  348851ms] [ERROR] Failed to fetch RSC payload for http://localhost:3000/product/dp-002. Falling back to browser navigation. TypeError: Failed to fetch
    at createFetch (webpack-internal:///(app-pages-browser)/./node_modules/next/dist/client/components/router-reducer/fetch-server-response.js:163:33)
    at async fetchServerResponse (webpack-internal:///(app-pages-browser)/./node_modules/next/dist/client/components/router-reducer/fetch-server-response.js:88:21) @ webpack-internal:///(app-pages-browser)/./node_modules/next/dist/next-devtools/userspace/app/errors/intercept-console-error.js:56
[  348852ms] [ERROR] Failed to load resource: net::ERR_CONNECTION_REFUSED @ http://localhost:3000/product/dp-002?_rsc=9re8fPIDhkOq5UU3:0
[  348852ms] [ERROR] Failed to fetch RSC payload for http://localhost:3000/product/dp-002. Falling back to browser navigation. TypeError: Failed to fetch
    at createFetch (webpack-internal:///(app-pages-browser)/./node_modules/next/dist/client/components/router-reducer/fetch-server-response.js:163:33)
    at async fetchServerResponse (webpack-internal:///(app-pages-browser)/./node_modules/next/dist/client/components/router-reducer/fetch-server-response.js:88:21) @ webpack-internal:///(app-pages-browser)/./node_modules/next/dist/next-devtools/userspace/app/errors/intercept-console-error.js:56
[  348854ms] [ERROR] Failed to load resource: net::ERR_CONNECTION_REFUSED @ http://localhost:3000/product/dp-002?_rsc=9re8fPIDhkOq5UU3:0
[  348854ms] [ERROR] Failed to fetch RSC payload for http://localhost:3000/product/dp-002. Falling back to browser navigation. TypeError: Failed to fetch
    at createFetch (webpack-internal:///(app-pages-browser)/./node_modules/next/dist/client/components/router-reducer/fetch-server-response.js:163:33)
    at async fetchServerResponse (webpack-internal:///(app-pages-browser)/./node_modules/next/dist/client/components/router-reducer/fetch-server-response.js:88:21) @ webpack-internal:///(app-pages-browser)/./node_modules/next/dist/next-devtools/userspace/app/errors/intercept-console-error.js:56
[  348855ms] [ERROR] Failed to load resource: net::ERR_CONNECTION_REFUSED @ http://localhost:3000/product/dp-002?_rsc=9re8fPIDhkOq5UU3:0
[  348855ms] [ERROR] Failed to fetch RSC payload for http://localhost:3000/product/dp-002. Falling back to browser navigation. TypeError: Failed to fetch
    at createFetch (webpack-internal:///(app-pages-browser)/./node_modules/next/dist/client/components/router-reducer/fetch-server-response.js:163:33)
    at async fetchServerResponse (webpack-internal:///(app-pages-browser)/./node_modules/next/dist/client/components/router-reducer/fetch-server-response.js:88:21) @ webpack-internal:///(app-pages-browser)/./node_modules/next/dist/next-devtools/userspace/app/errors/intercept-console-error.js:56
[  348856ms] [ERROR] Failed to load resource: net::ERR_CONNECTION_REFUSED @ http://localhost:3000/product/dp-002?_rsc=9re8fPIDhkOq5UU3:0
[  348856ms] [ERROR] Failed to fetch RSC payload for http://localhost:3000/product/dp-002. Falling back to browser navigation. TypeError: Failed to fetch
    at createFetch (webpack-internal:///(app-pages-browser)/./node_modules/next/dist/client/components/router-reducer/fetch-server-response.js:163:33)
    at async fetchServerResponse (webpack-internal:///(app-pages-browser)/./node_modules/next/dist/client/components/router-reducer/fetch-server-response.js:88:21) @ webpack-internal:///(app-pages-browser)/./node_modules/next/dist/next-devtools/userspace/app/errors/intercept-console-error.js:56
[  348857ms] [ERROR] Failed to load resource: net::ERR_CONNECTION_REFUSED @ http://localhost:3000/product/dp-002?_rsc=9re8fPIDhkOq5UU3:0
[  348857ms] [ERROR] Failed to fetch RSC payload for http://localhost:3000/product/dp-002. Falling back to browser navigation. TypeError: Failed to fetch
    at createFetch (webpack-internal:///(app-pages-browser)/./node_modules/next/dist/client/components/router-reducer/fetch-server-response.js:163:33)
    at async fetchServerResponse (webpack-internal:///(app-pages-browser)/./node_modules/next/dist/client/components/router-reducer/fetch-server-response.js:88:21) @ webpack-internal:///(app-pages-browser)/./node_modules/next/dist/next-devtools/userspace/app/errors/intercept-console-error.js:56
[  348858ms] [ERROR] Failed to load resource: net::ERR_CONNECTION_REFUSED @ http://localhost:3000/product/dp-002?_rsc=9re8fPIDhkOq5UU3:0
[  348858ms] [ERROR] Failed to fetch RSC payload for http://localhost:3000/product/dp-002. Falling back to browser navigation. TypeError: Failed to fetch
    at createFetch (webpack-internal:///(app-pages-browser)/./node_modules/next/dist/client/components/router-reducer/fetch-server-response.js:163:33)
    at async fetchServerResponse (webpack-internal:///(app-pages-browser)/./node_modules/next/dist/client/components/router-reducer/fetch-server-response.js:88:21) @ webpack-internal:///(app-pages-browser)/./node_modules/next/dist/next-devtools/userspace/app/errors/intercept-console-error.js:56
[  348859ms] [ERROR] Failed to load resource: net::ERR_CONNECTION_REFUSED @ http://localhost:3000/product/dp-002?_rsc=9re8fPIDhkOq5UU3:0
[  348859ms] [ERROR] Failed to fetch RSC payload for http://localhost:3000/product/dp-002. Falling back to browser navigation. TypeError: Failed to fetch
    at createFetch (webpack-internal:///(app-pages-browser)/./node_modules/next/dist/client/components/router-reducer/fetch-server-response.js:163:33)
    at async fetchServerResponse (webpack-internal:///(app-pages-browser)/./node_modules/next/dist/client/components/router-reducer/fetch-server-response.js:88:21) @ webpack-internal:///(app-pages-browser)/./node_modules/next/dist/next-devtools/userspace/app/errors/intercept-console-error.js:56
[  348860ms] [ERROR] Failed to load resource: net::ERR_CONNECTION_REFUSED @ http://localhost:3000/product/dp-002?_rsc=9re8fPIDhkOq5UU3:0
[  348860ms] [ERROR] Failed to fetch RSC payload for http://localhost:3000/product/dp-002. Falling back to browser navigation. TypeError: Failed to fetch
    at createFetch (webpack-internal:///(app-pages-browser)/./node_modules/next/dist/client/components/router-reducer/fetch-server-response.js:163:33)
    at async fetchServerResponse (webpack-internal:///(app-pages-browser)/./node_modules/next/dist/client/components/router-reducer/fetch-server-response.js:88:21) @ webpack-internal:///(app-pages-browser)/./node_modules/next/dist/next-devtools/userspace/app/errors/intercept-console-error.js:56
[  348861ms] [ERROR] Failed to load resource: net::ERR_CONNECTION_REFUSED @ http://localhost:3000/product/dp-002?_rsc=9re8fPIDhkOq5UU3:0
[  348861ms] [ERROR] Failed to fetch RSC payload for http://localhost:3000/product/dp-002. Falling back to browser navigation. TypeError: Failed to fetch
    at createFetch (webpack-internal:///(app-pages-browser)/./node_modules/next/dist/client/components/router-reducer/fetch-server-response.js:163:33)
    at async fetchServerResponse (webpack-internal:///(app-pages-browser)/./node_modules/next/dist/client/components/router-reducer/fetch-server-response.js:88:21) @ webpack-internal:///(app-pages-browser)/./node_modules/next/dist/next-devtools/userspace/app/errors/intercept-console-error.js:56
[  348865ms] [ERROR] Failed to load resource: net::ERR_CONNECTION_REFUSED @ http://localhost:3000/product/dp-002?_rsc=9re8fPIDhkOq5UU3:0
[  348865ms] [ERROR] Failed to fetch RSC payload for http://localhost:3000/product/dp-002. Falling back to browser navigation. TypeError: Failed to fetch
    at createFetch (webpack-internal:///(app-pages-browser)/./node_modules/next/dist/client/components/router-reducer/fetch-server-response.js:163:33)
    at async fetchServerResponse (webpack-internal:///(app-pages-browser)/./node_modules/next/dist/client/components/router-reducer/fetch-server-response.js:88:21) @ webpack-internal:///(app-pages-browser)/./node_modules/next/dist/next-devtools/userspace/app/errors/intercept-console-error.js:56
[  348867ms] [ERROR] Failed to load resource: net::ERR_CONNECTION_REFUSED @ http://localhost:3000/product/dp-002?_rsc=9re8fPIDhkOq5UU3:0
[  348867ms] [ERROR] Failed to fetch RSC payload for http://localhost:3000/product/dp-002. Falling back to browser navigation. TypeError: Failed to fetch
    at createFetch (webpack-internal:///(app-pages-browser)/./node_modules/next/dist/client/components/router-reducer/fetch-server-response.js:163:33)
    at async fetchServerResponse (webpack-internal:///(app-pages-browser)/./node_modules/next/dist/client/components/router-reducer/fetch-server-response.js:88:21) @ webpack-internal:///(app-pages-browser)/./node_modules/next/dist/next-devtools/userspace/app/errors/intercept-console-error.js:56
[  348868ms] [ERROR] Failed to load resource: net::ERR_CONNECTION_REFUSED @ http://localhost:3000/product/dp-002?_rsc=9re8fPIDhkOq5UU3:0
[  348868ms] [ERROR] Failed to fetch RSC payload for http://localhost:3000/product/dp-002. Falling back to browser navigation. TypeError: Failed to fetch
    at createFetch (webpack-internal:///(app-pages-browser)/./node_modules/next/dist/client/components/router-reducer/fetch-server-response.js:163:33)
    at async fetchServerResponse (webpack-internal:///(app-pages-browser)/./node_modules/next/dist/client/components/router-reducer/fetch-server-response.js:88:21) @ webpack-internal:///(app-pages-browser)/./node_modules/next/dist/next-devtools/userspace/app/errors/intercept-console-error.js:56
[  348869ms] [ERROR] Failed to load resource: net::ERR_CONNECTION_REFUSED @ http://localhost:3000/product/dp-002?_rsc=9re8fPIDhkOq5UU3:0
[  348869ms] [ERROR] Failed to fetch RSC payload for http://localhost:3000/product/dp-002. Falling back to browser navigation. TypeError: Failed to fetch
    at createFetch (webpack-internal:///(app-pages-browser)/./node_modules/next/dist/client/components/router-reducer/fetch-server-response.js:163:33)
    at async fetchServerResponse (webpack-internal:///(app-pages-browser)/./node_modules/next/dist/client/components/router-reducer/fetch-server-response.js:88:21) @ webpack-internal:///(app-pages-browser)/./node_modules/next/dist/next-devtools/userspace/app/errors/intercept-console-error.js:56
[  348870ms] [ERROR] Failed to load resource: net::ERR_CONNECTION_REFUSED @ http://localhost:3000/product/dp-002?_rsc=9re8fPIDhkOq5UU3:0
[  348870ms] [ERROR] Failed to fetch RSC payload for http://localhost:3000/product/dp-002. Falling back to browser navigation. TypeError: Failed to fetch
    at createFetch (webpack-internal:///(app-pages-browser)/./node_modules/next/dist/client/components/router-reducer/fetch-server-response.js:163:33)
    at async fetchServerResponse (webpack-internal:///(app-pages-browser)/./node_modules/next/dist/client/components/router-reducer/fetch-server-response.js:88:21) @ webpack-internal:///(app-pages-browser)/./node_modules/next/dist/next-devtools/userspace/app/errors/intercept-console-error.js:56
[  348871ms] [ERROR] Failed to load resource: net::ERR_CONNECTION_REFUSED @ http://localhost:3000/product/dp-002?_rsc=9re8fPIDhkOq5UU3:0
[  348871ms] [ERROR] Failed to fetch RSC payload for http://localhost:3000/product/dp-002. Falling back to browser navigation. TypeError: Failed to fetch
    at createFetch (webpack-internal:///(app-pages-browser)/./node_modules/next/dist/client/components/router-reducer/fetch-server-response.js:163:33)
    at async fetchServerResponse (webpack-internal:///(app-pages-browser)/./node_modules/next/dist/client/components/router-reducer/fetch-server-response.js:88:21) @ webpack-internal:///(app-pages-browser)/./node_modules/next/dist/next-devtools/userspace/app/errors/intercept-console-error.js:56
[  348872ms] [ERROR] Failed to load resource: net::ERR_CONNECTION_REFUSED @ http://localhost:3000/product/dp-002?_rsc=9re8fPIDhkOq5UU3:0
[  348872ms] [ERROR] Failed to fetch RSC payload for http://localhost:3000/product/dp-002. Falling back to browser navigation. TypeError: Failed to fetch
    at createFetch (webpack-internal:///(app-pages-browser)/./node_modules/next/dist/client/components/router-reducer/fetch-server-response.js:163:33)
    at async fetchServerResponse (webpack-internal:///(app-pages-browser)/./node_modules/next/dist/client/components/router-reducer/fetch-server-response.js:88:21) @ webpack-internal:///(app-pages-browser)/./node_modules/next/dist/next-devtools/userspace/app/errors/intercept-console-error.js:56
[  348873ms] [ERROR] Failed to load resource: net::ERR_CONNECTION_REFUSED @ http://localhost:3000/product/dp-002?_rsc=9re8fPIDhkOq5UU3:0
[  348873ms] [ERROR] Failed to fetch RSC payload for http://localhost:3000/product/dp-002. Falling back to browser navigation. TypeError: Failed to fetch
    at createFetch (webpack-internal:///(app-pages-browser)/./node_modules/next/dist/client/components/router-reducer/fetch-server-response.js:163:33)
    at async fetchServerResponse (webpack-internal:///(app-pages-browser)/./node_modules/next/dist/client/components/router-reducer/fetch-server-response.js:88:21) @ webpack-internal:///(app-pages-browser)/./node_modules/next/dist/next-devtools/userspace/app/errors/intercept-console-error.js:56
[  348874ms] [ERROR] Failed to load resource: net::ERR_CONNECTION_REFUSED @ http://localhost:3000/product/dp-002?_rsc=9re8fPIDhkOq5UU3:0
[  348874ms] [ERROR] Failed to fetch RSC payload for http://localhost:3000/product/dp-002. Falling back to browser navigation. TypeError: Failed to fetch
    at createFetch (webpack-internal:///(app-pages-browser)/./node_modules/next/dist/client/components/router-reducer/fetch-server-response.js:163:33)
    at async fetchServerResponse (webpack-internal:///(app-pages-browser)/./node_modules/next/dist/client/components/router-reducer/fetch-server-response.js:88:21) @ webpack-internal:///(app-pages-browser)/./node_modules/next/dist/next-devtools/userspace/app/errors/intercept-console-error.js:56
[  348875ms] [ERROR] Failed to load resource: net::ERR_CONNECTION_REFUSED @ http://localhost:3000/product/dp-002?_rsc=9re8fPIDhkOq5UU3:0
[  348875ms] [ERROR] Failed to fetch RSC payload for http://localhost:3000/product/dp-002. Falling back to browser navigation. TypeError: Failed to fetch
    at createFetch (webpack-internal:///(app-pages-browser)/./node_modules/next/dist/client/components/router-reducer/fetch-server-response.js:163:33)
    at async fetchServerResponse (webpack-internal:///(app-pages-browser)/./node_modules/next/dist/client/components/router-reducer/fetch-server-response.js:88:21) @ webpack-internal:///(app-pages-browser)/./node_modules/next/dist/next-devtools/userspace/app/errors/intercept-console-error.js:56
[  348876ms] [ERROR] Failed to load resource: net::ERR_CONNECTION_REFUSED @ http://localhost:3000/product/dp-002?_rsc=9re8fPIDhkOq5UU3:0
[  348876ms] [ERROR] Failed to fetch RSC payload for http://localhost:3000/product/dp-002. Falling back to browser navigation. TypeError: Failed to fetch
    at createFetch (webpack-internal:///(app-pages-browser)/./node_modules/next/dist/client/components/router-reducer/fetch-server-response.js:163:33)
    at async fetchServerResponse (webpack-internal:///(app-pages-browser)/./node_modules/next/dist/client/components/router-reducer/fetch-server-response.js:88:21) @ webpack-internal:///(app-pages-browser)/./node_modules/next/dist/next-devtools/userspace/app/errors/intercept-console-error.js:56
[  348877ms] [ERROR] Failed to load resource: net::ERR_CONNECTION_REFUSED @ http://localhost:3000/product/dp-002?_rsc=9re8fPIDhkOq5UU3:0
[  348877ms] [ERROR] Failed to fetch RSC payload for http://localhost:3000/product/dp-002. Falling back to browser navigation. TypeError: Failed to fetch
    at createFetch (webpack-internal:///(app-pages-browser)/./node_modules/next/dist/client/components/router-reducer/fetch-server-response.js:163:33)
    at async fetchServerResponse (webpack-internal:///(app-pages-browser)/./node_modules/next/dist/client/components/router-reducer/fetch-server-response.js:88:21) @ webpack-internal:///(app-pages-browser)/./node_modules/next/dist/next-devtools/userspace/app/errors/intercept-console-error.js:56
[  348878ms] [ERROR] Failed to load resource: net::ERR_CONNECTION_REFUSED @ http://localhost:3000/product/dp-002?_rsc=9re8fPIDhkOq5UU3:0
[  348879ms] [ERROR] Failed to fetch RSC payload for http://localhost:3000/product/dp-002. Falling back to browser navigation. TypeError: Failed to fetch
    at createFetch (webpack-internal:///(app-pages-browser)/./node_modules/next/dist/client/components/router-reducer/fetch-server-response.js:163:33)
    at async fetchServerResponse (webpack-internal:///(app-pages-browser)/./node_modules/next/dist/client/components/router-reducer/fetch-server-response.js:88:21) @ webpack-internal:///(app-pages-browser)/./node_modules/next/dist/next-devtools/userspace/app/errors/intercept-console-error.js:56
[  348880ms] [ERROR] Failed to load resource: net::ERR_CONNECTION_REFUSED @ http://localhost:3000/product/dp-002?_rsc=9re8fPIDhkOq5UU3:0
[  348880ms] [ERROR] Failed to fetch RSC payload for http://localhost:3000/product/dp-002. Falling back to browser navigation. TypeError: Failed to fetch
    at createFetch (webpack-internal:///(app-pages-browser)/./node_modules/next/dist/client/components/router-reducer/fetch-server-response.js:163:33)
    at async fetchServerResponse (webpack-internal:///(app-pages-browser)/./node_modules/next/dist/client/components/router-reducer/fetch-server-response.js:88:21) @ webpack-internal:///(app-pages-browser)/./node_modules/next/dist/next-devtools/userspace/app/errors/intercept-console-error.js:56
[  348882ms] [ERROR] Failed to load resource: net::ERR_CONNECTION_REFUSED @ http://localhost:3000/product/dp-002?_rsc=9re8fPIDhkOq5UU3:0
[  348882ms] [ERROR] Failed to fetch RSC payload for http://localhost:3000/product/dp-002. Falling back to browser navigation. TypeError: Failed to fetch
    at createFetch (webpack-internal:///(app-pages-browser)/./node_modules/next/dist/client/components/router-reducer/fetch-server-response.js:163:33)
    at async fetchServerResponse (webpack-internal:///(app-pages-browser)/./node_modules/next/dist/client/components/router-reducer/fetch-server-response.js:88:21) @ webpack-internal:///(app-pages-browser)/./node_modules/next/dist/next-devtools/userspace/app/errors/intercept-console-error.js:56
[  348883ms] [ERROR] Failed to load resource: net::ERR_CONNECTION_REFUSED @ http://localhost:3000/product/dp-002?_rsc=9re8fPIDhkOq5UU3:0
[  348883ms] [ERROR] Failed to fetch RSC payload for http://localhost:3000/product/dp-002. Falling back to browser navigation. TypeError: Failed to fetch
    at createFetch (webpack-internal:///(app-pages-browser)/./node_modules/next/dist/client/components/router-reducer/fetch-server-response.js:163:33)
    at async fetchServerResponse (webpack-internal:///(app-pages-browser)/./node_modules/next/dist/client/components/router-reducer/fetch-server-response.js:88:21) @ webpack-internal:///(app-pages-browser)/./node_modules/next/dist/next-devtools/userspace/app/errors/intercept-console-error.js:56
[  348884ms] [ERROR] Failed to load resource: net::ERR_CONNECTION_REFUSED @ http://localhost:3000/product/dp-002?_rsc=9re8fPIDhkOq5UU3:0
[  348884ms] [ERROR] Failed to fetch RSC payload for http://localhost:3000/product/dp-002. Falling back to browser navigation. TypeError: Failed to fetch
    at createFetch (webpack-internal:///(app-pages-browser)/./node_modules/next/dist/client/components/router-reducer/fetch-server-response.js:163:33)
    at async fetchServerResponse (webpack-internal:///(app-pages-browser)/./node_modules/next/dist/client/components/router-reducer/fetch-server-response.js:88:21) @ webpack-internal:///(app-pages-browser)/./node_modules/next/dist/next-devtools/userspace/app/errors/intercept-console-error.js:56
[  348885ms] [ERROR] Failed to load resource: net::ERR_CONNECTION_REFUSED @ http://localhost:3000/product/dp-002?_rsc=9re8fPIDhkOq5UU3:0
[  348885ms] [ERROR] Failed to fetch RSC payload for http://localhost:3000/product/dp-002. Falling back to browser navigation. TypeError: Failed to fetch
    at createFetch (webpack-internal:///(app-pages-browser)/./node_modules/next/dist/client/components/router-reducer/fetch-server-response.js:163:33)
    at async fetchServerResponse (webpack-internal:///(app-pages-browser)/./node_modules/next/dist/client/components/router-reducer/fetch-server-response.js:88:21) @ webpack-internal:///(app-pages-browser)/./node_modules/next/dist/next-devtools/userspace/app/errors/intercept-console-error.js:56
[  348886ms] [ERROR] Failed to load resource: net::ERR_CONNECTION_REFUSED @ http://localhost:3000/product/dp-002?_rsc=9re8fPIDhkOq5UU3:0
[  348886ms] [ERROR] Failed to fetch RSC payload for http://localhost:3000/product/dp-002. Falling back to browser navigation. TypeError: Failed to fetch
    at createFetch (webpack-internal:///(app-pages-browser)/./node_modules/next/dist/client/components/router-reducer/fetch-server-response.js:163:33)
    at async fetchServerResponse (webpack-internal:///(app-pages-browser)/./node_modules/next/dist/client/components/router-reducer/fetch-server-response.js:88:21) @ webpack-internal:///(app-pages-browser)/./node_modules/next/dist/next-devtools/userspace/app/errors/intercept-console-error.js:56
[  348888ms] [ERROR] Failed to load resource: net::ERR_CONNECTION_REFUSED @ http://localhost:3000/product/dp-002?_rsc=9re8fPIDhkOq5UU3:0
[  348888ms] [ERROR] Failed to fetch RSC payload for http://localhost:3000/product/dp-002. Falling back to browser navigation. TypeError: Failed to fetch
    at createFetch (webpack-internal:///(app-pages-browser)/./node_modules/next/dist/client/components/router-reducer/fetch-server-response.js:163:33)
    at async fetchServerResponse (webpack-internal:///(app-pages-browser)/./node_modules/next/dist/client/components/router-reducer/fetch-server-response.js:88:21) @ webpack-internal:///(app-pages-browser)/./node_modules/next/dist/next-devtools/userspace/app/errors/intercept-console-error.js:56
[  348889ms] [ERROR] Failed to load resource: net::ERR_CONNECTION_REFUSED @ http://localhost:3000/product/dp-002?_rsc=9re8fPIDhkOq5UU3:0
[  348889ms] [ERROR] Failed to fetch RSC payload for http://localhost:3000/product/dp-002. Falling back to browser navigation. TypeError: Failed to fetch
    at createFetch (webpack-internal:///(app-pages-browser)/./node_modules/next/dist/client/components/router-reducer/fetch-server-response.js:163:33)
    at async fetchServerResponse (webpack-internal:///(app-pages-browser)/./node_modules/next/dist/client/components/router-reducer/fetch-server-response.js:88:21) @ webpack-internal:///(app-pages-browser)/./node_modules/next/dist/next-devtools/userspace/app/errors/intercept-console-error.js:56
[  348890ms] [ERROR] Failed to load resource: net::ERR_CONNECTION_REFUSED @ http://localhost:3000/product/dp-002?_rsc=9re8fPIDhkOq5UU3:0
[  348890ms] [ERROR] Failed to fetch RSC payload for http://localhost:3000/product/dp-002. Falling back to browser navigation. TypeError: Failed to fetch
    at createFetch (webpack-internal:///(app-pages-browser)/./node_modules/next/dist/client/components/router-reducer/fetch-server-response.js:163:33)
    at async fetchServerResponse (webpack-internal:///(app-pages-browser)/./node_modules/next/dist/client/components/router-reducer/fetch-server-response.js:88:21) @ webpack-internal:///(app-pages-browser)/./node_modules/next/dist/next-devtools/userspace/app/errors/intercept-console-error.js:56
[  348891ms] [ERROR] Failed to load resource: net::ERR_CONNECTION_REFUSED @ http://localhost:3000/product/dp-002?_rsc=9re8fPIDhkOq5UU3:0
[  348891ms] [ERROR] Failed to fetch RSC payload for http://localhost:3000/product/dp-002. Falling back to browser navigation. TypeError: Failed to fetch
    at createFetch (webpack-internal:///(app-pages-browser)/./node_modules/next/dist/client/components/router-reducer/fetch-server-response.js:163:33)
    at async fetchServerResponse (webpack-internal:///(app-pages-browser)/./node_modules/next/dist/client/components/router-reducer/fetch-server-response.js:88:21) @ webpack-internal:///(app-pages-browser)/./node_modules/next/dist/next-devtools/userspace/app/errors/intercept-console-error.js:56
[  348892ms] [ERROR] Failed to load resource: net::ERR_CONNECTION_REFUSED @ http://localhost:3000/product/dp-002?_rsc=9re8fPIDhkOq5UU3:0
[  348893ms] [ERROR] Failed to fetch RSC payload for http://localhost:3000/product/dp-002. Falling back to browser navigation. TypeError: Failed to fetch
    at createFetch (webpack-internal:///(app-pages-browser)/./node_modules/next/dist/client/components/router-reducer/fetch-server-response.js:163:33)
    at async fetchServerResponse (webpack-internal:///(app-pages-browser)/./node_modules/next/dist/client/components/router-reducer/fetch-server-response.js:88:21) @ webpack-internal:///(app-pages-browser)/./node_modules/next/dist/next-devtools/userspace/app/errors/intercept-console-error.js:56
[  348894ms] [ERROR] Failed to load resource: net::ERR_CONNECTION_REFUSED @ http://localhost:3000/product/dp-002?_rsc=9re8fPIDhkOq5UU3:0
[  348894ms] [ERROR] Failed to fetch RSC payload for http://localhost:3000/product/dp-002. Falling back to browser navigation. TypeError: Failed to fetch
    at createFetch (webpack-internal:///(app-pages-browser)/./node_modules/next/dist/client/components/router-reducer/fetch-server-response.js:163:33)
    at async fetchServerResponse (webpack-internal:///(app-pages-browser)/./node_modules/next/dist/client/components/router-reducer/fetch-server-response.js:88:21) @ webpack-internal:///(app-pages-browser)/./node_modules/next/dist/next-devtools/userspace/app/errors/intercept-console-error.js:56
[  348895ms] [ERROR] Failed to load resource: net::ERR_CONNECTION_REFUSED @ http://localhost:3000/product/dp-002?_rsc=9re8fPIDhkOq5UU3:0
[  348895ms] [ERROR] Failed to fetch RSC payload for http://localhost:3000/product/dp-002. Falling back to browser navigation. TypeError: Failed to fetch
    at createFetch (webpack-internal:///(app-pages-browser)/./node_modules/next/dist/client/components/router-reducer/fetch-server-response.js:163:33)
    at async fetchServerResponse (webpack-internal:///(app-pages-browser)/./node_modules/next/dist/client/components/router-reducer/fetch-server-response.js:88:21) @ webpack-internal:///(app-pages-browser)/./node_modules/next/dist/next-devtools/userspace/app/errors/intercept-console-error.js:56
[  348896ms] [ERROR] Failed to load resource: net::ERR_CONNECTION_REFUSED @ http://localhost:3000/product/dp-002?_rsc=9re8fPIDhkOq5UU3:0
[  348896ms] [ERROR] Failed to fetch RSC payload for http://localhost:3000/product/dp-002. Falling back to browser navigation. TypeError: Failed to fetch
    at createFetch (webpack-internal:///(app-pages-browser)/./node_modules/next/dist/client/components/router-reducer/fetch-server-response.js:163:33)
    at async fetchServerResponse (webpack-internal:///(app-pages-browser)/./node_modules/next/dist/client/components/router-reducer/fetch-server-response.js:88:21) @ webpack-internal:///(app-pages-browser)/./node_modules/next/dist/next-devtools/userspace/app/errors/intercept-console-error.js:56
[  348899ms] [ERROR] Failed to load resource: net::ERR_CONNECTION_REFUSED @ http://localhost:3000/product/dp-002?_rsc=9re8fPIDhkOq5UU3:0
[  348899ms] [ERROR] Failed to fetch RSC payload for http://localhost:3000/product/dp-002. Falling back to browser navigation. TypeError: Failed to fetch
    at createFetch (webpack-internal:///(app-pages-browser)/./node_modules/next/dist/client/components/router-reducer/fetch-server-response.js:163:33)
    at async fetchServerResponse (webpack-internal:///(app-pages-browser)/./node_modules/next/dist/client/components/router-reducer/fetch-server-response.js:88:21) @ webpack-internal:///(app-pages-browser)/./node_modules/next/dist/next-devtools/userspace/app/errors/intercept-console-error.js:56
[  348900ms] [ERROR] Failed to load resource: net::ERR_CONNECTION_REFUSED @ http://localhost:3000/product/dp-002?_rsc=9re8fPIDhkOq5UU3:0
[  348901ms] [ERROR] Failed to fetch RSC payload for http://localhost:3000/product/dp-002. Falling back to browser navigation. TypeError: Failed to fetch
    at createFetch (webpack-internal:///(app-pages-browser)/./node_modules/next/dist/client/components/router-reducer/fetch-server-response.js:163:33)
    at async fetchServerResponse (webpack-internal:///(app-pages-browser)/./node_modules/next/dist/client/components/router-reducer/fetch-server-response.js:88:21) @ webpack-internal:///(app-pages-browser)/./node_modules/next/dist/next-devtools/userspace/app/errors/intercept-console-error.js:56
[  348902ms] [ERROR] Failed to load resource: net::ERR_CONNECTION_REFUSED @ http://localhost:3000/product/dp-002?_rsc=9re8fPIDhkOq5UU3:0
[  348902ms] [ERROR] Failed to fetch RSC payload for http://localhost:3000/product/dp-002. Falling back to browser navigation. TypeError: Failed to fetch
    at createFetch (webpack-internal:///(app-pages-browser)/./node_modules/next/dist/client/components/router-reducer/fetch-server-response.js:163:33)
    at async fetchServerResponse (webpack-internal:///(app-pages-browser)/./node_modules/next/dist/client/components/router-reducer/fetch-server-response.js:88:21) @ webpack-internal:///(app-pages-browser)/./node_modules/next/dist/next-devtools/userspace/app/errors/intercept-console-error.js:56
[  348903ms] [ERROR] Failed to load resource: net::ERR_CONNECTION_REFUSED @ http://localhost:3000/product/dp-002?_rsc=9re8fPIDhkOq5UU3:0
[  348903ms] [ERROR] Failed to fetch RSC payload for http://localhost:3000/product/dp-002. Falling back to browser navigation. TypeError: Failed to fetch
    at createFetch (webpack-internal:///(app-pages-browser)/./node_modules/next/dist/client/components/router-reducer/fetch-server-response.js:163:33)
    at async fetchServerResponse (webpack-internal:///(app-pages-browser)/./node_modules/next/dist/client/components/router-reducer/fetch-server-response.js:88:21) @ webpack-internal:///(app-pages-browser)/./node_modules/next/dist/next-devtools/userspace/app/errors/intercept-console-error.js:56
[  348904ms] [ERROR] Failed to load resource: net::ERR_CONNECTION_REFUSED @ http://localhost:3000/product/dp-002?_rsc=9re8fPIDhkOq5UU3:0
[  348904ms] [ERROR] Failed to fetch RSC payload for http://localhost:3000/product/dp-002. Falling back to browser navigation. TypeError: Failed to fetch
    at createFetch (webpack-internal:///(app-pages-browser)/./node_modules/next/dist/client/components/router-reducer/fetch-server-response.js:163:33)
    at async fetchServerResponse (webpack-internal:///(app-pages-browser)/./node_modules/next/dist/client/components/router-reducer/fetch-server-response.js:88:21) @ webpack-internal:///(app-pages-browser)/./node_modules/next/dist/next-devtools/userspace/app/errors/intercept-console-error.js:56
[  348906ms] [ERROR] Failed to load resource: net::ERR_CONNECTION_REFUSED @ http://localhost:3000/product/dp-002?_rsc=9re8fPIDhkOq5UU3:0
[  348906ms] [ERROR] Failed to fetch RSC payload for http://localhost:3000/product/dp-002. Falling back to browser navigation. TypeError: Failed to fetch
    at createFetch (webpack-internal:///(app-pages-browser)/./node_modules/next/dist/client/components/router-reducer/fetch-server-response.js:163:33)
    at async fetchServerResponse (webpack-internal:///(app-pages-browser)/./node_modules/next/dist/client/components/router-reducer/fetch-server-response.js:88:21) @ webpack-internal:///(app-pages-browser)/./node_modules/next/dist/next-devtools/userspace/app/errors/intercept-console-error.js:56
[  348907ms] [ERROR] Failed to load resource: net::ERR_CONNECTION_REFUSED @ http://localhost:3000/product/dp-002?_rsc=9re8fPIDhkOq5UU3:0
[  348907ms] [ERROR] Failed to fetch RSC payload for http://localhost:3000/product/dp-002. Falling back to browser navigation. TypeError: Failed to fetch
    at createFetch (webpack-internal:///(app-pages-browser)/./node_modules/next/dist/client/components/router-reducer/fetch-server-response.js:163:33)
    at async fetchServerResponse (webpack-internal:///(app-pages-browser)/./node_modules/next/dist/client/components/router-reducer/fetch-server-response.js:88:21) @ webpack-internal:///(app-pages-browser)/./node_modules/next/dist/next-devtools/userspace/app/errors/intercept-console-error.js:56
[  348908ms] [ERROR] Failed to load resource: net::ERR_CONNECTION_REFUSED @ http://localhost:3000/product/dp-002?_rsc=9re8fPIDhkOq5UU3:0
[  348908ms] [ERROR] Failed to fetch RSC payload for http://localhost:3000/product/dp-002. Falling back to browser navigation. TypeError: Failed to fetch
    at createFetch (webpack-internal:///(app-pages-browser)/./node_modules/next/dist/client/components/router-reducer/fetch-server-response.js:163:33)
    at async fetchServerResponse (webpack-internal:///(app-pages-browser)/./node_modules/next/dist/client/components/router-reducer/fetch-server-response.js:88:21) @ webpack-internal:///(app-pages-browser)/./node_modules/next/dist/next-devtools/userspace/app/errors/intercept-console-error.js:56
[  348909ms] [ERROR] Failed to load resource: net::ERR_CONNECTION_REFUSED @ http://localhost:3000/product/dp-002?_rsc=9re8fPIDhkOq5UU3:0
[  348909ms] [ERROR] Failed to fetch RSC payload for http://localhost:3000/product/dp-002. Falling back to browser navigation. TypeError: Failed to fetch
    at createFetch (webpack-internal:///(app-pages-browser)/./node_modules/next/dist/client/components/router-reducer/fetch-server-response.js:163:33)
    at async fetchServerResponse (webpack-internal:///(app-pages-browser)/./node_modules/next/dist/client/components/router-reducer/fetch-server-response.js:88:21) @ webpack-internal:///(app-pages-browser)/./node_modules/next/dist/next-devtools/userspace/app/errors/intercept-console-error.js:56
[  348910ms] [ERROR] Failed to load resource: net::ERR_CONNECTION_REFUSED @ http://localhost:3000/product/dp-002?_rsc=9re8fPIDhkOq5UU3:0
[  348910ms] [ERROR] Failed to fetch RSC payload for http://localhost:3000/product/dp-002. Falling back to browser navigation. TypeError: Failed to fetch
    at createFetch (webpack-internal:///(app-pages-browser)/./node_modules/next/dist/client/components/router-reducer/fetch-server-response.js:163:33)
    at async fetchServerResponse (webpack-internal:///(app-pages-browser)/./node_modules/next/dist/client/components/router-reducer/fetch-server-response.js:88:21) @ webpack-internal:///(app-pages-browser)/./node_modules/next/dist/next-devtools/userspace/app/errors/intercept-console-error.js:56
[  348912ms] [ERROR] Failed to load resource: net::ERR_CONNECTION_REFUSED @ http://localhost:3000/product/dp-002?_rsc=9re8fPIDhkOq5UU3:0
[  348912ms] [ERROR] Failed to fetch RSC payload for http://localhost:3000/product/dp-002. Falling back to browser navigation. TypeError: Failed to fetch
    at createFetch (webpack-internal:///(app-pages-browser)/./node_modules/next/dist/client/components/router-reducer/fetch-server-response.js:163:33)
    at async fetchServerResponse (webpack-internal:///(app-pages-browser)/./node_modules/next/dist/client/components/router-reducer/fetch-server-response.js:88:21) @ webpack-internal:///(app-pages-browser)/./node_modules/next/dist/next-devtools/userspace/app/errors/intercept-console-error.js:56
[  348917ms] [ERROR] Failed to load resource: net::ERR_CONNECTION_REFUSED @ http://localhost:3000/product/dp-002?_rsc=9re8fPIDhkOq5UU3:0
[  348917ms] [ERROR] Failed to fetch RSC payload for http://localhost:3000/product/dp-002. Falling back to browser navigation. TypeError: Failed to fetch
    at createFetch (webpack-internal:///(app-pages-browser)/./node_modules/next/dist/client/components/router-reducer/fetch-server-response.js:163:33)
    at async fetchServerResponse (webpack-internal:///(app-pages-browser)/./node_modules/next/dist/client/components/router-reducer/fetch-server-response.js:88:21) @ webpack-internal:///(app-pages-browser)/./node_modules/next/dist/next-devtools/userspace/app/errors/intercept-console-error.js:56
[  348918ms] [ERROR] Failed to load resource: net::ERR_CONNECTION_REFUSED @ http://localhost:3000/product/dp-002?_rsc=9re8fPIDhkOq5UU3:0
[  348919ms] [ERROR] Failed to fetch RSC payload for http://localhost:3000/product/dp-002. Falling back to browser navigation. TypeError: Failed to fetch
    at createFetch (webpack-internal:///(app-pages-browser)/./node_modules/next/dist/client/components/router-reducer/fetch-server-response.js:163:33)
    at async fetchServerResponse (webpack-internal:///(app-pages-browser)/./node_modules/next/dist/client/components/router-reducer/fetch-server-response.js:88:21) @ webpack-internal:///(app-pages-browser)/./node_modules/next/dist/next-devtools/userspace/app/errors/intercept-console-error.js:56
[  348920ms] [ERROR] Failed to load resource: net::ERR_CONNECTION_REFUSED @ http://localhost:3000/product/dp-002?_rsc=9re8fPIDhkOq5UU3:0
[  348920ms] [ERROR] Failed to fetch RSC payload for http://localhost:3000/product/dp-002. Falling back to browser navigation. TypeError: Failed to fetch
    at createFetch (webpack-internal:///(app-pages-browser)/./node_modules/next/dist/client/components/router-reducer/fetch-server-response.js:163:33)
    at async fetchServerResponse (webpack-internal:///(app-pages-browser)/./node_modules/next/dist/client/components/router-reducer/fetch-server-response.js:88:21) @ webpack-internal:///(app-pages-browser)/./node_modules/next/dist/next-devtools/userspace/app/errors/intercept-console-error.js:56
[  348922ms] [ERROR] Failed to load resource: net::ERR_CONNECTION_REFUSED @ http://localhost:3000/product/dp-002?_rsc=9re8fPIDhkOq5UU3:0
[  348922ms] [ERROR] Failed to fetch RSC payload for http://localhost:3000/product/dp-002. Falling back to browser navigation. TypeError: Failed to fetch
    at createFetch (webpack-internal:///(app-pages-browser)/./node_modules/next/dist/client/components/router-reducer/fetch-server-response.js:163:33)
    at async fetchServerResponse (webpack-internal:///(app-pages-browser)/./node_modules/next/dist/client/components/router-reducer/fetch-server-response.js:88:21) @ webpack-internal:///(app-pages-browser)/./node_modules/next/dist/next-devtools/userspace/app/errors/intercept-console-error.js:56
[  348924ms] [ERROR] Failed to load resource: net::ERR_CONNECTION_REFUSED @ http://localhost:3000/product/dp-002?_rsc=9re8fPIDhkOq5UU3:0
[  348924ms] [ERROR] Failed to fetch RSC payload for http://localhost:3000/product/dp-002. Falling back to browser navigation. TypeError: Failed to fetch
    at createFetch (webpack-internal:///(app-pages-browser)/./node_modules/next/dist/client/components/router-reducer/fetch-server-response.js:163:33)
    at async fetchServerResponse (webpack-internal:///(app-pages-browser)/./node_modules/next/dist/client/components/router-reducer/fetch-server-response.js:88:21) @ webpack-internal:///(app-pages-browser)/./node_modules/next/dist/next-devtools/userspace/app/errors/intercept-console-error.js:56
[  348926ms] [ERROR] Failed to load resource: net::ERR_CONNECTION_REFUSED @ http://localhost:3000/product/dp-002?_rsc=9re8fPIDhkOq5UU3:0
[  348926ms] [ERROR] Failed to fetch RSC payload for http://localhost:3000/product/dp-002. Falling back to browser navigation. TypeError: Failed to fetch
    at createFetch (webpack-internal:///(app-pages-browser)/./node_modules/next/dist/client/components/router-reducer/fetch-server-response.js:163:33)
    at async fetchServerResponse (webpack-internal:///(app-pages-browser)/./node_modules/next/dist/client/components/router-reducer/fetch-server-response.js:88:21) @ webpack-internal:///(app-pages-browser)/./node_modules/next/dist/next-devtools/userspace/app/errors/intercept-console-error.js:56
[  348927ms] [ERROR] Failed to load resource: net::ERR_CONNECTION_REFUSED @ http://localhost:3000/product/dp-002?_rsc=9re8fPIDhkOq5UU3:0
[  348927ms] [ERROR] Failed to fetch RSC payload for http://localhost:3000/product/dp-002. Falling back to browser navigation. TypeError: Failed to fetch
    at createFetch (webpack-internal:///(app-pages-browser)/./node_modules/next/dist/client/components/router-reducer/fetch-server-response.js:163:33)
    at async fetchServerResponse (webpack-internal:///(app-pages-browser)/./node_modules/next/dist/client/components/router-reducer/fetch-server-response.js:88:21) @ webpack-internal:///(app-pages-browser)/./node_modules/next/dist/next-devtools/userspace/app/errors/intercept-console-error.js:56
[  348929ms] [ERROR] Failed to load resource: net::ERR_CONNECTION_REFUSED @ http://localhost:3000/product/dp-002?_rsc=9re8fPIDhkOq5UU3:0
[  348929ms] [ERROR] Failed to fetch RSC payload for http://localhost:3000/product/dp-002. Falling back to browser navigation. TypeError: Failed to fetch
    at createFetch (webpack-internal:///(app-pages-browser)/./node_modules/next/dist/client/components/router-reducer/fetch-server-response.js:163:33)
    at async fetchServerResponse (webpack-internal:///(app-pages-browser)/./node_modules/next/dist/client/components/router-reducer/fetch-server-response.js:88:21) @ webpack-internal:///(app-pages-browser)/./node_modules/next/dist/next-devtools/userspace/app/errors/intercept-console-error.js:56
[  348936ms] [ERROR] Failed to load resource: net::ERR_CONNECTION_REFUSED @ http://localhost:3000/product/dp-002?_rsc=9re8fPIDhkOq5UU3:0
[  348936ms] [ERROR] Failed to fetch RSC payload for http://localhost:3000/product/dp-002. Falling back to browser navigation. TypeError: Failed to fetch
    at createFetch (webpack-internal:///(app-pages-browser)/./node_modules/next/dist/client/components/router-reducer/fetch-server-response.js:163:33)
    at async fetchServerResponse (webpack-internal:///(app-pages-browser)/./node_modules/next/dist/client/components/router-reducer/fetch-server-response.js:88:21) @ webpack-internal:///(app-pages-browser)/./node_modules/next/dist/next-devtools/userspace/app/errors/intercept-console-error.js:56
[  348937ms] [ERROR] Failed to load resource: net::ERR_CONNECTION_REFUSED @ http://localhost:3000/product/dp-002?_rsc=9re8fPIDhkOq5UU3:0
[  348937ms] [ERROR] Failed to fetch RSC payload for http://localhost:3000/product/dp-002. Falling back to browser navigation. TypeError: Failed to fetch
    at createFetch (webpack-internal:///(app-pages-browser)/./node_modules/next/dist/client/components/router-reducer/fetch-server-response.js:163:33)
    at async fetchServerResponse (webpack-internal:///(app-pages-browser)/./node_modules/next/dist/client/components/router-reducer/fetch-server-response.js:88:21) @ webpack-internal:///(app-pages-browser)/./node_modules/next/dist/next-devtools/userspace/app/errors/intercept-console-error.js:56
[  348939ms] [ERROR] Failed to load resource: net::ERR_CONNECTION_REFUSED @ http://localhost:3000/product/dp-002?_rsc=9re8fPIDhkOq5UU3:0
[  348939ms] [ERROR] Failed to fetch RSC payload for http://localhost:3000/product/dp-002. Falling back to browser navigation. TypeError: Failed to fetch
    at createFetch (webpack-internal:///(app-pages-browser)/./node_modules/next/dist/client/components/router-reducer/fetch-server-response.js:163:33)
    at async fetchServerResponse (webpack-internal:///(app-pages-browser)/./node_modules/next/dist/client/components/router-reducer/fetch-server-response.js:88:21) @ webpack-internal:///(app-pages-browser)/./node_modules/next/dist/next-devtools/userspace/app/errors/intercept-console-error.js:56
[  348940ms] [ERROR] Failed to load resource: net::ERR_CONNECTION_REFUSED @ http://localhost:3000/product/dp-002?_rsc=9re8fPIDhkOq5UU3:0
[  348940ms] [ERROR] Failed to fetch RSC payload for http://localhost:3000/product/dp-002. Falling back to browser navigation. TypeError: Failed to fetch
    at createFetch (webpack-internal:///(app-pages-browser)/./node_modules/next/dist/client/components/router-reducer/fetch-server-response.js:163:33)
    at async fetchServerResponse (webpack-internal:///(app-pages-browser)/./node_modules/next/dist/client/components/router-reducer/fetch-server-response.js:88:21) @ webpack-internal:///(app-pages-browser)/./node_modules/next/dist/next-devtools/userspace/app/errors/intercept-console-error.js:56
[  348941ms] [ERROR] Failed to load resource: net::ERR_CONNECTION_REFUSED @ http://localhost:3000/product/dp-002?_rsc=9re8fPIDhkOq5UU3:0
[  348942ms] [ERROR] Failed to fetch RSC payload for http://localhost:3000/product/dp-002. Falling back to browser navigation. TypeError: Failed to fetch
    at createFetch (webpack-internal:///(app-pages-browser)/./node_modules/next/dist/client/components/router-reducer/fetch-server-response.js:163:33)
    at async fetchServerResponse (webpack-internal:///(app-pages-browser)/./node_modules/next/dist/client/components/router-reducer/fetch-server-response.js:88:21) @ webpack-internal:///(app-pages-browser)/./node_modules/next/dist/next-devtools/userspace/app/errors/intercept-console-error.js:56
[  365662ms] [INFO] %cDownload the React DevTools for a better development experience: https://react.dev/link/react-devtools font-weight:bold @ webpack-internal:///(app-pages-browser)/./node_modules/next/dist/compiled/react-dom/cjs/react-dom-client.development.js:25630
[  368040ms] [LOG] [Fast Refresh] done in 1780070536972ms @ webpack-internal:///(app-pages-browser)/./node_modules/next/dist/client/dev/report-hmr-latency.js:13
[  368102ms] [LOG] [Fast Refresh] rebuilding @ webpack-internal:///(app-pages-browser)/./node_modules/next/dist/client/dev/hot-reloader/app/hot-reloader-app.js:196
[  368524ms] [LOG] [Fast Refresh] rebuilding @ webpack-internal:///(app-pages-browser)/./node_modules/next/dist/client/dev/hot-reloader/app/hot-reloader-app.js:196
[  368704ms] [LOG] [Fast Refresh] done in 180ms @ webpack-internal:///(app-pages-browser)/./node_modules/next/dist/client/dev/report-hmr-latency.js:13
[  369248ms] [LOG] [Fast Refresh] rebuilding @ webpack-internal:///(app-pages-browser)/./node_modules/next/dist/client/dev/hot-reloader/app/hot-reloader-app.js:196
[  369295ms] [LOG] [Fast Refresh] done in 46ms @ webpack-internal:///(app-pages-browser)/./node_modules/next/dist/client/dev/report-hmr-latency.js:13
[  369856ms] [LOG] [Fast Refresh] rebuilding @ webpack-internal:///(app-pages-browser)/./node_modules/next/dist/client/dev/hot-reloader/app/hot-reloader-app.js:196
[  369958ms] [LOG] [Fast Refresh] done in 103ms @ webpack-internal:///(app-pages-browser)/./node_modules/next/dist/client/dev/report-hmr-latency.js:13
[  370351ms] [LOG] [Fast Refresh] rebuilding @ webpack-internal:///(app-pages-browser)/./node_modules/next/dist/client/dev/hot-reloader/app/hot-reloader-app.js:196
[  370517ms] [LOG] [Fast Refresh] done in 165ms @ webpack-internal:///(app-pages-browser)/./node_modules/next/dist/client/dev/report-hmr-latency.js:13
[  370715ms] [LOG] [Fast Refresh] rebuilding @ webpack-internal:///(app-pages-browser)/./node_modules/next/dist/client/dev/hot-reloader/app/hot-reloader-app.js:196
[  370739ms] [LOG] [Fast Refresh] done in 25ms @ webpack-internal:///(app-pages-browser)/./node_modules/next/dist/client/dev/report-hmr-latency.js:13
[  370865ms] [LOG] [Fast Refresh] rebuilding @ webpack-internal:///(app-pages-browser)/./node_modules/next/dist/client/dev/hot-reloader/app/hot-reloader-app.js:196
[  370883ms] [LOG] [Fast Refresh] done in 19ms @ webpack-internal:///(app-pages-browser)/./node_modules/next/dist/client/dev/report-hmr-latency.js:13
